DD/MM/YYYY HH:MM,ID1 (EUR/MWh)
01/01/2024 00:00,0.98
01/01/2024 00:15,0.46
01/01/2024 00:30,-4.01
01/01/2024 00:45,3.85
01/01/2024 01:00,1.26
01/01/2024 01:15,-7.31
01/01/2024 01:30,-1.99
01/01/2024 01:45,-2.57
01/01/2024 02:00,4.04
01/01/2024 02:15,1.45
01/01/2024 02:30,1.87
01/01/2024 02:45,0.39
01/01/2024 03:00,8.43
01/01/2024 03:15,5.54
01/01/2024 03:30,3.74
01/01/2024 03:45,4.87
01/01/2024 04:00,4.42
01/01/2024 04:15,11.72
01/01/2024 04:30,21.13
01/01/2024 04:45,11.51
01/01/2024 05:00,8.55
01/01/2024 05:15,6.25
01/01/2024 05:30,13.67
01/01/2024 05:45,29.62
01/01/2024 06:00,-4.36
01/01/2024 06:15,-1.8
01/01/2024 06:30,4.29
01/01/2024 06:45,10.44
01/01/2024 07:00,-2.26
01/01/2024 07:15,9.25
01/01/2024 07:30,29.04
01/01/2024 07:45,41.12
01/01/2024 08:00,13.72
01/01/2024 08:15,23.89
01/01/2024 08:30,12.71
01/01/2024 08:45,2.83
01/01/2024 09:00,-0.33
01/01/2024 09:15,-0.61
01/01/2024 09:30,-1.74
01/01/2024 09:45,-7.49
01/01/2024 10:00,0.94
01/01/2024 10:15,-3.18
01/01/2024 10:30,-4.58
01/01/2024 10:45,-9.05
01/01/2024 11:00,18.84
01/01/2024 11:15,3.05
01/01/2024 11:30,-3.37
01/01/2024 11:45,-2.25
01/01/2024 12:00,1.79
01/01/2024 12:15,-8.97
01/01/2024 12:30,-7.8
01/01/2024 12:45,-5.63
01/01/2024 13:00,-8.7
01/01/2024 13:15,-20.4
01/01/2024 13:30,-15.91
01/01/2024 13:45,-6.21
01/01/2024 14:00,-2.2
01/01/2024 14:15,16.24
01/01/2024 14:30,32.22
01/01/2024 14:45,49.84
01/01/2024 15:00,32.77
01/01/2024 15:15,51.53
01/01/2024 15:30,60.7
01/01/2024 15:45,64.43
01/01/2024 16:00,26.21
01/01/2024 16:15,45.74
01/01/2024 16:30,64.25
01/01/2024 16:45,64.65
01/01/2024 17:00,55.47
01/01/2024 17:15,57.71
01/01/2024 17:30,52.07
01/01/2024 17:45,53.96
01/01/2024 18:00,52.02
01/01/2024 18:15,60.4
01/01/2024 18:30,59.81
01/01/2024 18:45,48.67
01/01/2024 19:00,58.87
01/01/2024 19:15,55.78
01/01/2024 19:30,52.3
01/01/2024 19:45,40.74
01/01/2024 20:00,52.85
01/01/2024 20:15,42.85
01/01/2024 20:30,38.03
01/01/2024 20:45,33.66
01/01/2024 21:00,55.92
01/01/2024 21:15,53.71
01/01/2024 21:30,51.06
01/01/2024 21:45,34.05
01/01/2024 22:00,41.71
01/01/2024 22:15,34.39
01/01/2024 22:30,9.91
01/01/2024 22:45,5.58
01/01/2024 23:00,27.74
01/01/2024 23:15,17.38
01/01/2024 23:30,6.41
01/01/2024 23:45,4.91
02/01/2024 00:00,35.32
02/01/2024 00:15,32.11
02/01/2024 00:30,21.92
02/01/2024 00:45,17.65
02/01/2024 01:00,22.05
02/01/2024 01:15,17.17
02/01/2024 01:30,19.71
02/01/2024 01:45,3.51
02/01/2024 02:00,22.54
02/01/2024 02:15,17.23
02/01/2024 02:30,3.07
02/01/2024 02:45,1.3
02/01/2024 03:00,36.63
02/01/2024 03:15,23.4
02/01/2024 03:30,24.43
02/01/2024 03:45,5.55
02/01/2024 04:00,16.26
02/01/2024 04:15,3.3
02/01/2024 04:30,1.66
02/01/2024 04:45,-10.01
02/01/2024 05:00,1.77
02/01/2024 05:15,-2.78
02/01/2024 05:30,5.69
02/01/2024 05:45,23.14
02/01/2024 06:00,3.92
02/01/2024 06:15,24.92
02/01/2024 06:30,50.63
02/01/2024 06:45,64.29
02/01/2024 07:00,31.68
02/01/2024 07:15,22.25
02/01/2024 07:30,29.28
02/01/2024 07:45,38.46
02/01/2024 08:00,37.69
02/01/2024 08:15,54.76
02/01/2024 08:30,64.82
02/01/2024 08:45,70.9
02/01/2024 09:00,72.47
02/01/2024 09:15,73.2
02/01/2024 09:30,80.56
02/01/2024 09:45,84.25
02/01/2024 10:00,79.99
02/01/2024 10:15,68.56
02/01/2024 10:30,78.49
02/01/2024 10:45,76.56
02/01/2024 11:00,61.53
02/01/2024 11:15,67.14
02/01/2024 11:30,80.73
02/01/2024 11:45,88.02
02/01/2024 12:00,80.57
02/01/2024 12:15,83.35
02/01/2024 12:30,86.59
02/01/2024 12:45,94.43
02/01/2024 13:00,78.46
02/01/2024 13:15,71.57
02/01/2024 13:30,70.62
02/01/2024 13:45,71.19
02/01/2024 14:00,68.28
02/01/2024 14:15,76.48
02/01/2024 14:30,78.33
02/01/2024 14:45,76.7
02/01/2024 15:00,80.7
02/01/2024 15:15,72.77
02/01/2024 15:30,77.59
02/01/2024 15:45,71.48
02/01/2024 16:00,91.11
02/01/2024 16:15,82.88
02/01/2024 16:30,82.02
02/01/2024 16:45,78
02/01/2024 17:00,89.43
02/01/2024 17:15,76.68
02/01/2024 17:30,86.05
02/01/2024 17:45,66.43
02/01/2024 18:00,78.48
02/01/2024 18:15,70.81
02/01/2024 18:30,76.4
02/01/2024 18:45,72.23
02/01/2024 19:00,74.66
02/01/2024 19:15,64.36
02/01/2024 19:30,47.07
02/01/2024 19:45,41.3
02/01/2024 20:00,53.83
02/01/2024 20:15,32.87
02/01/2024 20:30,18.8
02/01/2024 20:45,21.22
02/01/2024 21:00,62.06
02/01/2024 21:15,55.18
02/01/2024 21:30,46.22
02/01/2024 21:45,46.68
02/01/2024 22:00,34.35
02/01/2024 22:15,32.76
02/01/2024 22:30,37.26
02/01/2024 22:45,64.68
02/01/2024 23:00,83.56
02/01/2024 23:15,41.14
02/01/2024 23:30,22.41
02/01/2024 23:45,6.25
03/01/2024 00:00,67.56
03/01/2024 00:15,50.17
03/01/2024 00:30,40.43
03/01/2024 00:45,4.57
03/01/2024 01:00,37.18
03/01/2024 01:15,9.53
03/01/2024 01:30,22.31
03/01/2024 01:45,7.16
03/01/2024 02:00,52.09
03/01/2024 02:15,8.85
03/01/2024 02:30,4.7
03/01/2024 02:45,3.1
03/01/2024 03:00,14.59
03/01/2024 03:15,2.12
03/01/2024 03:30,-1.65
03/01/2024 03:45,-2.59
03/01/2024 04:00,2.43
03/01/2024 04:15,-0.28
03/01/2024 04:30,3.87
03/01/2024 04:45,24.51
03/01/2024 05:00,-7.32
03/01/2024 05:15,-1.6
03/01/2024 05:30,11.59
03/01/2024 05:45,14.28
03/01/2024 06:00,-0.7
03/01/2024 06:15,18.16
03/01/2024 06:30,45.25
03/01/2024 06:45,61.72
03/01/2024 07:00,33.87
03/01/2024 07:15,58.33
03/01/2024 07:30,69.11
03/01/2024 07:45,71.76
03/01/2024 08:00,45.73
03/01/2024 08:15,64.84
03/01/2024 08:30,75.54
03/01/2024 08:45,78.24
03/01/2024 09:00,76.15
03/01/2024 09:15,77.37
03/01/2024 09:30,80.82
03/01/2024 09:45,72.01
03/01/2024 10:00,82.84
03/01/2024 10:15,79.44
03/01/2024 10:30,61.23
03/01/2024 10:45,46.13
03/01/2024 11:00,61.67
03/01/2024 11:15,41.85
03/01/2024 11:30,31.06
03/01/2024 11:45,22.29
03/01/2024 12:00,40.79
03/01/2024 12:15,60.25
03/01/2024 12:30,64.35
03/01/2024 12:45,71.11
03/01/2024 13:00,69.25
03/01/2024 13:15,78.92
03/01/2024 13:30,71.7
03/01/2024 13:45,73.01
03/01/2024 14:00,46.23
03/01/2024 14:15,64.29
03/01/2024 14:30,66.27
03/01/2024 14:45,66.01
03/01/2024 15:00,26.07
03/01/2024 15:15,39.99
03/01/2024 15:30,71.84
03/01/2024 15:45,90.42
03/01/2024 16:00,64.4
03/01/2024 16:15,76.96
03/01/2024 16:30,91.52
03/01/2024 16:45,92.75
03/01/2024 17:00,68.97
03/01/2024 17:15,88.03
03/01/2024 17:30,99.13
03/01/2024 17:45,105.51
03/01/2024 18:00,91
03/01/2024 18:15,86.13
03/01/2024 18:30,87.07
03/01/2024 18:45,88.51
03/01/2024 19:00,92.21
03/01/2024 19:15,83.04
03/01/2024 19:30,71.82
03/01/2024 19:45,71.02
03/01/2024 20:00,104.83
03/01/2024 20:15,92.78
03/01/2024 20:30,77.12
03/01/2024 20:45,75.99
03/01/2024 21:00,101.38
03/01/2024 21:15,74.92
03/01/2024 21:30,65.17
03/01/2024 21:45,45.31
03/01/2024 22:00,80.38
03/01/2024 22:15,60.81
03/01/2024 22:30,62.04
03/01/2024 22:45,60.33
03/01/2024 23:00,94.36
03/01/2024 23:15,81.77
03/01/2024 23:30,60.7
03/01/2024 23:45,56.48
04/01/2024 00:00,85.09
04/01/2024 00:15,69.82
04/01/2024 00:30,59.85
04/01/2024 00:45,57.67
04/01/2024 01:00,71.67
04/01/2024 01:15,59.35
04/01/2024 01:30,31.24
04/01/2024 01:45,-6.29
04/01/2024 02:00,49.09
04/01/2024 02:15,34.01
04/01/2024 02:30,-6.34
04/01/2024 02:45,-3.33
04/01/2024 03:00,5.14
04/01/2024 03:15,-2.49
04/01/2024 03:30,-0.85
04/01/2024 03:45,0.54
04/01/2024 04:00,-0.63
04/01/2024 04:15,-2.5
04/01/2024 04:30,-0.86
04/01/2024 04:45,21.45
04/01/2024 05:00,4.29
04/01/2024 05:15,37.13
04/01/2024 05:30,70.03
04/01/2024 05:45,72.98
04/01/2024 06:00,52.27
04/01/2024 06:15,62.42
04/01/2024 06:30,87.07
04/01/2024 06:45,90.57
04/01/2024 07:00,61.55
04/01/2024 07:15,92.42
04/01/2024 07:30,95.61
04/01/2024 07:45,102.27
04/01/2024 08:00,59.44
04/01/2024 08:15,69.77
04/01/2024 08:30,92.68
04/01/2024 08:45,96.89
04/01/2024 09:00,101.19
04/01/2024 09:15,103.98
04/01/2024 09:30,98.39
04/01/2024 09:45,53.89
04/01/2024 10:00,78.28
04/01/2024 10:15,58.74
04/01/2024 10:30,53.62
04/01/2024 10:45,47.08
04/01/2024 11:00,78.84
04/01/2024 11:15,86.35
04/01/2024 11:30,105.21
04/01/2024 11:45,112.57
04/01/2024 12:00,104.52
04/01/2024 12:15,90.98
04/01/2024 12:30,83.56
04/01/2024 12:45,102.98
04/01/2024 13:00,70.23
04/01/2024 13:15,80.42
04/01/2024 13:30,80.31
04/01/2024 13:45,82.6
04/01/2024 14:00,78.52
04/01/2024 14:15,83.86
04/01/2024 14:30,105.23
04/01/2024 14:45,112.54
04/01/2024 15:00,83.6
04/01/2024 15:15,96.21
04/01/2024 15:30,109.77
04/01/2024 15:45,107.57
04/01/2024 16:00,82.11
04/01/2024 16:15,91.74
04/01/2024 16:30,116.31
04/01/2024 16:45,123.75
04/01/2024 17:00,90.5
04/01/2024 17:15,97.05
04/01/2024 17:30,154.31
04/01/2024 17:45,223.98
04/01/2024 18:00,180.82
04/01/2024 18:15,187.37
04/01/2024 18:30,191.75
04/01/2024 18:45,176.88
04/01/2024 19:00,144.05
04/01/2024 19:15,97.97
04/01/2024 19:30,93.53
04/01/2024 19:45,97.95
04/01/2024 20:00,131.85
04/01/2024 20:15,108.11
04/01/2024 20:30,83.67
04/01/2024 20:45,77.34
04/01/2024 21:00,100.95
04/01/2024 21:15,88.72
04/01/2024 21:30,73.3
04/01/2024 21:45,77.01
04/01/2024 22:00,103.04
04/01/2024 22:15,89.16
04/01/2024 22:30,84.23
04/01/2024 22:45,64.74
04/01/2024 23:00,96.05
04/01/2024 23:15,83.26
04/01/2024 23:30,62.61
04/01/2024 23:45,61.56
05/01/2024 00:00,113.69
05/01/2024 00:15,103.54
05/01/2024 00:30,81.27
05/01/2024 00:45,77.84
05/01/2024 01:00,96.21
05/01/2024 01:15,82.83
05/01/2024 01:30,79.56
05/01/2024 01:45,70.63
05/01/2024 02:00,97.59
05/01/2024 02:15,89.65
05/01/2024 02:30,80.13
05/01/2024 02:45,66.17
05/01/2024 03:00,83.64
05/01/2024 03:15,73.78
05/01/2024 03:30,63.49
05/01/2024 03:45,60.63
05/01/2024 04:00,62.34
05/01/2024 04:15,57.72
05/01/2024 04:30,53.61
05/01/2024 04:45,53.06
05/01/2024 05:00,64.6
05/01/2024 05:15,73.62
05/01/2024 05:30,83.07
05/01/2024 05:45,86.92
05/01/2024 06:00,76.06
05/01/2024 06:15,89.23
05/01/2024 06:30,91.01
05/01/2024 06:45,77.1
05/01/2024 07:00,73.47
05/01/2024 07:15,78.86
05/01/2024 07:30,86.27
05/01/2024 07:45,96.51
05/01/2024 08:00,97.52
05/01/2024 08:15,99.31
05/01/2024 08:30,92.09
05/01/2024 08:45,85.04
05/01/2024 09:00,87.48
05/01/2024 09:15,85.78
05/01/2024 09:30,87.14
05/01/2024 09:45,83.74
05/01/2024 10:00,106.7
05/01/2024 10:15,99.25
05/01/2024 10:30,78.53
05/01/2024 10:45,69.26
05/01/2024 11:00,87.22
05/01/2024 11:15,81.83
05/01/2024 11:30,77.47
05/01/2024 11:45,75.55
05/01/2024 12:00,93.69
05/01/2024 12:15,94.49
05/01/2024 12:30,83.68
05/01/2024 12:45,89.21
05/01/2024 13:00,79.11
05/01/2024 13:15,89.33
05/01/2024 13:30,96.29
05/01/2024 13:45,97.92
05/01/2024 14:00,103.94
05/01/2024 14:15,101.66
05/01/2024 14:30,104.53
05/01/2024 14:45,111.74
05/01/2024 15:00,83.09
05/01/2024 15:15,80.52
05/01/2024 15:30,96.4
05/01/2024 15:45,107
05/01/2024 16:00,87.79
05/01/2024 16:15,102.3
05/01/2024 16:30,113.68
05/01/2024 16:45,123.59
05/01/2024 17:00,104.07
05/01/2024 17:15,106.39
05/01/2024 17:30,119.18
05/01/2024 17:45,113.41
05/01/2024 18:00,111.56
05/01/2024 18:15,96.38
05/01/2024 18:30,98.27
05/01/2024 18:45,92.56
05/01/2024 19:00,116.33
05/01/2024 19:15,103.06
05/01/2024 19:30,96.86
05/01/2024 19:45,85.51
05/01/2024 20:00,110.11
05/01/2024 20:15,97.09
05/01/2024 20:30,88.46
05/01/2024 20:45,85.49
05/01/2024 21:00,105.52
05/01/2024 21:15,93.72
05/01/2024 21:30,87.44
05/01/2024 21:45,80.46
05/01/2024 22:00,116.92
05/01/2024 22:15,97.57
05/01/2024 22:30,94.46
05/01/2024 22:45,92.02
05/01/2024 23:00,86.2
05/01/2024 23:15,89.69
05/01/2024 23:30,93.82
05/01/2024 23:45,92.64
06/01/2024 00:00,117.99
06/01/2024 00:15,108.64
06/01/2024 00:30,101.61
06/01/2024 00:45,97.72
06/01/2024 01:00,99.89
06/01/2024 01:15,95.1
06/01/2024 01:30,93.13
06/01/2024 01:45,84.28
06/01/2024 02:00,90.22
06/01/2024 02:15,90.39
06/01/2024 02:30,92.97
06/01/2024 02:45,95.84
06/01/2024 03:00,89.11
06/01/2024 03:15,85.53
06/01/2024 03:30,107.72
06/01/2024 03:45,107.2
06/01/2024 04:00,88.08
06/01/2024 04:15,96.62
06/01/2024 04:30,99.64
06/01/2024 04:45,103.6
06/01/2024 05:00,87.27
06/01/2024 05:15,84.89
06/01/2024 05:30,96.53
06/01/2024 05:45,96
06/01/2024 06:00,69.07
06/01/2024 06:15,88.76
06/01/2024 06:30,106.78
06/01/2024 06:45,99.28
06/01/2024 07:00,81.25
06/01/2024 07:15,83.83
06/01/2024 07:30,86.37
06/01/2024 07:45,101.94
06/01/2024 08:00,78.28
06/01/2024 08:15,93.62
06/01/2024 08:30,91.95
06/01/2024 08:45,107.12
06/01/2024 09:00,74.29
06/01/2024 09:15,87.96
06/01/2024 09:30,81.86
06/01/2024 09:45,85.75
06/01/2024 10:00,79.05
06/01/2024 10:15,81.07
06/01/2024 10:30,85.4
06/01/2024 10:45,91.72
06/01/2024 11:00,95.17
06/01/2024 11:15,108.06
06/01/2024 11:30,111.32
06/01/2024 11:45,112.65
06/01/2024 12:00,103.07
06/01/2024 12:15,90.33
06/01/2024 12:30,92.52
06/01/2024 12:45,93.09
06/01/2024 13:00,102
06/01/2024 13:15,99.26
06/01/2024 13:30,92.82
06/01/2024 13:45,87.9
06/01/2024 14:00,116.91
06/01/2024 14:15,117.11
06/01/2024 14:30,111.53
06/01/2024 14:45,106.11
06/01/2024 15:00,84.65
06/01/2024 15:15,88.78
06/01/2024 15:30,103.64
06/01/2024 15:45,106.87
06/01/2024 16:00,93.17
06/01/2024 16:15,91.15
06/01/2024 16:30,105.16
06/01/2024 16:45,122.91
06/01/2024 17:00,111.12
06/01/2024 17:15,112.8
06/01/2024 17:30,115.22
06/01/2024 17:45,117.24
06/01/2024 18:00,117.42
06/01/2024 18:15,149.76
06/01/2024 18:30,166.37
06/01/2024 18:45,134.48
06/01/2024 19:00,149.66
06/01/2024 19:15,110.11
06/01/2024 19:30,131.05
06/01/2024 19:45,112.1
06/01/2024 20:00,128.94
06/01/2024 20:15,90.42
06/01/2024 20:30,84.23
06/01/2024 20:45,75.2
06/01/2024 21:00,131.62
06/01/2024 21:15,113.5
06/01/2024 21:30,94.75
06/01/2024 21:45,82.28
06/01/2024 22:00,103.27
06/01/2024 22:15,85.65
06/01/2024 22:30,96.85
06/01/2024 22:45,89.91
06/01/2024 23:00,97.95
06/01/2024 23:15,85.54
06/01/2024 23:30,93.45
06/01/2024 23:45,82.94
07/01/2024 00:00,115.68
07/01/2024 00:15,108.08
07/01/2024 00:30,88.38
07/01/2024 00:45,77.38
07/01/2024 01:00,88.66
07/01/2024 01:15,86.28
07/01/2024 01:30,88.52
07/01/2024 01:45,83.85
07/01/2024 02:00,87.08
07/01/2024 02:15,81.47
07/01/2024 02:30,79.3
07/01/2024 02:45,83.49
07/01/2024 03:00,104.88
07/01/2024 03:15,90.1
07/01/2024 03:30,78.34
07/01/2024 03:45,72.42
07/01/2024 04:00,83.58
07/01/2024 04:15,79.16
07/01/2024 04:30,84.1
07/01/2024 04:45,86.18
07/01/2024 05:00,85.68
07/01/2024 05:15,83.74
07/01/2024 05:30,86.6
07/01/2024 05:45,85.86
07/01/2024 06:00,70.77
07/01/2024 06:15,76.67
07/01/2024 06:30,85.73
07/01/2024 06:45,88.6
07/01/2024 07:00,60.02
07/01/2024 07:15,77.06
07/01/2024 07:30,80.22
07/01/2024 07:45,83.64
07/01/2024 08:00,64.74
07/01/2024 08:15,81.05
07/01/2024 08:30,89.06
07/01/2024 08:45,89.43
07/01/2024 09:00,85.71
07/01/2024 09:15,105.96
07/01/2024 09:30,108.45
07/01/2024 09:45,101.28
07/01/2024 10:00,94.74
07/01/2024 10:15,99.65
07/01/2024 10:30,108.52
07/01/2024 10:45,104.51
07/01/2024 11:00,113.23
07/01/2024 11:15,115.78
07/01/2024 11:30,121.63
07/01/2024 11:45,115.52
07/01/2024 12:00,119.53
07/01/2024 12:15,111.96
07/01/2024 12:30,116.1
07/01/2024 12:45,111.81
07/01/2024 13:00,121.52
07/01/2024 13:15,117.76
07/01/2024 13:30,115.54
07/01/2024 13:45,119.67
07/01/2024 14:00,122.85
07/01/2024 14:15,129.28
07/01/2024 14:30,127.62
07/01/2024 14:45,128
07/01/2024 15:00,104.5
07/01/2024 15:15,112.26
07/01/2024 15:30,122
07/01/2024 15:45,131.27
07/01/2024 16:00,131.81
07/01/2024 16:15,134.89
07/01/2024 16:30,132.88
07/01/2024 16:45,135.02
07/01/2024 17:00,117.3
07/01/2024 17:15,107.11
07/01/2024 17:30,109.42
07/01/2024 17:45,107.09
07/01/2024 18:00,116.03
07/01/2024 18:15,118.47
07/01/2024 18:30,104.14
07/01/2024 18:45,84.65
07/01/2024 19:00,98.18
07/01/2024 19:15,85.65
07/01/2024 19:30,78.89
07/01/2024 19:45,77.37
07/01/2024 20:00,95.84
07/01/2024 20:15,83.97
07/01/2024 20:30,78.21
07/01/2024 20:45,82
07/01/2024 21:00,96.91
07/01/2024 21:15,86.29
07/01/2024 21:30,103.63
07/01/2024 21:45,109.16
07/01/2024 22:00,116.41
07/01/2024 22:15,93.36
07/01/2024 22:30,88.27
07/01/2024 22:45,87.03
07/01/2024 23:00,98.05
07/01/2024 23:15,80.02
07/01/2024 23:30,74.12
07/01/2024 23:45,69.47
08/01/2024 00:00,85.74
08/01/2024 00:15,83.99
08/01/2024 00:30,50.08
08/01/2024 00:45,30.49
08/01/2024 01:00,92.36
08/01/2024 01:15,65.38
08/01/2024 01:30,41.2
08/01/2024 01:45,34.22
08/01/2024 02:00,84.15
08/01/2024 02:15,53.56
08/01/2024 02:30,56.09
08/01/2024 02:45,19.58
08/01/2024 03:00,50.7
08/01/2024 03:15,48.82
08/01/2024 03:30,32.09
08/01/2024 03:45,41.18
08/01/2024 04:00,36.23
08/01/2024 04:15,56.4
08/01/2024 04:30,48.23
08/01/2024 04:45,56.86
08/01/2024 05:00,71.36
08/01/2024 05:15,74.7
08/01/2024 05:30,88.57
08/01/2024 05:45,92.24
08/01/2024 06:00,73.92
08/01/2024 06:15,77.08
08/01/2024 06:30,83.98
08/01/2024 06:45,100.53
08/01/2024 07:00,80
08/01/2024 07:15,82.33
08/01/2024 07:30,98.81
08/01/2024 07:45,110.85
08/01/2024 08:00,90.42
08/01/2024 08:15,104.49
08/01/2024 08:30,119.71
08/01/2024 08:45,118.97
08/01/2024 09:00,111.92
08/01/2024 09:15,102.14
08/01/2024 09:30,91.45
08/01/2024 09:45,98.64
08/01/2024 10:00,143.45
08/01/2024 10:15,110.63
08/01/2024 10:30,112.92
08/01/2024 10:45,96.72
08/01/2024 11:00,140.76
08/01/2024 11:15,145.29
08/01/2024 11:30,110.3
08/01/2024 11:45,101.95
08/01/2024 12:00,127.98
08/01/2024 12:15,105.17
08/01/2024 12:30,101.33
08/01/2024 12:45,99.19
08/01/2024 13:00,107.93
08/01/2024 13:15,101.04
08/01/2024 13:30,92.53
08/01/2024 13:45,92.02
08/01/2024 14:00,79.02
08/01/2024 14:15,72.69
08/01/2024 14:30,82.44
08/01/2024 14:45,110.07
08/01/2024 15:00,69.64
08/01/2024 15:15,80.34
08/01/2024 15:30,87.98
08/01/2024 15:45,94.09
08/01/2024 16:00,68.87
08/01/2024 16:15,79.24
08/01/2024 16:30,96.75
08/01/2024 16:45,95.96
08/01/2024 17:00,91.16
08/01/2024 17:15,90.77
08/01/2024 17:30,98.59
08/01/2024 17:45,107.5
08/01/2024 18:00,123.57
08/01/2024 18:15,111.26
08/01/2024 18:30,107.84
08/01/2024 18:45,100.32
08/01/2024 19:00,91.69
08/01/2024 19:15,94.02
08/01/2024 19:30,94.12
08/01/2024 19:45,94.9
08/01/2024 20:00,107.59
08/01/2024 20:15,92.7
08/01/2024 20:30,85.96
08/01/2024 20:45,75.76
08/01/2024 21:00,116.78
08/01/2024 21:15,106.54
08/01/2024 21:30,90.91
08/01/2024 21:45,84.38
08/01/2024 22:00,113.59
08/01/2024 22:15,84.63
08/01/2024 22:30,77.9
08/01/2024 22:45,75.35
08/01/2024 23:00,92.73
08/01/2024 23:15,92.17
08/01/2024 23:30,93.86
08/01/2024 23:45,81.22
09/01/2024 00:00,97.2
09/01/2024 00:15,96.56
09/01/2024 00:30,86.05
09/01/2024 00:45,85.4
09/01/2024 01:00,84.74
09/01/2024 01:15,85.4
09/01/2024 01:30,79.73
09/01/2024 01:45,86.93
09/01/2024 02:00,79.2
09/01/2024 02:15,77.51
09/01/2024 02:30,83.06
09/01/2024 02:45,93.39
09/01/2024 03:00,78.9
09/01/2024 03:15,78.84
09/01/2024 03:30,78.33
09/01/2024 03:45,86.91
09/01/2024 04:00,79.45
09/01/2024 04:15,77.83
09/01/2024 04:30,71.56
09/01/2024 04:45,70.83
09/01/2024 05:00,62.95
09/01/2024 05:15,64.79
09/01/2024 05:30,74.77
09/01/2024 05:45,84.17
09/01/2024 06:00,79.45
09/01/2024 06:15,88.25
09/01/2024 06:30,106.07
09/01/2024 06:45,128.11
09/01/2024 07:00,87.83
09/01/2024 07:15,92.89
09/01/2024 07:30,107.62
09/01/2024 07:45,123.13
09/01/2024 08:00,110.64
09/01/2024 08:15,116.59
09/01/2024 08:30,128.3
09/01/2024 08:45,130.48
09/01/2024 09:00,173.41
09/01/2024 09:15,165.1
09/01/2024 09:30,151.74
09/01/2024 09:45,146.1
09/01/2024 10:00,217.09
09/01/2024 10:15,182.27
09/01/2024 10:30,169.22
09/01/2024 10:45,171.34
09/01/2024 11:00,174.19
09/01/2024 11:15,149.64
09/01/2024 11:30,132.09
09/01/2024 11:45,97.97
09/01/2024 12:00,105.16
09/01/2024 12:15,97.33
09/01/2024 12:30,99.38
09/01/2024 12:45,94.72
09/01/2024 13:00,96.26
09/01/2024 13:15,94.66
09/01/2024 13:30,95.99
09/01/2024 13:45,95.28
09/01/2024 14:00,84.88
09/01/2024 14:15,98.98
09/01/2024 14:30,113.76
09/01/2024 14:45,127.18
09/01/2024 15:00,105.16
09/01/2024 15:15,138.89
09/01/2024 15:30,152.6
09/01/2024 15:45,164.32
09/01/2024 16:00,121.79
09/01/2024 16:15,138.6
09/01/2024 16:30,197.03
09/01/2024 16:45,230.09
09/01/2024 17:00,122.36
09/01/2024 17:15,114.43
09/01/2024 17:30,122.55
09/01/2024 17:45,117.21
09/01/2024 18:00,142.1
09/01/2024 18:15,127.69
09/01/2024 18:30,126.56
09/01/2024 18:45,120.2
09/01/2024 19:00,137.47
09/01/2024 19:15,122.93
09/01/2024 19:30,114.24
09/01/2024 19:45,115.48
09/01/2024 20:00,142.22
09/01/2024 20:15,134
09/01/2024 20:30,122.43
09/01/2024 20:45,100.75
09/01/2024 21:00,125.47
09/01/2024 21:15,115.3
09/01/2024 21:30,109.81
09/01/2024 21:45,96.07
09/01/2024 22:00,116.81
09/01/2024 22:15,98.9
09/01/2024 22:30,99.45
09/01/2024 22:45,91.27
09/01/2024 23:00,97.44
09/01/2024 23:15,93.95
09/01/2024 23:30,89.36
09/01/2024 23:45,79.07
10/01/2024 00:00,101.97
10/01/2024 00:15,98.02
10/01/2024 00:30,82.52
10/01/2024 00:45,79.82
10/01/2024 01:00,115.87
10/01/2024 01:15,110.88
10/01/2024 01:30,100.7
10/01/2024 01:45,94.78
10/01/2024 02:00,101.69
10/01/2024 02:15,84.73
10/01/2024 02:30,80.8
10/01/2024 02:45,80.44
10/01/2024 03:00,95.35
10/01/2024 03:15,82.57
10/01/2024 03:30,80.5
10/01/2024 03:45,86.58
10/01/2024 04:00,78.36
10/01/2024 04:15,83.56
10/01/2024 04:30,90.35
10/01/2024 04:45,99.03
10/01/2024 05:00,71.89
10/01/2024 05:15,88.59
10/01/2024 05:30,100.73
10/01/2024 05:45,99.96
10/01/2024 06:00,87.26
10/01/2024 06:15,91.18
10/01/2024 06:30,138.04
10/01/2024 06:45,151.91
10/01/2024 07:00,99.2
10/01/2024 07:15,110.54
10/01/2024 07:30,130.55
10/01/2024 07:45,148.74
10/01/2024 08:00,144
10/01/2024 08:15,199.14
10/01/2024 08:30,190.08
10/01/2024 08:45,151.72
10/01/2024 09:00,472.98
10/01/2024 09:15,307.24
10/01/2024 09:30,265.9
10/01/2024 09:45,212.92
10/01/2024 10:00,264.35
10/01/2024 10:15,159.81
10/01/2024 10:30,132.07
10/01/2024 10:45,117.59
10/01/2024 11:00,159.1
10/01/2024 11:15,133.99
10/01/2024 11:30,113.94
10/01/2024 11:45,120.15
10/01/2024 12:00,163.97
10/01/2024 12:15,138.02
10/01/2024 12:30,118.87
10/01/2024 12:45,129.52
10/01/2024 13:00,118.5
10/01/2024 13:15,137.42
10/01/2024 13:30,123.75
10/01/2024 13:45,124.52
10/01/2024 14:00,91.94
10/01/2024 14:15,101.59
10/01/2024 14:30,109.05
10/01/2024 14:45,135.76
10/01/2024 15:00,105.4
10/01/2024 15:15,120.07
10/01/2024 15:30,159.13
10/01/2024 15:45,178.71
10/01/2024 16:00,130.43
10/01/2024 16:15,147.99
10/01/2024 16:30,193.27
10/01/2024 16:45,194.9
10/01/2024 17:00,136.93
10/01/2024 17:15,138.04
10/01/2024 17:30,143.83
10/01/2024 17:45,129.86
10/01/2024 18:00,131.84
10/01/2024 18:15,113.25
10/01/2024 18:30,111.74
10/01/2024 18:45,111.57
10/01/2024 19:00,127.09
10/01/2024 19:15,113.86
10/01/2024 19:30,119.23
10/01/2024 19:45,123.57
10/01/2024 20:00,141.54
10/01/2024 20:15,134.64
10/01/2024 20:30,120.73
10/01/2024 20:45,116.11
10/01/2024 21:00,137.23
10/01/2024 21:15,113.07
10/01/2024 21:30,117.53
10/01/2024 21:45,119.38
10/01/2024 22:00,112.91
10/01/2024 22:15,93.36
10/01/2024 22:30,91.47
10/01/2024 22:45,98.67
10/01/2024 23:00,107.79
10/01/2024 23:15,87.3
10/01/2024 23:30,84.71
10/01/2024 23:45,92.66
11/01/2024 00:00,93.1
11/01/2024 00:15,101.5
11/01/2024 00:30,75.64
11/01/2024 00:45,70.27
11/01/2024 01:00,103.82
11/01/2024 01:15,83.08
11/01/2024 01:30,81.69
11/01/2024 01:45,78.14
11/01/2024 02:00,111.45
11/01/2024 02:15,95.84
11/01/2024 02:30,89.72
11/01/2024 02:45,87.62
11/01/2024 03:00,100.09
11/01/2024 03:15,95.5
11/01/2024 03:30,93.58
11/01/2024 03:45,94.01
11/01/2024 04:00,93.75
11/01/2024 04:15,97.81
11/01/2024 04:30,99.7
11/01/2024 04:45,114
11/01/2024 05:00,107.84
11/01/2024 05:15,113.31
11/01/2024 05:30,106.41
11/01/2024 05:45,91.41
11/01/2024 06:00,97.31
11/01/2024 06:15,120.77
11/01/2024 06:30,137.33
11/01/2024 06:45,139.01
11/01/2024 07:00,70.74
11/01/2024 07:15,87.09
11/01/2024 07:30,115.57
11/01/2024 07:45,118.18
11/01/2024 08:00,122.93
11/01/2024 08:15,116.17
11/01/2024 08:30,118.63
11/01/2024 08:45,110.68
11/01/2024 09:00,124.6
11/01/2024 09:15,110.34
11/01/2024 09:30,99.28
11/01/2024 09:45,102.52
11/01/2024 10:00,116.19
11/01/2024 10:15,102.42
11/01/2024 10:30,91.79
11/01/2024 10:45,98.25
11/01/2024 11:00,117.95
11/01/2024 11:15,94.24
11/01/2024 11:30,89.83
11/01/2024 11:45,85.25
11/01/2024 12:00,95.37
11/01/2024 12:15,91.91
11/01/2024 12:30,93.56
11/01/2024 12:45,98.59
11/01/2024 13:00,98.19
11/01/2024 13:15,96.93
11/01/2024 13:30,93.57
11/01/2024 13:45,98.74
11/01/2024 14:00,86.67
11/01/2024 14:15,93.17
11/01/2024 14:30,105.36
11/01/2024 14:45,122.98
11/01/2024 15:00,90.56
11/01/2024 15:15,104.63
11/01/2024 15:30,116.44
11/01/2024 15:45,126.48
11/01/2024 16:00,109.03
11/01/2024 16:15,113.27
11/01/2024 16:30,117.84
11/01/2024 16:45,115.99
11/01/2024 17:00,109.47
11/01/2024 17:15,118.03
11/01/2024 17:30,141.14
11/01/2024 17:45,155.37
11/01/2024 18:00,136.74
11/01/2024 18:15,133.95
11/01/2024 18:30,137.88
11/01/2024 18:45,120.68
11/01/2024 19:00,126.42
11/01/2024 19:15,132.72
11/01/2024 19:30,104.19
11/01/2024 19:45,102.12
11/01/2024 20:00,132.55
11/01/2024 20:15,121.94
11/01/2024 20:30,107.92
11/01/2024 20:45,97.6
11/01/2024 21:00,121.93
11/01/2024 21:15,115.54
11/01/2024 21:30,90.72
11/01/2024 21:45,89.18
11/01/2024 22:00,119.02
11/01/2024 22:15,107.25
11/01/2024 22:30,124.91
11/01/2024 22:45,124.12
11/01/2024 23:00,120.86
11/01/2024 23:15,103.39
11/01/2024 23:30,120.24
11/01/2024 23:45,90.38
12/01/2024 00:00,125.6
12/01/2024 00:15,120.5
12/01/2024 00:30,108.04
12/01/2024 00:45,89.27
12/01/2024 01:00,94.34
12/01/2024 01:15,99.73
12/01/2024 01:30,88.91
12/01/2024 01:45,89.58
12/01/2024 02:00,108.23
12/01/2024 02:15,93.56
12/01/2024 02:30,88.4
12/01/2024 02:45,85.58
12/01/2024 03:00,93.39
12/01/2024 03:15,88.47
12/01/2024 03:30,84.11
12/01/2024 03:45,88.84
12/01/2024 04:00,82.16
12/01/2024 04:15,82.7
12/01/2024 04:30,89.6
12/01/2024 04:45,96.15
12/01/2024 05:00,86.14
12/01/2024 05:15,84.37
12/01/2024 05:30,91.09
12/01/2024 05:45,90.95
12/01/2024 06:00,84.14
12/01/2024 06:15,101.76
12/01/2024 06:30,110.33
12/01/2024 06:45,121.65
12/01/2024 07:00,105.03
12/01/2024 07:15,114.67
12/01/2024 07:30,131.48
12/01/2024 07:45,134.01
12/01/2024 08:00,114.56
12/01/2024 08:15,117.35
12/01/2024 08:30,128.52
12/01/2024 08:45,136.93
12/01/2024 09:00,142.41
12/01/2024 09:15,137.2
12/01/2024 09:30,136.6
12/01/2024 09:45,116.83
12/01/2024 10:00,116.35
12/01/2024 10:15,109.77
12/01/2024 10:30,112.86
12/01/2024 10:45,118.67
12/01/2024 11:00,131.28
12/01/2024 11:15,126.22
12/01/2024 11:30,113.81
12/01/2024 11:45,110.13
12/01/2024 12:00,121.83
12/01/2024 12:15,111.93
12/01/2024 12:30,108.42
12/01/2024 12:45,116.25
12/01/2024 13:00,124.81
12/01/2024 13:15,111.6
12/01/2024 13:30,99.76
12/01/2024 13:45,98.99
12/01/2024 14:00,102.45
12/01/2024 14:15,108.03
12/01/2024 14:30,120.95
12/01/2024 14:45,141.07
12/01/2024 15:00,123.75
12/01/2024 15:15,127.46
12/01/2024 15:30,132.01
12/01/2024 15:45,120.51
12/01/2024 16:00,94.7
12/01/2024 16:15,121.33
12/01/2024 16:30,136.68
12/01/2024 16:45,147.64
12/01/2024 17:00,147.34
12/01/2024 17:15,171.07
12/01/2024 17:30,178.82
12/01/2024 17:45,159.9
12/01/2024 18:00,175.8
12/01/2024 18:15,209.75
12/01/2024 18:30,207.67
12/01/2024 18:45,187.23
12/01/2024 19:00,152.67
12/01/2024 19:15,138
12/01/2024 19:30,115.43
12/01/2024 19:45,101.51
12/01/2024 20:00,283.48
12/01/2024 20:15,157.3
12/01/2024 20:30,115.38
12/01/2024 20:45,101.31
12/01/2024 21:00,99.03
12/01/2024 21:15,87.88
12/01/2024 21:30,79.26
12/01/2024 21:45,73.58
12/01/2024 22:00,104.41
12/01/2024 22:15,99.26
12/01/2024 22:30,107.44
12/01/2024 22:45,88.54
12/01/2024 23:00,115.73
12/01/2024 23:15,110.04
12/01/2024 23:30,90.37
12/01/2024 23:45,87.38
13/01/2024 00:00,104.98
13/01/2024 00:15,91.05
13/01/2024 00:30,82.16
13/01/2024 00:45,110.57
13/01/2024 01:00,146.16
13/01/2024 01:15,116.94
13/01/2024 01:30,95.92
13/01/2024 01:45,86.78
13/01/2024 02:00,104.22
13/01/2024 02:15,97.78
13/01/2024 02:30,98.65
13/01/2024 02:45,95.22
13/01/2024 03:00,111.04
13/01/2024 03:15,90.12
13/01/2024 03:30,88.57
13/01/2024 03:45,89.98
13/01/2024 04:00,90.43
13/01/2024 04:15,83.01
13/01/2024 04:30,81.08
13/01/2024 04:45,82.73
13/01/2024 05:00,95.96
13/01/2024 05:15,80.82
13/01/2024 05:30,78.33
13/01/2024 05:45,78.06
13/01/2024 06:00,70.68
13/01/2024 06:15,88.15
13/01/2024 06:30,94.41
13/01/2024 06:45,99.56
13/01/2024 07:00,88.07
13/01/2024 07:15,105.75
13/01/2024 07:30,99.67
13/01/2024 07:45,98.66
13/01/2024 08:00,84.19
13/01/2024 08:15,101.52
13/01/2024 08:30,103.18
13/01/2024 08:45,105.04
13/01/2024 09:00,126.49
13/01/2024 09:15,118.97
13/01/2024 09:30,111.32
13/01/2024 09:45,119.63
13/01/2024 10:00,131.01
13/01/2024 10:15,115.11
13/01/2024 10:30,115.17
13/01/2024 10:45,109.84
13/01/2024 11:00,129.3
13/01/2024 11:15,129.02
13/01/2024 11:30,115.48
13/01/2024 11:45,101.97
13/01/2024 12:00,137.29
13/01/2024 12:15,117.46
13/01/2024 12:30,126.56
13/01/2024 12:45,122.37
13/01/2024 13:00,126.73
13/01/2024 13:15,114.86
13/01/2024 13:30,112.82
13/01/2024 13:45,109.01
13/01/2024 14:00,97.51
13/01/2024 14:15,85.39
13/01/2024 14:30,92.32
13/01/2024 14:45,119.11
13/01/2024 15:00,102.47
13/01/2024 15:15,111.98
13/01/2024 15:30,111.12
13/01/2024 15:45,121.37
13/01/2024 16:00,87.05
13/01/2024 16:15,99.95
13/01/2024 16:30,125.24
13/01/2024 16:45,128.14
13/01/2024 17:00,96.68
13/01/2024 17:15,115.88
13/01/2024 17:30,120.14
13/01/2024 17:45,122.33
13/01/2024 18:00,136.18
13/01/2024 18:15,124.97
13/01/2024 18:30,130.34
13/01/2024 18:45,113.69
13/01/2024 19:00,124.37
13/01/2024 19:15,122.01
13/01/2024 19:30,108.73
13/01/2024 19:45,95.92
13/01/2024 20:00,145.47
13/01/2024 20:15,106.71
13/01/2024 20:30,97.36
13/01/2024 20:45,81.58
13/01/2024 21:00,120.41
13/01/2024 21:15,103.19
13/01/2024 21:30,90.37
13/01/2024 21:45,86.97
13/01/2024 22:00,100.31
13/01/2024 22:15,79.24
13/01/2024 22:30,74.65
13/01/2024 22:45,83.65
13/01/2024 23:00,87.31
13/01/2024 23:15,92.34
13/01/2024 23:30,93.13
13/01/2024 23:45,91.01
14/01/2024 00:00,89.57
14/01/2024 00:15,85.79
14/01/2024 00:30,50.28
14/01/2024 00:45,65.65
14/01/2024 01:00,90.37
14/01/2024 01:15,82.54
14/01/2024 01:30,70.46
14/01/2024 01:45,56.96
14/01/2024 02:00,81.52
14/01/2024 02:15,68.67
14/01/2024 02:30,72.75
14/01/2024 02:45,81.21
14/01/2024 03:00,75.35
14/01/2024 03:15,76.11
14/01/2024 03:30,81.04
14/01/2024 03:45,93.59
14/01/2024 04:00,57.61
14/01/2024 04:15,75.81
14/01/2024 04:30,89.04
14/01/2024 04:45,89.7
14/01/2024 05:00,66.51
14/01/2024 05:15,71.5
14/01/2024 05:30,89.69
14/01/2024 05:45,101.2
14/01/2024 06:00,59.08
14/01/2024 06:15,80.93
14/01/2024 06:30,88.48
14/01/2024 06:45,93.3
14/01/2024 07:00,26.7
14/01/2024 07:15,78.9
14/01/2024 07:30,85.11
14/01/2024 07:45,80.12
14/01/2024 08:00,55.31
14/01/2024 08:15,88.51
14/01/2024 08:30,106.22
14/01/2024 08:45,121.08
14/01/2024 09:00,90.67
14/01/2024 09:15,108.48
14/01/2024 09:30,105.93
14/01/2024 09:45,94.1
14/01/2024 10:00,87.52
14/01/2024 10:15,98.47
14/01/2024 10:30,91.49
14/01/2024 10:45,90.48
14/01/2024 11:00,86.31
14/01/2024 11:15,89.71
14/01/2024 11:30,90.27
14/01/2024 11:45,84.52
14/01/2024 12:00,114.46
14/01/2024 12:15,111.32
14/01/2024 12:30,89.01
14/01/2024 12:45,74.8
14/01/2024 13:00,81.42
14/01/2024 13:15,72.2
14/01/2024 13:30,75.11
14/01/2024 13:45,75.67
14/01/2024 14:00,76.96
14/01/2024 14:15,74.43
14/01/2024 14:30,80.78
14/01/2024 14:45,95.54
14/01/2024 15:00,71
14/01/2024 15:15,77.54
14/01/2024 15:30,86.95
14/01/2024 15:45,105.88
14/01/2024 16:00,75.66
14/01/2024 16:15,93.64
14/01/2024 16:30,107.01
14/01/2024 16:45,108.24
14/01/2024 17:00,78.51
14/01/2024 17:15,89.4
14/01/2024 17:30,104.11
14/01/2024 17:45,99.54
14/01/2024 18:00,122.51
14/01/2024 18:15,99.08
14/01/2024 18:30,99.74
14/01/2024 18:45,92.04
14/01/2024 19:00,111.64
14/01/2024 19:15,95.82
14/01/2024 19:30,92.32
14/01/2024 19:45,83.69
14/01/2024 20:00,108.09
14/01/2024 20:15,81.49
14/01/2024 20:30,75.75
14/01/2024 20:45,62.29
14/01/2024 21:00,83.7
14/01/2024 21:15,97.91
14/01/2024 21:30,92.55
14/01/2024 21:45,91.9
14/01/2024 22:00,110.17
14/01/2024 22:15,93.32
14/01/2024 22:30,78.22
14/01/2024 22:45,74.64
14/01/2024 23:00,111.64
14/01/2024 23:15,89.86
14/01/2024 23:30,67.54
14/01/2024 23:45,63.4
15/01/2024 00:00,105.66
15/01/2024 00:15,95.02
15/01/2024 00:30,80.81
15/01/2024 00:45,68.52
15/01/2024 01:00,99.34
15/01/2024 01:15,80.73
15/01/2024 01:30,87.33
15/01/2024 01:45,73.36
15/01/2024 02:00,81.77
15/01/2024 02:15,83.31
15/01/2024 02:30,74.5
15/01/2024 02:45,78.57
15/01/2024 03:00,69.85
15/01/2024 03:15,55.68
15/01/2024 03:30,52.95
15/01/2024 03:45,58.12
15/01/2024 04:00,58.9
15/01/2024 04:15,74.43
15/01/2024 04:30,74.86
15/01/2024 04:45,70.67
15/01/2024 05:00,29.29
15/01/2024 05:15,63.38
15/01/2024 05:30,85.8
15/01/2024 05:45,109.63
15/01/2024 06:00,65.2
15/01/2024 06:15,88.56
15/01/2024 06:30,122.21
15/01/2024 06:45,132.11
15/01/2024 07:00,121.72
15/01/2024 07:15,135.98
15/01/2024 07:30,126.67
15/01/2024 07:45,130.07
15/01/2024 08:00,122.75
15/01/2024 08:15,137.76
15/01/2024 08:30,143.48
15/01/2024 08:45,143.5
15/01/2024 09:00,130.79
15/01/2024 09:15,127.56
15/01/2024 09:30,118.1
15/01/2024 09:45,118.6
15/01/2024 10:00,108.32
15/01/2024 10:15,92.05
15/01/2024 10:30,102.11
15/01/2024 10:45,79.84
15/01/2024 11:00,100.41
15/01/2024 11:15,94.54
15/01/2024 11:30,94.12
15/01/2024 11:45,84.97
15/01/2024 12:00,112.09
15/01/2024 12:15,94.02
15/01/2024 12:30,98.73
15/01/2024 12:45,125.92
15/01/2024 13:00,134.05
15/01/2024 13:15,130.29
15/01/2024 13:30,125.99
15/01/2024 13:45,128.46
15/01/2024 14:00,93.94
15/01/2024 14:15,104.77
15/01/2024 14:30,111.58
15/01/2024 14:45,121.26
15/01/2024 15:00,88.3
15/01/2024 15:15,84.3
15/01/2024 15:30,100.79
15/01/2024 15:45,97.2
15/01/2024 16:00,80.17
15/01/2024 16:15,84.25
15/01/2024 16:30,88.68
15/01/2024 16:45,106.74
15/01/2024 17:00,86.93
15/01/2024 17:15,104.29
15/01/2024 17:30,127.61
15/01/2024 17:45,109.19
15/01/2024 18:00,93.9
15/01/2024 18:15,91.73
15/01/2024 18:30,100.9
15/01/2024 18:45,100.91
15/01/2024 19:00,102.3
15/01/2024 19:15,88.76
15/01/2024 19:30,84.59
15/01/2024 19:45,82.72
15/01/2024 20:00,105.88
15/01/2024 20:15,99.75
15/01/2024 20:30,79.25
15/01/2024 20:45,72.25
15/01/2024 21:00,94.97
15/01/2024 21:15,92.3
15/01/2024 21:30,80.89
15/01/2024 21:45,75.96
15/01/2024 22:00,83.7
15/01/2024 22:15,81.93
15/01/2024 22:30,81.82
15/01/2024 22:45,82.67
15/01/2024 23:00,100.98
15/01/2024 23:15,108.07
15/01/2024 23:30,98.35
15/01/2024 23:45,90.14
16/01/2024 00:00,91.31
16/01/2024 00:15,78.04
16/01/2024 00:30,72.61
16/01/2024 00:45,72.74
16/01/2024 01:00,76.99
16/01/2024 01:15,75.04
16/01/2024 01:30,71.26
16/01/2024 01:45,70.36
16/01/2024 02:00,80.54
16/01/2024 02:15,71.82
16/01/2024 02:30,71.51
16/01/2024 02:45,74.31
16/01/2024 03:00,75.51
16/01/2024 03:15,69.77
16/01/2024 03:30,72.3
16/01/2024 03:45,73.43
16/01/2024 04:00,86.72
16/01/2024 04:15,77.24
16/01/2024 04:30,78.14
16/01/2024 04:45,69.6
16/01/2024 05:00,66.34
16/01/2024 05:15,74.97
16/01/2024 05:30,83.74
16/01/2024 05:45,95.44
16/01/2024 06:00,63.41
16/01/2024 06:15,82.03
16/01/2024 06:30,94.61
16/01/2024 06:45,117.61
16/01/2024 07:00,81.74
16/01/2024 07:15,101.01
16/01/2024 07:30,130.7
16/01/2024 07:45,142.56
16/01/2024 08:00,108.89
16/01/2024 08:15,117.68
16/01/2024 08:30,134.58
16/01/2024 08:45,151.99
16/01/2024 09:00,154.2
16/01/2024 09:15,124.63
16/01/2024 09:30,128.2
16/01/2024 09:45,126.77
16/01/2024 10:00,139.5
16/01/2024 10:15,133.15
16/01/2024 10:30,124.9
16/01/2024 10:45,112.77
16/01/2024 11:00,120.32
16/01/2024 11:15,105.25
16/01/2024 11:30,101.77
16/01/2024 11:45,107.21
16/01/2024 12:00,119.09
16/01/2024 12:15,96.06
16/01/2024 12:30,80.1
16/01/2024 12:45,71.89
16/01/2024 13:00,89.25
16/01/2024 13:15,90.69
16/01/2024 13:30,90.11
16/01/2024 13:45,81.36
16/01/2024 14:00,79.32
16/01/2024 14:15,101.76
16/01/2024 14:30,111.51
16/01/2024 14:45,107.86
16/01/2024 15:00,79.84
16/01/2024 15:15,96.45
16/01/2024 15:30,102.64
16/01/2024 15:45,102.97
16/01/2024 16:00,80.59
16/01/2024 16:15,83.08
16/01/2024 16:30,94.88
16/01/2024 16:45,113.12
16/01/2024 17:00,119.46
16/01/2024 17:15,119.05
16/01/2024 17:30,118.23
16/01/2024 17:45,112.64
16/01/2024 18:00,124.19
16/01/2024 18:15,109.23
16/01/2024 18:30,108.04
16/01/2024 18:45,104.29
16/01/2024 19:00,118.47
16/01/2024 19:15,106.69
16/01/2024 19:30,97.31
16/01/2024 19:45,82.6
16/01/2024 20:00,104.96
16/01/2024 20:15,83.38
16/01/2024 20:30,79
16/01/2024 20:45,62.8
16/01/2024 21:00,85.49
16/01/2024 21:15,201.51
16/01/2024 21:30,84.97
16/01/2024 21:45,69.69
16/01/2024 22:00,83.89
16/01/2024 22:15,76.19
16/01/2024 22:30,69.28
16/01/2024 22:45,50.34
16/01/2024 23:00,80
16/01/2024 23:15,76.37
16/01/2024 23:30,67.94
16/01/2024 23:45,68.82
17/01/2024 00:00,91.14
17/01/2024 00:15,70.37
17/01/2024 00:30,60.3
17/01/2024 00:45,56.96
17/01/2024 01:00,94.74
17/01/2024 01:15,70.42
17/01/2024 01:30,60.2
17/01/2024 01:45,37.98
17/01/2024 02:00,70.6
17/01/2024 02:15,61.78
17/01/2024 02:30,61.92
17/01/2024 02:45,59.87
17/01/2024 03:00,67.92
17/01/2024 03:15,71.4
17/01/2024 03:30,70.6
17/01/2024 03:45,67.72
17/01/2024 04:00,59.64
17/01/2024 04:15,59.98
17/01/2024 04:30,61.11
17/01/2024 04:45,72.08
17/01/2024 05:00,58.5
17/01/2024 05:15,68.83
17/01/2024 05:30,95.63
17/01/2024 05:45,90.59
17/01/2024 06:00,32.31
17/01/2024 06:15,62.35
17/01/2024 06:30,72.73
17/01/2024 06:45,107.13
17/01/2024 07:00,46.32
17/01/2024 07:15,68.07
17/01/2024 07:30,81.41
17/01/2024 07:45,103.66
17/01/2024 08:00,57.36
17/01/2024 08:15,91.02
17/01/2024 08:30,116.76
17/01/2024 08:45,122.9
17/01/2024 09:00,79.97
17/01/2024 09:15,88.85
17/01/2024 09:30,91.75
17/01/2024 09:45,89.03
17/01/2024 10:00,83.29
17/01/2024 10:15,94.15
17/01/2024 10:30,102.71
17/01/2024 10:45,120.75
17/01/2024 11:00,91.24
17/01/2024 11:15,106.23
17/01/2024 11:30,125.61
17/01/2024 11:45,147.14
17/01/2024 12:00,106.81
17/01/2024 12:15,113.8
17/01/2024 12:30,105.46
17/01/2024 12:45,106.39
17/01/2024 13:00,103.14
17/01/2024 13:15,109.19
17/01/2024 13:30,102.98
17/01/2024 13:45,101.72
17/01/2024 14:00,95.98
17/01/2024 14:15,105.82
17/01/2024 14:30,110.31
17/01/2024 14:45,105.22
17/01/2024 15:00,95.53
17/01/2024 15:15,105.2
17/01/2024 15:30,119.77
17/01/2024 15:45,125.88
17/01/2024 16:00,100.89
17/01/2024 16:15,102.14
17/01/2024 16:30,104.55
17/01/2024 16:45,110.28
17/01/2024 17:00,105.93
17/01/2024 17:15,106.53
17/01/2024 17:30,115
17/01/2024 17:45,116.76
17/01/2024 18:00,110.26
17/01/2024 18:15,97.57
17/01/2024 18:30,90.65
17/01/2024 18:45,82.14
17/01/2024 19:00,109.92
17/01/2024 19:15,103.36
17/01/2024 19:30,97.88
17/01/2024 19:45,95.32
17/01/2024 20:00,121.34
17/01/2024 20:15,108.85
17/01/2024 20:30,99.64
17/01/2024 20:45,88.6
17/01/2024 21:00,106.17
17/01/2024 21:15,84.91
17/01/2024 21:30,78.25
17/01/2024 21:45,67.48
17/01/2024 22:00,77.57
17/01/2024 22:15,70.21
17/01/2024 22:30,70.85
17/01/2024 22:45,62.34
17/01/2024 23:00,71.99
17/01/2024 23:15,79.57
17/01/2024 23:30,77.73
17/01/2024 23:45,79.17
18/01/2024 00:00,88.64
18/01/2024 00:15,80.53
18/01/2024 00:30,73.76
18/01/2024 00:45,65
18/01/2024 01:00,93.16
18/01/2024 01:15,88.52
18/01/2024 01:30,86.64
18/01/2024 01:45,80.06
18/01/2024 02:00,83
18/01/2024 02:15,76.13
18/01/2024 02:30,80.1
18/01/2024 02:45,74.48
18/01/2024 03:00,77.06
18/01/2024 03:15,71.05
18/01/2024 03:30,69.29
18/01/2024 03:45,70.61
18/01/2024 04:00,73.8
18/01/2024 04:15,69.32
18/01/2024 04:30,78.79
18/01/2024 04:45,76.27
18/01/2024 05:00,71.45
18/01/2024 05:15,67.49
18/01/2024 05:30,73.12
18/01/2024 05:45,74.8
18/01/2024 06:00,64.88
18/01/2024 06:15,77.58
18/01/2024 06:30,100.67
18/01/2024 06:45,102.5
18/01/2024 07:00,93.85
18/01/2024 07:15,102.79
18/01/2024 07:30,122.44
18/01/2024 07:45,120.96
18/01/2024 08:00,101.36
18/01/2024 08:15,105.9
18/01/2024 08:30,118.71
18/01/2024 08:45,117.89
18/01/2024 09:00,132.56
18/01/2024 09:15,90.15
18/01/2024 09:30,84.72
18/01/2024 09:45,98.23
18/01/2024 10:00,172.74
18/01/2024 10:15,123.2
18/01/2024 10:30,96.04
18/01/2024 10:45,93.66
18/01/2024 11:00,110.31
18/01/2024 11:15,105.37
18/01/2024 11:30,108.96
18/01/2024 11:45,119.15
18/01/2024 12:00,131.15
18/01/2024 12:15,111.28
18/01/2024 12:30,96.09
18/01/2024 12:45,101.31
18/01/2024 13:00,97.36
18/01/2024 13:15,90.29
18/01/2024 13:30,90.53
18/01/2024 13:45,84.04
18/01/2024 14:00,87.5
18/01/2024 14:15,96.94
18/01/2024 14:30,91.54
18/01/2024 14:45,89.57
18/01/2024 15:00,75.14
18/01/2024 15:15,81.28
18/01/2024 15:30,94.88
18/01/2024 15:45,104.4
18/01/2024 16:00,96.52
18/01/2024 16:15,99.29
18/01/2024 16:30,102.77
18/01/2024 16:45,105.88
18/01/2024 17:00,95.86
18/01/2024 17:15,93.83
18/01/2024 17:30,104.53
18/01/2024 17:45,106.3
18/01/2024 18:00,106.62
18/01/2024 18:15,98.21
18/01/2024 18:30,89.68
18/01/2024 18:45,78.25
18/01/2024 19:00,117.62
18/01/2024 19:15,104.52
18/01/2024 19:30,95.66
18/01/2024 19:45,87.54
18/01/2024 20:00,119.71
18/01/2024 20:15,99.39
18/01/2024 20:30,84.24
18/01/2024 20:45,86.97
18/01/2024 21:00,117.08
18/01/2024 21:15,97.18
18/01/2024 21:30,88.14
18/01/2024 21:45,75.08
18/01/2024 22:00,84.79
18/01/2024 22:15,75.66
18/01/2024 22:30,74.17
18/01/2024 22:45,76.9
18/01/2024 23:00,86.2
18/01/2024 23:15,82.99
18/01/2024 23:30,80
18/01/2024 23:45,56.17
19/01/2024 00:00,77.87
19/01/2024 00:15,59.59
19/01/2024 00:30,46.13
19/01/2024 00:45,41.34
19/01/2024 01:00,60.59
19/01/2024 01:15,53.93
19/01/2024 01:30,48.12
19/01/2024 01:45,25.79
19/01/2024 02:00,38.11
19/01/2024 02:15,47.03
19/01/2024 02:30,53.5
19/01/2024 02:45,42.2
19/01/2024 03:00,59
19/01/2024 03:15,49.42
19/01/2024 03:30,51.94
19/01/2024 03:45,44.55
19/01/2024 04:00,36.33
19/01/2024 04:15,43.14
19/01/2024 04:30,64.66
19/01/2024 04:45,73.24
19/01/2024 05:00,53.66
19/01/2024 05:15,53.57
19/01/2024 05:30,55.7
19/01/2024 05:45,44.56
19/01/2024 06:00,32.97
19/01/2024 06:15,58.41
19/01/2024 06:30,80.25
19/01/2024 06:45,80.53
19/01/2024 07:00,60.28
19/01/2024 07:15,84.09
19/01/2024 07:30,85.4
19/01/2024 07:45,81.71
19/01/2024 08:00,68.08
19/01/2024 08:15,77.53
19/01/2024 08:30,80.47
19/01/2024 08:45,76.84
19/01/2024 09:00,90.48
19/01/2024 09:15,86.23
19/01/2024 09:30,103.05
19/01/2024 09:45,95.45
19/01/2024 10:00,138.35
19/01/2024 10:15,122.63
19/01/2024 10:30,101.56
19/01/2024 10:45,88.65
19/01/2024 11:00,100.48
19/01/2024 11:15,107.35
19/01/2024 11:30,94.47
19/01/2024 11:45,85.15
19/01/2024 12:00,85.37
19/01/2024 12:15,75.94
19/01/2024 12:30,64.05
19/01/2024 12:45,69.59
19/01/2024 13:00,93.21
19/01/2024 13:15,82.71
19/01/2024 13:30,60.4
19/01/2024 13:45,53.72
19/01/2024 14:00,63.41
19/01/2024 14:15,74.48
19/01/2024 14:30,80.4
19/01/2024 14:45,87.64
19/01/2024 15:00,75.66
19/01/2024 15:15,80.66
19/01/2024 15:30,81.38
19/01/2024 15:45,71.17
19/01/2024 16:00,59.78
19/01/2024 16:15,78.12
19/01/2024 16:30,91.32
19/01/2024 16:45,84.94
19/01/2024 17:00,68.66
19/01/2024 17:15,67.32
19/01/2024 17:30,67.88
19/01/2024 17:45,68.51
19/01/2024 18:00,74.51
19/01/2024 18:15,72.47
19/01/2024 18:30,77.59
19/01/2024 18:45,71.69
19/01/2024 19:00,89.22
19/01/2024 19:15,74.26
19/01/2024 19:30,77.52
19/01/2024 19:45,70.13
19/01/2024 20:00,92.88
19/01/2024 20:15,74.41
19/01/2024 20:30,60.4
19/01/2024 20:45,48.24
19/01/2024 21:00,75.51
19/01/2024 21:15,76.34
19/01/2024 21:30,69.47
19/01/2024 21:45,52.08
19/01/2024 22:00,75.56
19/01/2024 22:15,76.8
19/01/2024 22:30,66.21
19/01/2024 22:45,59.91
19/01/2024 23:00,76.88
19/01/2024 23:15,64.65
19/01/2024 23:30,46.13
19/01/2024 23:45,39.52
20/01/2024 00:00,72.17
20/01/2024 00:15,59.2
20/01/2024 00:30,57.88
20/01/2024 00:45,55.74
20/01/2024 01:00,69.75
20/01/2024 01:15,58.3
20/01/2024 01:30,48.14
20/01/2024 01:45,48.23
20/01/2024 02:00,66.38
20/01/2024 02:15,59.96
20/01/2024 02:30,66.01
20/01/2024 02:45,64.4
20/01/2024 03:00,64.94
20/01/2024 03:15,69
20/01/2024 03:30,68
20/01/2024 03:45,63.35
20/01/2024 04:00,62.53
20/01/2024 04:15,62.49
20/01/2024 04:30,63.5
20/01/2024 04:45,62.25
20/01/2024 05:00,66.73
20/01/2024 05:15,66.61
20/01/2024 05:30,74.04
20/01/2024 05:45,71.94
20/01/2024 06:00,59.65
20/01/2024 06:15,64.07
20/01/2024 06:30,69.06
20/01/2024 06:45,68.09
20/01/2024 07:00,51.18
20/01/2024 07:15,64.54
20/01/2024 07:30,86.85
20/01/2024 07:45,90.65
20/01/2024 08:00,54.51
20/01/2024 08:15,73.13
20/01/2024 08:30,76.79
20/01/2024 08:45,80.71
20/01/2024 09:00,82
20/01/2024 09:15,83.37
20/01/2024 09:30,78.68
20/01/2024 09:45,63.2
20/01/2024 10:00,64.57
20/01/2024 10:15,73.33
20/01/2024 10:30,70.64
20/01/2024 10:45,63.06
20/01/2024 11:00,67.2
20/01/2024 11:15,62.14
20/01/2024 11:30,60.92
20/01/2024 11:45,49.6
20/01/2024 12:00,66.17
20/01/2024 12:15,70.28
20/01/2024 12:30,59.21
20/01/2024 12:45,48.28
20/01/2024 13:00,43.93
20/01/2024 13:15,49.08
20/01/2024 13:30,47.6
20/01/2024 13:45,48.84
20/01/2024 14:00,33.58
20/01/2024 14:15,45.22
20/01/2024 14:30,55.86
20/01/2024 14:45,67.46
20/01/2024 15:00,37.3
20/01/2024 15:15,61.47
20/01/2024 15:30,77.19
20/01/2024 15:45,102.74
20/01/2024 16:00,53.01
20/01/2024 16:15,69.24
20/01/2024 16:30,82.33
20/01/2024 16:45,83.86
20/01/2024 17:00,65.67
20/01/2024 17:15,73.76
20/01/2024 17:30,73.98
20/01/2024 17:45,74.8
20/01/2024 18:00,82.23
20/01/2024 18:15,68.42
20/01/2024 18:30,76.37
20/01/2024 18:45,68.83
20/01/2024 19:00,89.44
20/01/2024 19:15,74.24
20/01/2024 19:30,66.35
20/01/2024 19:45,62.58
20/01/2024 20:00,71.08
20/01/2024 20:15,64.28
20/01/2024 20:30,56.1
20/01/2024 20:45,48.84
20/01/2024 21:00,71.4
20/01/2024 21:15,74.34
20/01/2024 21:30,72.3
20/01/2024 21:45,59.99
20/01/2024 22:00,73.89
20/01/2024 22:15,70.36
20/01/2024 22:30,67.21
20/01/2024 22:45,54.39
20/01/2024 23:00,68.53
20/01/2024 23:15,66.53
20/01/2024 23:30,61.43
20/01/2024 23:45,41.72
21/01/2024 00:00,72.65
21/01/2024 00:15,61.5
21/01/2024 00:30,51.01
21/01/2024 00:45,47.07
21/01/2024 01:00,76.43
21/01/2024 01:15,63.7
21/01/2024 01:30,51.62
21/01/2024 01:45,44.59
21/01/2024 02:00,74.99
21/01/2024 02:15,69.26
21/01/2024 02:30,58.93
21/01/2024 02:45,51.09
21/01/2024 03:00,68.01
21/01/2024 03:15,54.76
21/01/2024 03:30,48.72
21/01/2024 03:45,42.36
21/01/2024 04:00,59.02
21/01/2024 04:15,54.88
21/01/2024 04:30,47.31
21/01/2024 04:45,44.76
21/01/2024 05:00,63.61
21/01/2024 05:15,63.61
21/01/2024 05:30,58.07
21/01/2024 05:45,50.45
21/01/2024 06:00,48.17
21/01/2024 06:15,55.8
21/01/2024 06:30,63.76
21/01/2024 06:45,65.79
21/01/2024 07:00,57.96
21/01/2024 07:15,56.26
21/01/2024 07:30,58.68
21/01/2024 07:45,55.6
21/01/2024 08:00,47.86
21/01/2024 08:15,57.63
21/01/2024 08:30,59.33
21/01/2024 08:45,56.12
21/01/2024 09:00,59.79
21/01/2024 09:15,56.09
21/01/2024 09:30,35.87
21/01/2024 09:45,33.44
21/01/2024 10:00,49.85
21/01/2024 10:15,43.78
21/01/2024 10:30,49.4
21/01/2024 10:45,58.08
21/01/2024 11:00,64.26
21/01/2024 11:15,52.87
21/01/2024 11:30,52.84
21/01/2024 11:45,58.08
21/01/2024 12:00,75.82
21/01/2024 12:15,61.9
21/01/2024 12:30,62.87
21/01/2024 12:45,59.7
21/01/2024 13:00,54.18
21/01/2024 13:15,53.51
21/01/2024 13:30,52.73
21/01/2024 13:45,56.8
21/01/2024 14:00,42.05
21/01/2024 14:15,58.03
21/01/2024 14:30,58.25
21/01/2024 14:45,48.53
21/01/2024 15:00,32.87
21/01/2024 15:15,41.56
21/01/2024 15:30,59.09
21/01/2024 15:45,63.28
21/01/2024 16:00,45.94
21/01/2024 16:15,52.27
21/01/2024 16:30,62.97
21/01/2024 16:45,73.43
21/01/2024 17:00,50.57
21/01/2024 17:15,58.69
21/01/2024 17:30,64.72
21/01/2024 17:45,57.59
21/01/2024 18:00,61.64
21/01/2024 18:15,50.02
21/01/2024 18:30,68.52
21/01/2024 18:45,60.76
21/01/2024 19:00,73.41
21/01/2024 19:15,63.14
21/01/2024 19:30,56.1
21/01/2024 19:45,46.95
21/01/2024 20:00,83.56
21/01/2024 20:15,60.58
21/01/2024 20:30,54.66
21/01/2024 20:45,29.18
21/01/2024 21:00,64.91
21/01/2024 21:15,40.63
21/01/2024 21:30,36.43
21/01/2024 21:45,34.16
21/01/2024 22:00,59.98
21/01/2024 22:15,41.08
21/01/2024 22:30,45.64
21/01/2024 22:45,38.33
21/01/2024 23:00,69.06
21/01/2024 23:15,55.74
21/01/2024 23:30,38.83
21/01/2024 23:45,13.05
22/01/2024 00:00,52.73
22/01/2024 00:15,42.21
22/01/2024 00:30,20.58
22/01/2024 00:45,7.76
22/01/2024 01:00,12.56
22/01/2024 01:15,3.13
22/01/2024 01:30,-3.67
22/01/2024 01:45,-2.87
22/01/2024 02:00,-1.02
22/01/2024 02:15,-10.75
22/01/2024 02:30,-12.38
22/01/2024 02:45,-12.39
22/01/2024 03:00,-1.73
22/01/2024 03:15,-4.64
22/01/2024 03:30,-1.9
22/01/2024 03:45,-3.86
22/01/2024 04:00,-9.46
22/01/2024 04:15,-3.97
22/01/2024 04:30,-0.48
22/01/2024 04:45,-2.48
22/01/2024 05:00,-9.39
22/01/2024 05:15,2.17
22/01/2024 05:30,31.95
22/01/2024 05:45,63.82
22/01/2024 06:00,30.25
22/01/2024 06:15,57.6
22/01/2024 06:30,77.02
22/01/2024 06:45,87.23
22/01/2024 07:00,52.32
22/01/2024 07:15,56.33
22/01/2024 07:30,67.83
22/01/2024 07:45,67.41
22/01/2024 08:00,61.66
22/01/2024 08:15,70.48
22/01/2024 08:30,73.25
22/01/2024 08:45,74.97
22/01/2024 09:00,78.65
22/01/2024 09:15,81.53
22/01/2024 09:30,73.06
22/01/2024 09:45,64.1
22/01/2024 10:00,70.77
22/01/2024 10:15,71.86
22/01/2024 10:30,66.62
22/01/2024 10:45,70.92
22/01/2024 11:00,74.02
22/01/2024 11:15,72.36
22/01/2024 11:30,60.2
22/01/2024 11:45,31.94
22/01/2024 12:00,45.81
22/01/2024 12:15,20.17
22/01/2024 12:30,22.01
22/01/2024 12:45,26.3
22/01/2024 13:00,35.58
22/01/2024 13:15,28.93
22/01/2024 13:30,28.88
22/01/2024 13:45,22.15
22/01/2024 14:00,50.07
22/01/2024 14:15,53.78
22/01/2024 14:30,67.72
22/01/2024 14:45,67.76
22/01/2024 15:00,21.9
22/01/2024 15:15,37.23
22/01/2024 15:30,65.93
22/01/2024 15:45,74.66
22/01/2024 16:00,35.4
22/01/2024 16:15,50.79
22/01/2024 16:30,72.17
22/01/2024 16:45,81.01
22/01/2024 17:00,69.68
22/01/2024 17:15,69.59
22/01/2024 17:30,79.61
22/01/2024 17:45,76.56
22/01/2024 18:00,74.9
22/01/2024 18:15,74.67
22/01/2024 18:30,83.48
22/01/2024 18:45,84.78
22/01/2024 19:00,98.3
22/01/2024 19:15,84.93
22/01/2024 19:30,77.07
22/01/2024 19:45,76.26
22/01/2024 20:00,74.42
22/01/2024 20:15,64.31
22/01/2024 20:30,51.35
22/01/2024 20:45,44.08
22/01/2024 21:00,79.62
22/01/2024 21:15,70.06
22/01/2024 21:30,56.77
22/01/2024 21:45,39.84
22/01/2024 22:00,73.84
22/01/2024 22:15,61.31
22/01/2024 22:30,66.23
22/01/2024 22:45,46.93
22/01/2024 23:00,76.5
22/01/2024 23:15,66.24
22/01/2024 23:30,52.69
22/01/2024 23:45,11.34
23/01/2024 00:00,45.4
23/01/2024 00:15,23.26
23/01/2024 00:30,5.13
23/01/2024 00:45,-6.9
23/01/2024 01:00,40.17
23/01/2024 01:15,2.2
23/01/2024 01:30,6.75
23/01/2024 01:45,4.91
23/01/2024 02:00,16.97
23/01/2024 02:15,-2.54
23/01/2024 02:30,-1.8
23/01/2024 02:45,2.26
23/01/2024 03:00,-1.05
23/01/2024 03:15,-0.85
23/01/2024 03:30,1.39
23/01/2024 03:45,4.08
23/01/2024 04:00,-3.26
23/01/2024 04:15,-6.04
23/01/2024 04:30,10.81
23/01/2024 04:45,37.57
23/01/2024 05:00,23.35
23/01/2024 05:15,53.36
23/01/2024 05:30,57.57
23/01/2024 05:45,73.66
23/01/2024 06:00,37.47
23/01/2024 06:15,63.69
23/01/2024 06:30,92.48
23/01/2024 06:45,93.98
23/01/2024 07:00,60.29
23/01/2024 07:15,93.52
23/01/2024 07:30,100.26
23/01/2024 07:45,100.53
23/01/2024 08:00,75.19
23/01/2024 08:15,92.53
23/01/2024 08:30,95.34
23/01/2024 08:45,89.56
23/01/2024 09:00,96.55
23/01/2024 09:15,101.98
23/01/2024 09:30,93.64
23/01/2024 09:45,67.85
23/01/2024 10:00,84.63
23/01/2024 10:15,71.96
23/01/2024 10:30,58.09
23/01/2024 10:45,43.71
23/01/2024 11:00,71.09
23/01/2024 11:15,50.58
23/01/2024 11:30,39.95
23/01/2024 11:45,27.27
23/01/2024 12:00,65.14
23/01/2024 12:15,57.56
23/01/2024 12:30,35.56
23/01/2024 12:45,43.81
23/01/2024 13:00,35
23/01/2024 13:15,43.7
23/01/2024 13:30,50.85
23/01/2024 13:45,69.12
23/01/2024 14:00,32.72
23/01/2024 14:15,43.44
23/01/2024 14:30,42.9
23/01/2024 14:45,59.97
23/01/2024 15:00,29.79
23/01/2024 15:15,54.59
23/01/2024 15:30,61.55
23/01/2024 15:45,65.54
23/01/2024 16:00,46.62
23/01/2024 16:15,56.24
23/01/2024 16:30,64.52
23/01/2024 16:45,63.36
23/01/2024 17:00,49.63
23/01/2024 17:15,52.16
23/01/2024 17:30,59.59
23/01/2024 17:45,62.64
23/01/2024 18:00,67.37
23/01/2024 18:15,61.97
23/01/2024 18:30,57.97
23/01/2024 18:45,55.47
23/01/2024 19:00,71.18
23/01/2024 19:15,53.7
23/01/2024 19:30,50.98
23/01/2024 19:45,47.34
23/01/2024 20:00,71.18
23/01/2024 20:15,65.95
23/01/2024 20:30,55.1
23/01/2024 20:45,49.53
23/01/2024 21:00,79.04
23/01/2024 21:15,65.28
23/01/2024 21:30,50.74
23/01/2024 21:45,31.74
23/01/2024 22:00,64.02
23/01/2024 22:15,49.17
23/01/2024 22:30,53.45
23/01/2024 22:45,29.41
23/01/2024 23:00,52.08
23/01/2024 23:15,51.84
23/01/2024 23:30,27.58
23/01/2024 23:45,0.48
24/01/2024 00:00,27.54
24/01/2024 00:15,-2.53
24/01/2024 00:30,-7.97
24/01/2024 00:45,-5.22
24/01/2024 01:00,21.66
24/01/2024 01:15,2.8
24/01/2024 01:30,-3.69
24/01/2024 01:45,-8.83
24/01/2024 02:00,0.27
24/01/2024 02:15,-0.68
24/01/2024 02:30,-8.19
24/01/2024 02:45,-8.52
24/01/2024 03:00,-8.19
24/01/2024 03:15,-17.23
24/01/2024 03:30,-13.64
24/01/2024 03:45,-12.73
24/01/2024 04:00,-16.45
24/01/2024 04:15,-15.42
24/01/2024 04:30,-13.73
24/01/2024 04:45,-12.2
24/01/2024 05:00,-17.51
24/01/2024 05:15,-8.47
24/01/2024 05:30,-0.87
24/01/2024 05:45,9.78
24/01/2024 06:00,-5.58
24/01/2024 06:15,36.95
24/01/2024 06:30,62.09
24/01/2024 06:45,62.89
24/01/2024 07:00,40.32
24/01/2024 07:15,60.53
24/01/2024 07:30,69.59
24/01/2024 07:45,64.76
24/01/2024 08:00,49.78
24/01/2024 08:15,57.71
24/01/2024 08:30,61.11
24/01/2024 08:45,56.22
24/01/2024 09:00,61.67
24/01/2024 09:15,70.39
24/01/2024 09:30,57.11
24/01/2024 09:45,55.98
24/01/2024 10:00,65.91
24/01/2024 10:15,53.85
24/01/2024 10:30,40.44
24/01/2024 10:45,42.5
24/01/2024 11:00,62.24
24/01/2024 11:15,55.29
24/01/2024 11:30,29.26
24/01/2024 11:45,11.71
24/01/2024 12:00,44.36
24/01/2024 12:15,34.58
24/01/2024 12:30,26.44
24/01/2024 12:45,29.81
24/01/2024 13:00,47.96
24/01/2024 13:15,51.18
24/01/2024 13:30,50.43
24/01/2024 13:45,47.42
24/01/2024 14:00,36.73
24/01/2024 14:15,47.94
24/01/2024 14:30,55.56
24/01/2024 14:45,63.43
24/01/2024 15:00,42.92
24/01/2024 15:15,51.74
24/01/2024 15:30,60.04
24/01/2024 15:45,71.52
24/01/2024 16:00,41.46
24/01/2024 16:15,55.81
24/01/2024 16:30,73.57
24/01/2024 16:45,75.15
24/01/2024 17:00,48.31
24/01/2024 17:15,58.4
24/01/2024 17:30,73.33
24/01/2024 17:45,72.99
24/01/2024 18:00,72.12
24/01/2024 18:15,72.7
24/01/2024 18:30,77.76
24/01/2024 18:45,78.06
24/01/2024 19:00,82.46
24/01/2024 19:15,83.64
24/01/2024 19:30,78.8
24/01/2024 19:45,74.13
24/01/2024 20:00,79.07
24/01/2024 20:15,74.7
24/01/2024 20:30,56.23
24/01/2024 20:45,56.95
24/01/2024 21:00,86.79
24/01/2024 21:15,73.99
24/01/2024 21:30,49.94
24/01/2024 21:45,30.2
24/01/2024 22:00,58.37
24/01/2024 22:15,48.44
24/01/2024 22:30,37.35
24/01/2024 22:45,35.12
24/01/2024 23:00,58.82
24/01/2024 23:15,39.46
24/01/2024 23:30,49.64
24/01/2024 23:45,32.84
25/01/2024 00:00,62.38
25/01/2024 00:15,57.63
25/01/2024 00:30,22.39
25/01/2024 00:45,-4.79
25/01/2024 01:00,66.29
25/01/2024 01:15,58.15
25/01/2024 01:30,59.31
25/01/2024 01:45,41.02
25/01/2024 02:00,45.75
25/01/2024 02:15,46.81
25/01/2024 02:30,43.64
25/01/2024 02:45,50.84
25/01/2024 03:00,38.99
25/01/2024 03:15,44.34
25/01/2024 03:30,53
25/01/2024 03:45,51.67
25/01/2024 04:00,16.7
25/01/2024 04:15,42.86
25/01/2024 04:30,43.28
25/01/2024 04:45,51.25
25/01/2024 05:00,27.25
25/01/2024 05:15,30.09
25/01/2024 05:30,42.09
25/01/2024 05:45,44.3
25/01/2024 06:00,6.69
25/01/2024 06:15,37.28
25/01/2024 06:30,62.24
25/01/2024 06:45,71.78
25/01/2024 07:00,52.55
25/01/2024 07:15,63.92
25/01/2024 07:30,72.51
25/01/2024 07:45,79.71
25/01/2024 08:00,72.51
25/01/2024 08:15,93.03
25/01/2024 08:30,91.81
25/01/2024 08:45,83.44
25/01/2024 09:00,68.51
25/01/2024 09:15,65.11
25/01/2024 09:30,64.17
25/01/2024 09:45,56.02
25/01/2024 10:00,77.52
25/01/2024 10:15,64.13
25/01/2024 10:30,37.61
25/01/2024 10:45,15.4
25/01/2024 11:00,33.45
25/01/2024 11:15,37.32
25/01/2024 11:30,50.45
25/01/2024 11:45,56.58
25/01/2024 12:00,76.56
25/01/2024 12:15,81.99
25/01/2024 12:30,83.97
25/01/2024 12:45,86.9
25/01/2024 13:00,45.21
25/01/2024 13:15,57.69
25/01/2024 13:30,65.1
25/01/2024 13:45,50.92
25/01/2024 14:00,51.86
25/01/2024 14:15,67.18
25/01/2024 14:30,77.05
25/01/2024 14:45,89.88
25/01/2024 15:00,54.89
25/01/2024 15:15,76.08
25/01/2024 15:30,91.17
25/01/2024 15:45,67.11
25/01/2024 16:00,52.54
25/01/2024 16:15,60.49
25/01/2024 16:30,71.44
25/01/2024 16:45,81.96
25/01/2024 17:00,64.9
25/01/2024 17:15,77.52
25/01/2024 17:30,84.83
25/01/2024 17:45,89.62
25/01/2024 18:00,94.46
25/01/2024 18:15,90.2
25/01/2024 18:30,96.24
25/01/2024 18:45,81.12
25/01/2024 19:00,90.81
25/01/2024 19:15,75.49
25/01/2024 19:30,75.88
25/01/2024 19:45,72.13
25/01/2024 20:00,91.6
25/01/2024 20:15,73.98
25/01/2024 20:30,64.35
25/01/2024 20:45,62.34
25/01/2024 21:00,89.34
25/01/2024 21:15,77.63
25/01/2024 21:30,68.88
25/01/2024 21:45,58.62
25/01/2024 22:00,96.86
25/01/2024 22:15,72.46
25/01/2024 22:30,84
25/01/2024 22:45,69.19
25/01/2024 23:00,94.95
25/01/2024 23:15,70.76
25/01/2024 23:30,75.94
25/01/2024 23:45,63.26
26/01/2024 00:00,84.71
26/01/2024 00:15,86.92
26/01/2024 00:30,63.67
26/01/2024 00:45,56.31
26/01/2024 01:00,90.27
26/01/2024 01:15,81.7
26/01/2024 01:30,66.43
26/01/2024 01:45,55.84
26/01/2024 02:00,82.12
26/01/2024 02:15,71.11
26/01/2024 02:30,60.23
26/01/2024 02:45,56.91
26/01/2024 03:00,76.84
26/01/2024 03:15,67.3
26/01/2024 03:30,61.71
26/01/2024 03:45,53.54
26/01/2024 04:00,68.47
26/01/2024 04:15,59.05
26/01/2024 04:30,57.73
26/01/2024 04:45,55.97
26/01/2024 05:00,65.66
26/01/2024 05:15,66.44
26/01/2024 05:30,58.59
26/01/2024 05:45,59.05
26/01/2024 06:00,69.77
26/01/2024 06:15,68.63
26/01/2024 06:30,81.08
26/01/2024 06:45,71.85
26/01/2024 07:00,79.13
26/01/2024 07:15,86.61
26/01/2024 07:30,83.78
26/01/2024 07:45,71.31
26/01/2024 08:00,84
26/01/2024 08:15,67.62
26/01/2024 08:30,65.87
26/01/2024 08:45,61.11
26/01/2024 09:00,86.33
26/01/2024 09:15,67.43
26/01/2024 09:30,54.17
26/01/2024 09:45,44.46
26/01/2024 10:00,87.44
26/01/2024 10:15,81.17
26/01/2024 10:30,71.38
26/01/2024 10:45,60.65
26/01/2024 11:00,81.42
26/01/2024 11:15,73.52
26/01/2024 11:30,67.01
26/01/2024 11:45,68.04
26/01/2024 12:00,78.7
26/01/2024 12:15,65.21
26/01/2024 12:30,52.24
26/01/2024 12:45,44.7
26/01/2024 13:00,69.89
26/01/2024 13:15,57.11
26/01/2024 13:30,57.16
26/01/2024 13:45,42.96
26/01/2024 14:00,45.61
26/01/2024 14:15,46.31
26/01/2024 14:30,55.03
26/01/2024 14:45,52.35
26/01/2024 15:00,49.92
26/01/2024 15:15,54.93
26/01/2024 15:30,56.39
26/01/2024 15:45,52.16
26/01/2024 16:00,12.14
26/01/2024 16:15,30.21
26/01/2024 16:30,52.74
26/01/2024 16:45,67.01
26/01/2024 17:00,45.47
26/01/2024 17:15,60.55
26/01/2024 17:30,60.36
26/01/2024 17:45,50.56
26/01/2024 18:00,43.15
26/01/2024 18:15,57.69
26/01/2024 18:30,69.46
26/01/2024 18:45,75.6
26/01/2024 19:00,72.73
26/01/2024 19:15,74.82
26/01/2024 19:30,80.24
26/01/2024 19:45,67.04
26/01/2024 20:00,78.11
26/01/2024 20:15,68.91
26/01/2024 20:30,53.94
26/01/2024 20:45,48.8
26/01/2024 21:00,73.48
26/01/2024 21:15,72.71
26/01/2024 21:30,54.75
26/01/2024 21:45,44.54
26/01/2024 22:00,65.79
26/01/2024 22:15,56.62
26/01/2024 22:30,68.87
26/01/2024 22:45,65.82
26/01/2024 23:00,72.22
26/01/2024 23:15,65.07
26/01/2024 23:30,60.73
26/01/2024 23:45,47.46
27/01/2024 00:00,72.56
27/01/2024 00:15,69.86
27/01/2024 00:30,74.24
27/01/2024 00:45,64.6
27/01/2024 01:00,56.23
27/01/2024 01:15,49.91
27/01/2024 01:30,50.11
27/01/2024 01:45,43.04
27/01/2024 02:00,53.65
27/01/2024 02:15,60.31
27/01/2024 02:30,51.92
27/01/2024 02:45,43.04
27/01/2024 03:00,48.11
27/01/2024 03:15,47.26
27/01/2024 03:30,48.98
27/01/2024 03:45,57.48
27/01/2024 04:00,45.95
27/01/2024 04:15,64.02
27/01/2024 04:30,63.63
27/01/2024 04:45,74.37
27/01/2024 05:00,55.95
27/01/2024 05:15,56.57
27/01/2024 05:30,66.25
27/01/2024 05:45,65.02
27/01/2024 06:00,43
27/01/2024 06:15,51.72
27/01/2024 06:30,63.5
27/01/2024 06:45,70.27
27/01/2024 07:00,27.87
27/01/2024 07:15,44.16
27/01/2024 07:30,60.81
27/01/2024 07:45,58.83
27/01/2024 08:00,38.02
27/01/2024 08:15,49.07
27/01/2024 08:30,64.6
27/01/2024 08:45,42.58
27/01/2024 09:00,68.55
27/01/2024 09:15,58.55
27/01/2024 09:30,38.88
27/01/2024 09:45,22.06
27/01/2024 10:00,76.47
27/01/2024 10:15,37.36
27/01/2024 10:30,15.34
27/01/2024 10:45,1.33
27/01/2024 11:00,37.94
27/01/2024 11:15,22.36
27/01/2024 11:30,15.29
27/01/2024 11:45,5.4
27/01/2024 12:00,16.8
27/01/2024 12:15,24.19
27/01/2024 12:30,19.21
27/01/2024 12:45,13
27/01/2024 13:00,-5.06
27/01/2024 13:15,-3.04
27/01/2024 13:30,5.63
27/01/2024 13:45,10.19
27/01/2024 14:00,-3.15
27/01/2024 14:15,26.35
27/01/2024 14:30,53.17
27/01/2024 14:45,82.16
27/01/2024 15:00,-0.92
27/01/2024 15:15,49.72
27/01/2024 15:30,71.17
27/01/2024 15:45,88.47
27/01/2024 16:00,55.89
27/01/2024 16:15,82.23
27/01/2024 16:30,99.21
27/01/2024 16:45,100.11
27/01/2024 17:00,57.84
27/01/2024 17:15,65.89
27/01/2024 17:30,73.91
27/01/2024 17:45,74.01
27/01/2024 18:00,93.07
27/01/2024 18:15,69.54
27/01/2024 18:30,70.25
27/01/2024 18:45,58.46
27/01/2024 19:00,85.72
27/01/2024 19:15,63.22
27/01/2024 19:30,55.85
27/01/2024 19:45,55.96
27/01/2024 20:00,79.67
27/01/2024 20:15,68.14
27/01/2024 20:30,59.03
27/01/2024 20:45,51.57
27/01/2024 21:00,80.77
27/01/2024 21:15,73.66
27/01/2024 21:30,65.89
27/01/2024 21:45,52.16
27/01/2024 22:00,62.56
27/01/2024 22:15,56.63
27/01/2024 22:30,52.31
27/01/2024 22:45,40.83
27/01/2024 23:00,52.96
27/01/2024 23:15,57.09
27/01/2024 23:30,56.22
27/01/2024 23:45,49.22
28/01/2024 00:00,50.15
28/01/2024 00:15,56.84
28/01/2024 00:30,49.75
28/01/2024 00:45,48.77
28/01/2024 01:00,47.82
28/01/2024 01:15,53.01
28/01/2024 01:30,54.23
28/01/2024 01:45,59.49
28/01/2024 02:00,42.86
28/01/2024 02:15,50.64
28/01/2024 02:30,43.6
28/01/2024 02:45,45.25
28/01/2024 03:00,52.56
28/01/2024 03:15,51.69
28/01/2024 03:30,44.54
28/01/2024 03:45,40.93
28/01/2024 04:00,48.35
28/01/2024 04:15,44.04
28/01/2024 04:30,39.44
28/01/2024 04:45,33.89
28/01/2024 05:00,59.6
28/01/2024 05:15,50.93
28/01/2024 05:30,50.35
28/01/2024 05:45,42.74
28/01/2024 06:00,46.27
28/01/2024 06:15,49.78
28/01/2024 06:30,52.06
28/01/2024 06:45,46.54
28/01/2024 07:00,40.86
28/01/2024 07:15,50.56
28/01/2024 07:30,46.5
28/01/2024 07:45,49.95
28/01/2024 08:00,60.54
28/01/2024 08:15,57.69
28/01/2024 08:30,51.53
28/01/2024 08:45,16.2
28/01/2024 09:00,65.93
28/01/2024 09:15,27.88
28/01/2024 09:30,5.55
28/01/2024 09:45,-5.67
28/01/2024 10:00,84.95
28/01/2024 10:15,11.14
28/01/2024 10:30,1.26
28/01/2024 10:45,-5.93
28/01/2024 11:00,38.63
28/01/2024 11:15,15.01
28/01/2024 11:30,18.5
28/01/2024 11:45,38.11
28/01/2024 12:00,45.94
28/01/2024 12:15,15.81
28/01/2024 12:30,-0.53
28/01/2024 12:45,-5.04
28/01/2024 13:00,-26.18
28/01/2024 13:15,-21.12
28/01/2024 13:30,-7.42
28/01/2024 13:45,-1.09
28/01/2024 14:00,-3.58
28/01/2024 14:15,5.9
28/01/2024 14:30,50.68
28/01/2024 14:45,70.57
28/01/2024 15:00,13.15
28/01/2024 15:15,64.4
28/01/2024 15:30,66.29
28/01/2024 15:45,71.46
28/01/2024 16:00,55.51
28/01/2024 16:15,75.16
28/01/2024 16:30,73.73
28/01/2024 16:45,74.45
28/01/2024 17:00,75.62
28/01/2024 17:15,92.45
28/01/2024 17:30,81.07
28/01/2024 17:45,47.34
28/01/2024 18:00,64.71
28/01/2024 18:15,58.62
28/01/2024 18:30,51.44
28/01/2024 18:45,35
28/01/2024 19:00,42.02
28/01/2024 19:15,40.1
28/01/2024 19:30,42.98
28/01/2024 19:45,28.93
28/01/2024 20:00,59.53
28/01/2024 20:15,60.73
28/01/2024 20:30,49.95
28/01/2024 20:45,28.36
28/01/2024 21:00,36.53
28/01/2024 21:15,24.24
28/01/2024 21:30,19.53
28/01/2024 21:45,17.59
28/01/2024 22:00,51.92
28/01/2024 22:15,41.34
28/01/2024 22:30,34.1
28/01/2024 22:45,20.88
28/01/2024 23:00,48.55
28/01/2024 23:15,30.7
28/01/2024 23:30,9.11
28/01/2024 23:45,10.65
29/01/2024 00:00,54.35
29/01/2024 00:15,58.45
29/01/2024 00:30,45.07
29/01/2024 00:45,37.8
29/01/2024 01:00,57.81
29/01/2024 01:15,50.74
29/01/2024 01:30,48.46
29/01/2024 01:45,39.52
29/01/2024 02:00,51.36
29/01/2024 02:15,49.34
29/01/2024 02:30,33.95
29/01/2024 02:45,38.53
29/01/2024 03:00,23.87
29/01/2024 03:15,27.22
29/01/2024 03:30,35.46
29/01/2024 03:45,53
29/01/2024 04:00,44.07
29/01/2024 04:15,60.66
29/01/2024 04:30,70
29/01/2024 04:45,74.62
29/01/2024 05:00,53.84
29/01/2024 05:15,61.52
29/01/2024 05:30,72.15
29/01/2024 05:45,69.13
29/01/2024 06:00,43.23
29/01/2024 06:15,78.16
29/01/2024 06:30,83.61
29/01/2024 06:45,86.88
29/01/2024 07:00,57.08
29/01/2024 07:15,79.09
29/01/2024 07:30,95.15
29/01/2024 07:45,115.77
29/01/2024 08:00,101.97
29/01/2024 08:15,92.6
29/01/2024 08:30,88.54
29/01/2024 08:45,79.79
29/01/2024 09:00,109.6
29/01/2024 09:15,81.53
29/01/2024 09:30,65.59
29/01/2024 09:45,49.12
29/01/2024 10:00,80.25
29/01/2024 10:15,69.32
29/01/2024 10:30,62.7
29/01/2024 10:45,58.07
29/01/2024 11:00,59.48
29/01/2024 11:15,60.82
29/01/2024 11:30,62.37
29/01/2024 11:45,71.64
29/01/2024 12:00,58.1
29/01/2024 12:15,60.38
29/01/2024 12:30,62.99
29/01/2024 12:45,69.27
29/01/2024 13:00,67.24
29/01/2024 13:15,72.47
29/01/2024 13:30,72.68
29/01/2024 13:45,73.77
29/01/2024 14:00,51.2
29/01/2024 14:15,62.33
29/01/2024 14:30,76.49
29/01/2024 14:45,71.75
29/01/2024 15:00,48.96
29/01/2024 15:15,72.54
29/01/2024 15:30,92.94
29/01/2024 15:45,100.31
29/01/2024 16:00,77.85
29/01/2024 16:15,92.17
29/01/2024 16:30,114.74
29/01/2024 16:45,138.17
29/01/2024 17:00,70.11
29/01/2024 17:15,71.38
29/01/2024 17:30,80.03
29/01/2024 17:45,75.4
29/01/2024 18:00,99.92
29/01/2024 18:15,79.09
29/01/2024 18:30,78.76
29/01/2024 18:45,78.15
29/01/2024 19:00,87.01
29/01/2024 19:15,78.83
29/01/2024 19:30,71.97
29/01/2024 19:45,68.97
29/01/2024 20:00,100.08
29/01/2024 20:15,86
29/01/2024 20:30,70.78
29/01/2024 20:45,70.13
29/01/2024 21:00,87.88
29/01/2024 21:15,74.32
29/01/2024 21:30,64.78
29/01/2024 21:45,60.06
29/01/2024 22:00,97.21
29/01/2024 22:15,80.96
29/01/2024 22:30,74.15
29/01/2024 22:45,65.73
29/01/2024 23:00,82.11
29/01/2024 23:15,72.96
29/01/2024 23:30,65.25
29/01/2024 23:45,62.24
30/01/2024 00:00,92.72
30/01/2024 00:15,71.29
30/01/2024 00:30,60.32
30/01/2024 00:45,59.15
30/01/2024 01:00,80.26
30/01/2024 01:15,69.11
30/01/2024 01:30,70.07
30/01/2024 01:45,78.65
30/01/2024 02:00,69.83
30/01/2024 02:15,64.98
30/01/2024 02:30,61.73
30/01/2024 02:45,58.22
30/01/2024 03:00,79.94
30/01/2024 03:15,68.55
30/01/2024 03:30,61.25
30/01/2024 03:45,53.33
30/01/2024 04:00,69.97
30/01/2024 04:15,62.96
30/01/2024 04:30,45.92
30/01/2024 04:45,41.1
30/01/2024 05:00,57.56
30/01/2024 05:15,62.1
30/01/2024 05:30,66.31
30/01/2024 05:45,72.96
30/01/2024 06:00,51.65
30/01/2024 06:15,67.75
30/01/2024 06:30,84.29
30/01/2024 06:45,103.73
30/01/2024 07:00,84.62
30/01/2024 07:15,90.11
30/01/2024 07:30,99.31
30/01/2024 07:45,120.37
30/01/2024 08:00,129.91
30/01/2024 08:15,94.61
30/01/2024 08:30,83.88
30/01/2024 08:45,87.57
30/01/2024 09:00,103.68
30/01/2024 09:15,91.27
30/01/2024 09:30,62.18
30/01/2024 09:45,50.07
30/01/2024 10:00,83.1
30/01/2024 10:15,74.75
30/01/2024 10:30,81.51
30/01/2024 10:45,91.24
30/01/2024 11:00,89.31
30/01/2024 11:15,88.73
30/01/2024 11:30,84.78
30/01/2024 11:45,92.54
30/01/2024 12:00,90.13
30/01/2024 12:15,77.72
30/01/2024 12:30,79.5
30/01/2024 12:45,75.21
30/01/2024 13:00,64.4
30/01/2024 13:15,63.58
30/01/2024 13:30,78.41
30/01/2024 13:45,80.89
30/01/2024 14:00,64.47
30/01/2024 14:15,78.76
30/01/2024 14:30,80.34
30/01/2024 14:45,77.28
30/01/2024 15:00,76.58
30/01/2024 15:15,77.53
30/01/2024 15:30,80
30/01/2024 15:45,82.01
30/01/2024 16:00,73.05
30/01/2024 16:15,87.24
30/01/2024 16:30,90.93
30/01/2024 16:45,92.21
30/01/2024 17:00,77.09
30/01/2024 17:15,93.78
30/01/2024 17:30,96.95
30/01/2024 17:45,87.87
30/01/2024 18:00,98.28
30/01/2024 18:15,80.33
30/01/2024 18:30,88.26
30/01/2024 18:45,83.33
30/01/2024 19:00,108.14
30/01/2024 19:15,99.7
30/01/2024 19:30,90.94
30/01/2024 19:45,91.46
30/01/2024 20:00,110.58
30/01/2024 20:15,90.11
30/01/2024 20:30,77.02
30/01/2024 20:45,68.34
30/01/2024 21:00,88.99
30/01/2024 21:15,75.55
30/01/2024 21:30,67.03
30/01/2024 21:45,61.75
30/01/2024 22:00,92.26
30/01/2024 22:15,75.06
30/01/2024 22:30,92.25
30/01/2024 22:45,63.67
30/01/2024 23:00,72.24
30/01/2024 23:15,68.14
30/01/2024 23:30,59.16
30/01/2024 23:45,37.97
31/01/2024 00:00,68.29
31/01/2024 00:15,62.96
31/01/2024 00:30,58.32
31/01/2024 00:45,52.16
31/01/2024 01:00,65.63
31/01/2024 01:15,64.52
31/01/2024 01:30,59.68
31/01/2024 01:45,62.32
31/01/2024 02:00,56.59
31/01/2024 02:15,60.55
31/01/2024 02:30,51.01
31/01/2024 02:45,44.99
31/01/2024 03:00,39.58
31/01/2024 03:15,56.91
31/01/2024 03:30,68.52
31/01/2024 03:45,95.84
31/01/2024 04:00,61.76
31/01/2024 04:15,73.24
31/01/2024 04:30,80.13
31/01/2024 04:45,76.62
31/01/2024 05:00,52
31/01/2024 05:15,58.24
31/01/2024 05:30,80.68
31/01/2024 05:45,99.12
31/01/2024 06:00,62.62
31/01/2024 06:15,83.15
31/01/2024 06:30,87.27
31/01/2024 06:45,91.77
31/01/2024 07:00,86.32
31/01/2024 07:15,108.87
31/01/2024 07:30,161.98
31/01/2024 07:45,493.84
31/01/2024 08:00,366.54
31/01/2024 08:15,470.89
31/01/2024 08:30,372.09
31/01/2024 08:45,140.77
31/01/2024 09:00,136.18
31/01/2024 09:15,104.56
31/01/2024 09:30,108.52
31/01/2024 09:45,91.01
31/01/2024 10:00,127.19
31/01/2024 10:15,101.83
31/01/2024 10:30,77.05
31/01/2024 10:45,82.89
31/01/2024 11:00,114.04
31/01/2024 11:15,89.62
31/01/2024 11:30,76.78
31/01/2024 11:45,67.43
31/01/2024 12:00,102.89
31/01/2024 12:15,85.2
31/01/2024 12:30,78.87
31/01/2024 12:45,88.95
31/01/2024 13:00,101.42
31/01/2024 13:15,108.4
31/01/2024 13:30,101.76
31/01/2024 13:45,83.25
31/01/2024 14:00,90.45
31/01/2024 14:15,95.01
31/01/2024 14:30,87.18
31/01/2024 14:45,75.48
31/01/2024 15:00,65.23
31/01/2024 15:15,80.56
31/01/2024 15:30,92.25
31/01/2024 15:45,83.44
31/01/2024 16:00,65.08
31/01/2024 16:15,72.35
31/01/2024 16:30,78.6
31/01/2024 16:45,85.24
31/01/2024 17:00,83.58
31/01/2024 17:15,85.55
31/01/2024 17:30,89.54
31/01/2024 17:45,73.41
31/01/2024 18:00,85.97
31/01/2024 18:15,76.32
31/01/2024 18:30,93.56
31/01/2024 18:45,84.57
31/01/2024 19:00,105.97
31/01/2024 19:15,81.72
31/01/2024 19:30,72.67
31/01/2024 19:45,58.41
31/01/2024 20:00,112.35
31/01/2024 20:15,93.27
31/01/2024 20:30,79.16
31/01/2024 20:45,75.94
31/01/2024 21:00,93.53
31/01/2024 21:15,86.61
31/01/2024 21:30,72.5
31/01/2024 21:45,42.22
31/01/2024 22:00,75.26
31/01/2024 22:15,65.75
31/01/2024 22:30,62.64
31/01/2024 22:45,20
31/01/2024 23:00,77.2
31/01/2024 23:15,65.28
31/01/2024 23:30,63.61
31/01/2024 23:45,19.62
01/02/2024 00:00,70.82
01/02/2024 00:15,40.61
01/02/2024 00:30,9.55
01/02/2024 00:45,0.5
01/02/2024 01:00,53.43
01/02/2024 01:15,63.39
01/02/2024 01:30,63.86
01/02/2024 01:45,66.66
01/02/2024 02:00,36.47
01/02/2024 02:15,45.38
01/02/2024 02:30,65.3
01/02/2024 02:45,66.1
01/02/2024 03:00,9.04
01/02/2024 03:15,25.53
01/02/2024 03:30,40.16
01/02/2024 03:45,49.79
01/02/2024 04:00,-2.83
01/02/2024 04:15,27.99
01/02/2024 04:30,42.24
01/02/2024 04:45,59.97
01/02/2024 05:00,23.04
01/02/2024 05:15,52
01/02/2024 05:30,59.96
01/02/2024 05:45,71.68
01/02/2024 06:00,21.15
01/02/2024 06:15,41.91
01/02/2024 06:30,67.12
01/02/2024 06:45,80.7
01/02/2024 07:00,38.19
01/02/2024 07:15,75.25
01/02/2024 07:30,82.61
01/02/2024 07:45,83.37
01/02/2024 08:00,78.96
01/02/2024 08:15,85.11
01/02/2024 08:30,83.95
01/02/2024 08:45,74.91
01/02/2024 09:00,82.56
01/02/2024 09:15,71.47
01/02/2024 09:30,74.5
01/02/2024 09:45,86.65
01/02/2024 10:00,113.27
01/02/2024 10:15,95.22
01/02/2024 10:30,69.49
01/02/2024 10:45,55.87
01/02/2024 11:00,90.69
01/02/2024 11:15,67.96
01/02/2024 11:30,64.55
01/02/2024 11:45,57.94
01/02/2024 12:00,80.17
01/02/2024 12:15,77.81
01/02/2024 12:30,72.93
01/02/2024 12:45,65.14
01/02/2024 13:00,74.95
01/02/2024 13:15,78.1
01/02/2024 13:30,78.27
01/02/2024 13:45,72.02
01/02/2024 14:00,51.22
01/02/2024 14:15,66.65
01/02/2024 14:30,87.86
01/02/2024 14:45,92.46
01/02/2024 15:00,35.12
01/02/2024 15:15,55.28
01/02/2024 15:30,77.32
01/02/2024 15:45,95.42
01/02/2024 16:00,66.22
01/02/2024 16:15,85.81
01/02/2024 16:30,108.77
01/02/2024 16:45,118.13
01/02/2024 17:00,97.07
01/02/2024 17:15,142.28
01/02/2024 17:30,108.71
01/02/2024 17:45,84.6
01/02/2024 18:00,73.33
01/02/2024 18:15,78.86
01/02/2024 18:30,83.7
01/02/2024 18:45,78.9
01/02/2024 19:00,112.9
01/02/2024 19:15,80.71
01/02/2024 19:30,69.21
01/02/2024 19:45,68.72
01/02/2024 20:00,87.69
01/02/2024 20:15,82.33
01/02/2024 20:30,78.01
01/02/2024 20:45,78.63
01/02/2024 21:00,86.14
01/02/2024 21:15,81.11
01/02/2024 21:30,69.85
01/02/2024 21:45,51.46
01/02/2024 22:00,75.53
01/02/2024 22:15,69.22
01/02/2024 22:30,72.19
01/02/2024 22:45,67.62
01/02/2024 23:00,84.08
01/02/2024 23:15,78.52
01/02/2024 23:30,41.21
01/02/2024 23:45,22.3
02/02/2024 00:00,69.33
02/02/2024 00:15,48.75
02/02/2024 00:30,39.16
02/02/2024 00:45,29.83
02/02/2024 01:00,61.35
02/02/2024 01:15,53.71
02/02/2024 01:30,54.67
02/02/2024 01:45,59.8
02/02/2024 02:00,71.74
02/02/2024 02:15,80.1
02/02/2024 02:30,66.93
02/02/2024 02:45,71.41
02/02/2024 03:00,69.29
02/02/2024 03:15,59.5
02/02/2024 03:30,55.69
02/02/2024 03:45,47.98
02/02/2024 04:00,54.41
02/02/2024 04:15,60.92
02/02/2024 04:30,65.38
02/02/2024 04:45,63.67
02/02/2024 05:00,41.64
02/02/2024 05:15,56.05
02/02/2024 05:30,62.15
02/02/2024 05:45,65.27
02/02/2024 06:00,53.96
02/02/2024 06:15,66.32
02/02/2024 06:30,76.37
02/02/2024 06:45,71.08
02/02/2024 07:00,59.39
02/02/2024 07:15,73.01
02/02/2024 07:30,75.6
02/02/2024 07:45,68.74
02/02/2024 08:00,72.36
02/02/2024 08:15,70.35
02/02/2024 08:30,72.92
02/02/2024 08:45,75.88
02/02/2024 09:00,97.57
02/02/2024 09:15,71.75
02/02/2024 09:30,54.33
02/02/2024 09:45,47.22
02/02/2024 10:00,70.15
02/02/2024 10:15,54.43
02/02/2024 10:30,43.36
02/02/2024 10:45,45.17
02/02/2024 11:00,62.53
02/02/2024 11:15,53.78
02/02/2024 11:30,52.97
02/02/2024 11:45,34.03
02/02/2024 12:00,64.49
02/02/2024 12:15,47.25
02/02/2024 12:30,34.76
02/02/2024 12:45,29.56
02/02/2024 13:00,48.6
02/02/2024 13:15,44.47
02/02/2024 13:30,42.87
02/02/2024 13:45,32.1
02/02/2024 14:00,43.67
02/02/2024 14:15,43.95
02/02/2024 14:30,45.93
02/02/2024 14:45,49.57
02/02/2024 15:00,37.78
02/02/2024 15:15,49.59
02/02/2024 15:30,54.39
02/02/2024 15:45,61.67
02/02/2024 16:00,36.58
02/02/2024 16:15,50.94
02/02/2024 16:30,59.09
02/02/2024 16:45,66.5
02/02/2024 17:00,45.74
02/02/2024 17:15,66.09
02/02/2024 17:30,72.5
02/02/2024 17:45,73.43
02/02/2024 18:00,82.33
02/02/2024 18:15,70.96
02/02/2024 18:30,61.1
02/02/2024 18:45,52.68
02/02/2024 19:00,70.64
02/02/2024 19:15,66.01
02/02/2024 19:30,59.54
02/02/2024 19:45,49.72
02/02/2024 20:00,70.82
02/02/2024 20:15,61.34
02/02/2024 20:30,55.24
02/02/2024 20:45,42.99
02/02/2024 21:00,66.89
02/02/2024 21:15,52.07
02/02/2024 21:30,39.61
02/02/2024 21:45,19.72
02/02/2024 22:00,55.42
02/02/2024 22:15,51.07
02/02/2024 22:30,44.57
02/02/2024 22:45,20.72
02/02/2024 23:00,52.4
02/02/2024 23:15,42
02/02/2024 23:30,30.4
02/02/2024 23:45,16.79
03/02/2024 00:00,54.01
03/02/2024 00:15,47.09
03/02/2024 00:30,49.11
03/02/2024 00:45,14.02
03/02/2024 01:00,28.74
03/02/2024 01:15,19.8
03/02/2024 01:30,9.21
03/02/2024 01:45,-0.49
03/02/2024 02:00,19.5
03/02/2024 02:15,10.71
03/02/2024 02:30,13.58
03/02/2024 02:45,0.74
03/02/2024 03:00,4.87
03/02/2024 03:15,3.8
03/02/2024 03:30,0.94
03/02/2024 03:45,2.23
03/02/2024 04:00,-0.93
03/02/2024 04:15,-0.96
03/02/2024 04:30,0.54
03/02/2024 04:45,3.22
03/02/2024 05:00,-2.15
03/02/2024 05:15,-5.39
03/02/2024 05:30,-2.16
03/02/2024 05:45,17.17
03/02/2024 06:00,-5.15
03/02/2024 06:15,9.63
03/02/2024 06:30,34.32
03/02/2024 06:45,59.49
03/02/2024 07:00,31.93
03/02/2024 07:15,41
03/02/2024 07:30,67.32
03/02/2024 07:45,72.46
03/02/2024 08:00,38.64
03/02/2024 08:15,56.97
03/02/2024 08:30,65.78
03/02/2024 08:45,65.45
03/02/2024 09:00,57.82
03/02/2024 09:15,46.94
03/02/2024 09:30,38.82
03/02/2024 09:45,38.15
03/02/2024 10:00,51.79
03/02/2024 10:15,48.4
03/02/2024 10:30,43.06
03/02/2024 10:45,25.07
03/02/2024 11:00,24.99
03/02/2024 11:15,21.56
03/02/2024 11:30,30.84
03/02/2024 11:45,19.9
03/02/2024 12:00,21.23
03/02/2024 12:15,23.89
03/02/2024 12:30,26.77
03/02/2024 12:45,18.56
03/02/2024 13:00,28.3
03/02/2024 13:15,23.19
03/02/2024 13:30,34.42
03/02/2024 13:45,34.98
03/02/2024 14:00,26.28
03/02/2024 14:15,43.38
03/02/2024 14:30,51.48
03/02/2024 14:45,56.54
03/02/2024 15:00,16.73
03/02/2024 15:15,46.17
03/02/2024 15:30,57.02
03/02/2024 15:45,57.54
03/02/2024 16:00,26.57
03/02/2024 16:15,49.53
03/02/2024 16:30,58.03
03/02/2024 16:45,62.4
03/02/2024 17:00,25.78
03/02/2024 17:15,35.18
03/02/2024 17:30,41.7
03/02/2024 17:45,62.59
03/02/2024 18:00,44.84
03/02/2024 18:15,42.25
03/02/2024 18:30,38.66
03/02/2024 18:45,48.74
03/02/2024 19:00,163.72
03/02/2024 19:15,96.87
03/02/2024 19:30,65.29
03/02/2024 19:45,47.92
03/02/2024 20:00,59.69
03/02/2024 20:15,43.17
03/02/2024 20:30,34.02
03/02/2024 20:45,27.32
03/02/2024 21:00,44.89
03/02/2024 21:15,41.47
03/02/2024 21:30,44.37
03/02/2024 21:45,29.45
03/02/2024 22:00,51.62
03/02/2024 22:15,45.02
03/02/2024 22:30,47.39
03/02/2024 22:45,49.02
03/02/2024 23:00,67.13
03/02/2024 23:15,53.4
03/02/2024 23:30,42.18
03/02/2024 23:45,7.36
04/02/2024 00:00,32.35
04/02/2024 00:15,9.94
04/02/2024 00:30,3.49
04/02/2024 00:45,2.18
04/02/2024 01:00,24.66
04/02/2024 01:15,17.95
04/02/2024 01:30,20.89
04/02/2024 01:45,4.07
04/02/2024 02:00,1.77
04/02/2024 02:15,-0.91
04/02/2024 02:30,-0.9
04/02/2024 02:45,-2.67
04/02/2024 03:00,1.47
04/02/2024 03:15,-1.05
04/02/2024 03:30,0.29
04/02/2024 03:45,0.19
04/02/2024 04:00,-1.3
04/02/2024 04:15,-1.15
04/02/2024 04:30,-3.09
04/02/2024 04:45,-6.09
04/02/2024 05:00,-7.85
04/02/2024 05:15,-21.38
04/02/2024 05:30,-20.91
04/02/2024 05:45,-20.16
04/02/2024 06:00,-20.88
04/02/2024 06:15,-19.96
04/02/2024 06:30,-15.17
04/02/2024 06:45,-9.88
04/02/2024 07:00,-7.03
04/02/2024 07:15,-0.66
04/02/2024 07:30,-1.57
04/02/2024 07:45,-3.66
04/02/2024 08:00,-1.85
04/02/2024 08:15,-5.16
04/02/2024 08:30,-1.41
04/02/2024 08:45,-0.97
04/02/2024 09:00,7.37
04/02/2024 09:15,3.45
04/02/2024 09:30,-0.92
04/02/2024 09:45,0.04
04/02/2024 10:00,1.35
04/02/2024 10:15,-1.86
04/02/2024 10:30,-1.37
04/02/2024 10:45,-3.16
04/02/2024 11:00,-2.1
04/02/2024 11:15,-2.81
04/02/2024 11:30,-9.33
04/02/2024 11:45,-9.86
04/02/2024 12:00,-4.95
04/02/2024 12:15,-20.19
04/02/2024 12:30,-20.63
04/02/2024 12:45,-17.06
04/02/2024 13:00,-17.9
04/02/2024 13:15,-9
04/02/2024 13:30,-3.94
04/02/2024 13:45,-3.7
04/02/2024 14:00,-7.29
04/02/2024 14:15,-7.22
04/02/2024 14:30,-5.28
04/02/2024 14:45,-5.22
04/02/2024 15:00,-5.18
04/02/2024 15:15,-3.65
04/02/2024 15:30,0.77
04/02/2024 15:45,1.06
04/02/2024 16:00,-4.52
04/02/2024 16:15,-2.43
04/02/2024 16:30,12.27
04/02/2024 16:45,19.44
04/02/2024 17:00,-1.26
04/02/2024 17:15,15.71
04/02/2024 17:30,24.68
04/02/2024 17:45,22.01
04/02/2024 18:00,17.39
04/02/2024 18:15,26.43
04/02/2024 18:30,29.62
04/02/2024 18:45,14.8
04/02/2024 19:00,15.02
04/02/2024 19:15,16.82
04/02/2024 19:30,23.71
04/02/2024 19:45,6.72
04/02/2024 20:00,17.95
04/02/2024 20:15,4.75
04/02/2024 20:30,2.08
04/02/2024 20:45,1.38
04/02/2024 21:00,22.1
04/02/2024 21:15,22.79
04/02/2024 21:30,14.65
04/02/2024 21:45,7.39
04/02/2024 22:00,25.97
04/02/2024 22:15,21.9
04/02/2024 22:30,1.31
04/02/2024 22:45,-7.78
04/02/2024 23:00,0.92
04/02/2024 23:15,-4.18
04/02/2024 23:30,-2.72
04/02/2024 23:45,-1.96
05/02/2024 00:00,0.57
05/02/2024 00:15,-11.19
05/02/2024 00:30,-15.69
05/02/2024 00:45,-16.11
05/02/2024 01:00,-2.89
05/02/2024 01:15,-9.67
05/02/2024 01:30,-7.05
05/02/2024 01:45,-15.2
05/02/2024 02:00,-22.17
05/02/2024 02:15,-19.89
05/02/2024 02:30,-13.58
05/02/2024 02:45,-10.62
05/02/2024 03:00,-10.41
05/02/2024 03:15,-12.64
05/02/2024 03:30,-8.42
05/02/2024 03:45,-11.14
05/02/2024 04:00,-18.25
05/02/2024 04:15,-11.69
05/02/2024 04:30,-9.41
05/02/2024 04:45,-0.17
05/02/2024 05:00,-4.89
05/02/2024 05:15,11.41
05/02/2024 05:30,48.87
05/02/2024 05:45,67.4
05/02/2024 06:00,-2.82
05/02/2024 06:15,20.71
05/02/2024 06:30,59.52
05/02/2024 06:45,71.83
05/02/2024 07:00,32.13
05/02/2024 07:15,47.9
05/02/2024 07:30,61.05
05/02/2024 07:45,70.09
05/02/2024 08:00,64.33
05/02/2024 08:15,64.24
05/02/2024 08:30,61.09
05/02/2024 08:45,58.23
05/02/2024 09:00,61.32
05/02/2024 09:15,59.95
05/02/2024 09:30,58.36
05/02/2024 09:45,58.33
05/02/2024 10:00,72.38
05/02/2024 10:15,69.15
05/02/2024 10:30,65.07
05/02/2024 10:45,49.67
05/02/2024 11:00,80.43
05/02/2024 11:15,68.42
05/02/2024 11:30,55.63
05/02/2024 11:45,44.32
05/02/2024 12:00,56.12
05/02/2024 12:15,49.42
05/02/2024 12:30,41.45
05/02/2024 12:45,20.74
05/02/2024 13:00,16.46
05/02/2024 13:15,7.59
05/02/2024 13:30,9.17
05/02/2024 13:45,2.97
05/02/2024 14:00,-3.75
05/02/2024 14:15,0.97
05/02/2024 14:30,2.51
05/02/2024 14:45,20.2
05/02/2024 15:00,-0.22
05/02/2024 15:15,17.68
05/02/2024 15:30,37.38
05/02/2024 15:45,57.2
05/02/2024 16:00,31.87
05/02/2024 16:15,54.25
05/02/2024 16:30,66.62
05/02/2024 16:45,79.17
05/02/2024 17:00,49.93
05/02/2024 17:15,62.28
05/02/2024 17:30,78.51
05/02/2024 17:45,81.21
05/02/2024 18:00,67.43
05/02/2024 18:15,69.17
05/02/2024 18:30,70.9
05/02/2024 18:45,70.95
05/02/2024 19:00,80.7
05/02/2024 19:15,80.86
05/02/2024 19:30,67.17
05/02/2024 19:45,55.44
05/02/2024 20:00,70.43
05/02/2024 20:15,56.39
05/02/2024 20:30,48.97
05/02/2024 20:45,36.89
05/02/2024 21:00,64.93
05/02/2024 21:15,56.68
05/02/2024 21:30,49.94
05/02/2024 21:45,23.11
05/02/2024 22:00,64.94
05/02/2024 22:15,50.08
05/02/2024 22:30,42.17
05/02/2024 22:45,28.84
05/02/2024 23:00,55.55
05/02/2024 23:15,38.84
05/02/2024 23:30,14.19
05/02/2024 23:45,-1.32
06/02/2024 00:00,32
06/02/2024 00:15,35.55
06/02/2024 00:30,44.52
06/02/2024 00:45,14.52
06/02/2024 01:00,44.99
06/02/2024 01:15,33.43
06/02/2024 01:30,20.26
06/02/2024 01:45,2.59
06/02/2024 02:00,28.26
06/02/2024 02:15,16.4
06/02/2024 02:30,13.67
06/02/2024 02:45,10.27
06/02/2024 03:00,11.42
06/02/2024 03:15,16.67
06/02/2024 03:30,28.22
06/02/2024 03:45,33
06/02/2024 04:00,-0.83
06/02/2024 04:15,-1.97
06/02/2024 04:30,-2.81
06/02/2024 04:45,3.61
06/02/2024 05:00,4.83
06/02/2024 05:15,12.8
06/02/2024 05:30,36.74
06/02/2024 05:45,38.66
06/02/2024 06:00,5.03
06/02/2024 06:15,35.54
06/02/2024 06:30,64.23
06/02/2024 06:45,66.97
06/02/2024 07:00,41.47
06/02/2024 07:15,55.46
06/02/2024 07:30,71.48
06/02/2024 07:45,69.21
06/02/2024 08:00,50.44
06/02/2024 08:15,57
06/02/2024 08:30,58.02
06/02/2024 08:45,56.08
06/02/2024 09:00,64.88
06/02/2024 09:15,60.38
06/02/2024 09:30,54.08
06/02/2024 09:45,51.21
06/02/2024 10:00,76.2
06/02/2024 10:15,72
06/02/2024 10:30,68.98
06/02/2024 10:45,62.33
06/02/2024 11:00,88.57
06/02/2024 11:15,71.87
06/02/2024 11:30,70.52
06/02/2024 11:45,65.01
06/02/2024 12:00,75.73
06/02/2024 12:15,73.15
06/02/2024 12:30,66.11
06/02/2024 12:45,60.18
06/02/2024 13:00,66.99
06/02/2024 13:15,69.36
06/02/2024 13:30,75.12
06/02/2024 13:45,69.93
06/02/2024 14:00,57.25
06/02/2024 14:15,61.98
06/02/2024 14:30,54.29
06/02/2024 14:45,56.62
06/02/2024 15:00,37.78
06/02/2024 15:15,47.73
06/02/2024 15:30,66.6
06/02/2024 15:45,58.2
06/02/2024 16:00,30.97
06/02/2024 16:15,36.11
06/02/2024 16:30,40.77
06/02/2024 16:45,48.26
06/02/2024 17:00,41.36
06/02/2024 17:15,64.78
06/02/2024 17:30,71.9
06/02/2024 17:45,74.04
06/02/2024 18:00,63.32
06/02/2024 18:15,62.09
06/02/2024 18:30,63.7
06/02/2024 18:45,54.43
06/02/2024 19:00,64.33
06/02/2024 19:15,59.18
06/02/2024 19:30,51.27
06/02/2024 19:45,42.81
06/02/2024 20:00,38.6
06/02/2024 20:15,24.63
06/02/2024 20:30,26.1
06/02/2024 20:45,24.69
06/02/2024 21:00,49.23
06/02/2024 21:15,47.92
06/02/2024 21:30,37.92
06/02/2024 21:45,16.31
06/02/2024 22:00,55.4
06/02/2024 22:15,30.43
06/02/2024 22:30,20.65
06/02/2024 22:45,-1.09
06/02/2024 23:00,16.16
06/02/2024 23:15,3
06/02/2024 23:30,3.64
06/02/2024 23:45,1.77
07/02/2024 00:00,32.62
07/02/2024 00:15,23.97
07/02/2024 00:30,15.6
07/02/2024 00:45,-0.89
07/02/2024 01:00,6.28
07/02/2024 01:15,-9.85
07/02/2024 01:30,-15.29
07/02/2024 01:45,-11.49
07/02/2024 02:00,-7.18
07/02/2024 02:15,-3.29
07/02/2024 02:30,-1.4
07/02/2024 02:45,0.68
07/02/2024 03:00,-5.23
07/02/2024 03:15,-6.66
07/02/2024 03:30,-6.8
07/02/2024 03:45,-15.58
07/02/2024 04:00,-34.63
07/02/2024 04:15,-26.62
07/02/2024 04:30,-16.27
07/02/2024 04:45,-11.2
07/02/2024 05:00,3.44
07/02/2024 05:15,10.92
07/02/2024 05:30,59.83
07/02/2024 05:45,78.03
07/02/2024 06:00,40.92
07/02/2024 06:15,97.11
07/02/2024 06:30,108.12
07/02/2024 06:45,94.49
07/02/2024 07:00,45.12
07/02/2024 07:15,56.04
07/02/2024 07:30,74.69
07/02/2024 07:45,76.87
07/02/2024 08:00,60.94
07/02/2024 08:15,74.28
07/02/2024 08:30,75.54
07/02/2024 08:45,71.74
07/02/2024 09:00,77.22
07/02/2024 09:15,76.44
07/02/2024 09:30,80.69
07/02/2024 09:45,89.16
07/02/2024 10:00,107.37
07/02/2024 10:15,96.76
07/02/2024 10:30,83.68
07/02/2024 10:45,82.42
07/02/2024 11:00,90.16
07/02/2024 11:15,76.67
07/02/2024 11:30,67.98
07/02/2024 11:45,71.41
07/02/2024 12:00,79.6
07/02/2024 12:15,84.88
07/02/2024 12:30,89.64
07/02/2024 12:45,91.26
07/02/2024 13:00,79.03
07/02/2024 13:15,76.34
07/02/2024 13:30,75.34
07/02/2024 13:45,84.47
07/02/2024 14:00,79.99
07/02/2024 14:15,90.22
07/02/2024 14:30,93.79
07/02/2024 14:45,113.37
07/02/2024 15:00,87.42
07/02/2024 15:15,98.63
07/02/2024 15:30,86.98
07/02/2024 15:45,94.14
07/02/2024 16:00,88.43
07/02/2024 16:15,92.98
07/02/2024 16:30,103.08
07/02/2024 16:45,106.49
07/02/2024 17:00,86.06
07/02/2024 17:15,97.97
07/02/2024 17:30,133.46
07/02/2024 17:45,171.1
07/02/2024 18:00,202.47
07/02/2024 18:15,226.7
07/02/2024 18:30,321.79
07/02/2024 18:45,338.4
07/02/2024 19:00,193.84
07/02/2024 19:15,115.78
07/02/2024 19:30,87.15
07/02/2024 19:45,89.69
07/02/2024 20:00,114
07/02/2024 20:15,90.43
07/02/2024 20:30,66.49
07/02/2024 20:45,59.99
07/02/2024 21:00,89.15
07/02/2024 21:15,78.39
07/02/2024 21:30,63.71
07/02/2024 21:45,49.87
07/02/2024 22:00,89.55
07/02/2024 22:15,72.67
07/02/2024 22:30,68.03
07/02/2024 22:45,60.03
07/02/2024 23:00,84.06
07/02/2024 23:15,67.65
07/02/2024 23:30,69.86
07/02/2024 23:45,70.84
08/02/2024 00:00,84.1
08/02/2024 00:15,85.56
08/02/2024 00:30,76.85
08/02/2024 00:45,73.11
08/02/2024 01:00,88.89
08/02/2024 01:15,83.8
08/02/2024 01:30,76.13
08/02/2024 01:45,77.53
08/02/2024 02:00,78.85
08/02/2024 02:15,75.87
08/02/2024 02:30,71.37
08/02/2024 02:45,70.49
08/02/2024 03:00,70.56
08/02/2024 03:15,73.89
08/02/2024 03:30,74.25
08/02/2024 03:45,73.27
08/02/2024 04:00,71.21
08/02/2024 04:15,70.43
08/02/2024 04:30,69.53
08/02/2024 04:45,70.8
08/02/2024 05:00,82.61
08/02/2024 05:15,79.82
08/02/2024 05:30,74.44
08/02/2024 05:45,77.77
08/02/2024 06:00,76.1
08/02/2024 06:15,81.14
08/02/2024 06:30,85.78
08/02/2024 06:45,99.87
08/02/2024 07:00,75.9
08/02/2024 07:15,79.53
08/02/2024 07:30,98.79
08/02/2024 07:45,124.28
08/02/2024 08:00,128.51
08/02/2024 08:15,129.89
08/02/2024 08:30,129.42
08/02/2024 08:45,109.78
08/02/2024 09:00,130.29
08/02/2024 09:15,106.02
08/02/2024 09:30,91.59
08/02/2024 09:45,88.58
08/02/2024 10:00,101.09
08/02/2024 10:15,81.14
08/02/2024 10:30,79.06
08/02/2024 10:45,78.92
08/02/2024 11:00,82.38
08/02/2024 11:15,80.74
08/02/2024 11:30,80.49
08/02/2024 11:45,87
08/02/2024 12:00,95.91
08/02/2024 12:15,85.82
08/02/2024 12:30,84.09
08/02/2024 12:45,80.11
08/02/2024 13:00,93.78
08/02/2024 13:15,82.03
08/02/2024 13:30,86.94
08/02/2024 13:45,84.92
08/02/2024 14:00,82.52
08/02/2024 14:15,85.06
08/02/2024 14:30,89.73
08/02/2024 14:45,92.34
08/02/2024 15:00,84.42
08/02/2024 15:15,84.27
08/02/2024 15:30,89.11
08/02/2024 15:45,96.02
08/02/2024 16:00,89.29
08/02/2024 16:15,87.68
08/02/2024 16:30,84.05
08/02/2024 16:45,75.23
08/02/2024 17:00,81.07
08/02/2024 17:15,82.02
08/02/2024 17:30,71.96
08/02/2024 17:45,76.41
08/02/2024 18:00,93.33
08/02/2024 18:15,85.69
08/02/2024 18:30,84.72
08/02/2024 18:45,81.05
08/02/2024 19:00,80.6
08/02/2024 19:15,83.1
08/02/2024 19:30,80.39
08/02/2024 19:45,72.51
08/02/2024 20:00,91.84
08/02/2024 20:15,84.19
08/02/2024 20:30,76.82
08/02/2024 20:45,72.36
08/02/2024 21:00,80.5
08/02/2024 21:15,70.99
08/02/2024 21:30,65.61
08/02/2024 21:45,66.33
08/02/2024 22:00,100.06
08/02/2024 22:15,83.92
08/02/2024 22:30,76.83
08/02/2024 22:45,82.92
08/02/2024 23:00,88.88
08/02/2024 23:15,84.8
08/02/2024 23:30,68.1
08/02/2024 23:45,48.09
09/02/2024 00:00,87.45
09/02/2024 00:15,75.22
09/02/2024 00:30,62.13
09/02/2024 00:45,62.57
09/02/2024 01:00,87.07
09/02/2024 01:15,79.19
09/02/2024 01:30,63.13
09/02/2024 01:45,53.82
09/02/2024 02:00,77.92
09/02/2024 02:15,71.36
09/02/2024 02:30,64.58
09/02/2024 02:45,60.54
09/02/2024 03:00,66.36
09/02/2024 03:15,64.75
09/02/2024 03:30,60.05
09/02/2024 03:45,55.49
09/02/2024 04:00,60.09
09/02/2024 04:15,64.82
09/02/2024 04:30,66.63
09/02/2024 04:45,65.84
09/02/2024 05:00,39.7
09/02/2024 05:15,61.42
09/02/2024 05:30,76.57
09/02/2024 05:45,87.88
09/02/2024 06:00,49.53
09/02/2024 06:15,71.76
09/02/2024 06:30,78.18
09/02/2024 06:45,87.93
09/02/2024 07:00,60.74
09/02/2024 07:15,70.5
09/02/2024 07:30,76
09/02/2024 07:45,78.08
09/02/2024 08:00,76.16
09/02/2024 08:15,81.84
09/02/2024 08:30,79.8
09/02/2024 08:45,75.52
09/02/2024 09:00,79.04
09/02/2024 09:15,82.15
09/02/2024 09:30,70.38
09/02/2024 09:45,67.47
09/02/2024 10:00,85.17
09/02/2024 10:15,73.59
09/02/2024 10:30,69.06
09/02/2024 10:45,68.05
09/02/2024 11:00,79.03
09/02/2024 11:15,75.66
09/02/2024 11:30,75.71
09/02/2024 11:45,67.78
09/02/2024 12:00,75.52
09/02/2024 12:15,72.02
09/02/2024 12:30,74.14
09/02/2024 12:45,75.71
09/02/2024 13:00,75.49
09/02/2024 13:15,66.59
09/02/2024 13:30,71.58
09/02/2024 13:45,75.93
09/02/2024 14:00,67.8
09/02/2024 14:15,69.88
09/02/2024 14:30,83.52
09/02/2024 14:45,83.13
09/02/2024 15:00,56.54
09/02/2024 15:15,77.26
09/02/2024 15:30,88.48
09/02/2024 15:45,97.07
09/02/2024 16:00,72.59
09/02/2024 16:15,79.72
09/02/2024 16:30,90.97
09/02/2024 16:45,96.86
09/02/2024 17:00,78.08
09/02/2024 17:15,83.26
09/02/2024 17:30,101.66
09/02/2024 17:45,127.34
09/02/2024 18:00,96.67
09/02/2024 18:15,76.58
09/02/2024 18:30,68.93
09/02/2024 18:45,58.19
09/02/2024 19:00,84.18
09/02/2024 19:15,76.75
09/02/2024 19:30,61.13
09/02/2024 19:45,58.78
09/02/2024 20:00,95.42
09/02/2024 20:15,78.27
09/02/2024 20:30,71.43
09/02/2024 20:45,57.66
09/02/2024 21:00,81.9
09/02/2024 21:15,70.23
09/02/2024 21:30,62.52
09/02/2024 21:45,46.75
09/02/2024 22:00,72.5
09/02/2024 22:15,69.59
09/02/2024 22:30,72.66
09/02/2024 22:45,68.31
09/02/2024 23:00,75.29
09/02/2024 23:15,62.87
09/02/2024 23:30,64.17
09/02/2024 23:45,52.11
10/02/2024 00:00,79.68
10/02/2024 00:15,67.11
10/02/2024 00:30,59.1
10/02/2024 00:45,56.66
10/02/2024 01:00,77
10/02/2024 01:15,75.97
10/02/2024 01:30,69.56
10/02/2024 01:45,59.03
10/02/2024 02:00,68.04
10/02/2024 02:15,66.64
10/02/2024 02:30,68.34
10/02/2024 02:45,78.22
10/02/2024 03:00,68.24
10/02/2024 03:15,70.24
10/02/2024 03:30,69.39
10/02/2024 03:45,75.72
10/02/2024 04:00,55.84
10/02/2024 04:15,62.29
10/02/2024 04:30,67.3
10/02/2024 04:45,71.32
10/02/2024 05:00,71.16
10/02/2024 05:15,72.53
10/02/2024 05:30,78.34
10/02/2024 05:45,88.48
10/02/2024 06:00,68.13
10/02/2024 06:15,71.68
10/02/2024 06:30,82.28
10/02/2024 06:45,83.51
10/02/2024 07:00,67.96
10/02/2024 07:15,74.99
10/02/2024 07:30,84.62
10/02/2024 07:45,91.52
10/02/2024 08:00,73.59
10/02/2024 08:15,92.43
10/02/2024 08:30,92.15
10/02/2024 08:45,82.83
10/02/2024 09:00,97.02
10/02/2024 09:15,89.18
10/02/2024 09:30,71.74
10/02/2024 09:45,63
10/02/2024 10:00,90.39
10/02/2024 10:15,74.12
10/02/2024 10:30,74.31
10/02/2024 10:45,76.05
10/02/2024 11:00,108.12
10/02/2024 11:15,111.83
10/02/2024 11:30,99.77
10/02/2024 11:45,96.08
10/02/2024 12:00,85.4
10/02/2024 12:15,72.74
10/02/2024 12:30,69.43
10/02/2024 12:45,66.08
10/02/2024 13:00,81.49
10/02/2024 13:15,83.7
10/02/2024 13:30,82.08
10/02/2024 13:45,79.17
10/02/2024 14:00,71.31
10/02/2024 14:15,69
10/02/2024 14:30,69.05
10/02/2024 14:45,66.24
10/02/2024 15:00,62.76
10/02/2024 15:15,69.15
10/02/2024 15:30,80.07
10/02/2024 15:45,97.6
10/02/2024 16:00,77.54
10/02/2024 16:15,90.68
10/02/2024 16:30,78.68
10/02/2024 16:45,80.16
10/02/2024 17:00,75.9
10/02/2024 17:15,73.3
10/02/2024 17:30,73.12
10/02/2024 17:45,68.46
10/02/2024 18:00,85.77
10/02/2024 18:15,78.08
10/02/2024 18:30,80.54
10/02/2024 18:45,75.05
10/02/2024 19:00,87.81
10/02/2024 19:15,95.3
10/02/2024 19:30,84.81
10/02/2024 19:45,82.81
10/02/2024 20:00,89.45
10/02/2024 20:15,78.43
10/02/2024 20:30,67.98
10/02/2024 20:45,69.57
10/02/2024 21:00,87.44
10/02/2024 21:15,72.57
10/02/2024 21:30,64.89
10/02/2024 21:45,61.27
10/02/2024 22:00,90.12
10/02/2024 22:15,71.67
10/02/2024 22:30,61.24
10/02/2024 22:45,53.28
10/02/2024 23:00,68.2
10/02/2024 23:15,63.29
10/02/2024 23:30,58.23
10/02/2024 23:45,54.98
11/02/2024 00:00,80.6
11/02/2024 00:15,70.59
11/02/2024 00:30,58.5
11/02/2024 00:45,31.56
11/02/2024 01:00,55.57
11/02/2024 01:15,54.25
11/02/2024 01:30,49.3
11/02/2024 01:45,53.06
11/02/2024 02:00,67.67
11/02/2024 02:15,56.22
11/02/2024 02:30,43.3
11/02/2024 02:45,32.45
11/02/2024 03:00,39.89
11/02/2024 03:15,14.05
11/02/2024 03:30,2.54
11/02/2024 03:45,-1.75
11/02/2024 04:00,39.14
11/02/2024 04:15,39.11
11/02/2024 04:30,45.39
11/02/2024 04:45,39.41
11/02/2024 05:00,24.03
11/02/2024 05:15,25.92
11/02/2024 05:30,49.27
11/02/2024 05:45,42.6
11/02/2024 06:00,40.85
11/02/2024 06:15,56.06
11/02/2024 06:30,39.41
11/02/2024 06:45,42.03
11/02/2024 07:00,32.92
11/02/2024 07:15,27.73
11/02/2024 07:30,34.37
11/02/2024 07:45,34.95
11/02/2024 08:00,21.1
11/02/2024 08:15,16.25
11/02/2024 08:30,41.82
11/02/2024 08:45,51.36
11/02/2024 09:00,50.68
11/02/2024 09:15,50.09
11/02/2024 09:30,55.25
11/02/2024 09:45,61.86
11/02/2024 10:00,60.36
11/02/2024 10:15,57.29
11/02/2024 10:30,50.82
11/02/2024 10:45,52.87
11/02/2024 11:00,47.13
11/02/2024 11:15,48.14
11/02/2024 11:30,55.84
11/02/2024 11:45,54.29
11/02/2024 12:00,63.74
11/02/2024 12:15,63.61
11/02/2024 12:30,57.81
11/02/2024 12:45,61.56
11/02/2024 13:00,68.78
11/02/2024 13:15,67.24
11/02/2024 13:30,64.54
11/02/2024 13:45,62.37
11/02/2024 14:00,55.2
11/02/2024 14:15,52.49
11/02/2024 14:30,57.69
11/02/2024 14:45,69.26
11/02/2024 15:00,47.51
11/02/2024 15:15,54.22
11/02/2024 15:30,65.8
11/02/2024 15:45,67.04
11/02/2024 16:00,49.56
11/02/2024 16:15,52.37
11/02/2024 16:30,62.63
11/02/2024 16:45,72.05
11/02/2024 17:00,60.27
11/02/2024 17:15,66.77
11/02/2024 17:30,80.22
11/02/2024 17:45,80.73
11/02/2024 18:00,64.81
11/02/2024 18:15,65.87
11/02/2024 18:30,71.3
11/02/2024 18:45,81.31
11/02/2024 19:00,105.9
11/02/2024 19:15,108.66
11/02/2024 19:30,97.07
11/02/2024 19:45,87.27
11/02/2024 20:00,93.43
11/02/2024 20:15,85.44
11/02/2024 20:30,79.06
11/02/2024 20:45,69.63
11/02/2024 21:00,98.43
11/02/2024 21:15,88.68
11/02/2024 21:30,73.26
11/02/2024 21:45,68.28
11/02/2024 22:00,95.37
11/02/2024 22:15,81.47
11/02/2024 22:30,87.07
11/02/2024 22:45,69.71
11/02/2024 23:00,90.08
11/02/2024 23:15,75.07
11/02/2024 23:30,65.1
11/02/2024 23:45,60.79
12/02/2024 00:00,87.83
12/02/2024 00:15,80
12/02/2024 00:30,65.86
12/02/2024 00:45,57.17
12/02/2024 01:00,81.16
12/02/2024 01:15,73.17
12/02/2024 01:30,65.58
12/02/2024 01:45,66.64
12/02/2024 02:00,79.61
12/02/2024 02:15,75.82
12/02/2024 02:30,68.23
12/02/2024 02:45,77.09
12/02/2024 03:00,73.52
12/02/2024 03:15,73.2
12/02/2024 03:30,69.98
12/02/2024 03:45,71.94
12/02/2024 04:00,57.28
12/02/2024 04:15,62.88
12/02/2024 04:30,69.12
12/02/2024 04:45,80.09
12/02/2024 05:00,65.88
12/02/2024 05:15,71.65
12/02/2024 05:30,79.75
12/02/2024 05:45,84.33
12/02/2024 06:00,62.61
12/02/2024 06:15,75.1
12/02/2024 06:30,90.68
12/02/2024 06:45,87.6
12/02/2024 07:00,79.26
12/02/2024 07:15,77.58
12/02/2024 07:30,77.92
12/02/2024 07:45,103.21
12/02/2024 08:00,137.88
12/02/2024 08:15,128.93
12/02/2024 08:30,131.93
12/02/2024 08:45,95.43
12/02/2024 09:00,116.45
12/02/2024 09:15,81
12/02/2024 09:30,81.35
12/02/2024 09:45,82.58
12/02/2024 10:00,106.2
12/02/2024 10:15,91.25
12/02/2024 10:30,81.8
12/02/2024 10:45,85.09
12/02/2024 11:00,103.66
12/02/2024 11:15,93.44
12/02/2024 11:30,97.66
12/02/2024 11:45,86.28
12/02/2024 12:00,86.58
12/02/2024 12:15,76.09
12/02/2024 12:30,85.1
12/02/2024 12:45,79.83
12/02/2024 13:00,83.86
12/02/2024 13:15,80.03
12/02/2024 13:30,74.3
12/02/2024 13:45,71.56
12/02/2024 14:00,79.66
12/02/2024 14:15,82.88
12/02/2024 14:30,78.79
12/02/2024 14:45,80.89
12/02/2024 15:00,70.48
12/02/2024 15:15,88.03
12/02/2024 15:30,97.44
12/02/2024 15:45,127.28
12/02/2024 16:00,80.06
12/02/2024 16:15,103.13
12/02/2024 16:30,104.03
12/02/2024 16:45,105.59
12/02/2024 17:00,86.24
12/02/2024 17:15,108.13
12/02/2024 17:30,151.6
12/02/2024 17:45,357.8
12/02/2024 18:00,155.8
12/02/2024 18:15,117.34
12/02/2024 18:30,107.05
12/02/2024 18:45,95.37
12/02/2024 19:00,154.14
12/02/2024 19:15,110.45
12/02/2024 19:30,84.85
12/02/2024 19:45,86.4
12/02/2024 20:00,104.27
12/02/2024 20:15,87.66
12/02/2024 20:30,79.06
12/02/2024 20:45,68.07
12/02/2024 21:00,88.43
12/02/2024 21:15,72.28
12/02/2024 21:30,76.11
12/02/2024 21:45,73.3
12/02/2024 22:00,96.91
12/02/2024 22:15,87.01
12/02/2024 22:30,95.79
12/02/2024 22:45,66.65
12/02/2024 23:00,73.61
12/02/2024 23:15,72.99
12/02/2024 23:30,70.03
12/02/2024 23:45,67.63
13/02/2024 00:00,100.58
13/02/2024 00:15,80.91
13/02/2024 00:30,62.37
13/02/2024 00:45,51.65
13/02/2024 01:00,68.57
13/02/2024 01:15,66.25
13/02/2024 01:30,61.53
13/02/2024 01:45,44.74
13/02/2024 02:00,60.24
13/02/2024 02:15,58.19
13/02/2024 02:30,48.91
13/02/2024 02:45,39.27
13/02/2024 03:00,59.98
13/02/2024 03:15,60.67
13/02/2024 03:30,60.88
13/02/2024 03:45,61.75
13/02/2024 04:00,63.01
13/02/2024 04:15,63.97
13/02/2024 04:30,75.16
13/02/2024 04:45,70.71
13/02/2024 05:00,59.66
13/02/2024 05:15,65.8
13/02/2024 05:30,60.84
13/02/2024 05:45,67.81
13/02/2024 06:00,46.87
13/02/2024 06:15,64.71
13/02/2024 06:30,86.78
13/02/2024 06:45,92.32
13/02/2024 07:00,74.04
13/02/2024 07:15,95.41
13/02/2024 07:30,96.44
13/02/2024 07:45,99.57
13/02/2024 08:00,96.26
13/02/2024 08:15,84.08
13/02/2024 08:30,76.53
13/02/2024 08:45,62.41
13/02/2024 09:00,93.93
13/02/2024 09:15,73.75
13/02/2024 09:30,53.67
13/02/2024 09:45,43.3
13/02/2024 10:00,84.16
13/02/2024 10:15,67.73
13/02/2024 10:30,61.7
13/02/2024 10:45,50.12
13/02/2024 11:00,62.37
13/02/2024 11:15,52.4
13/02/2024 11:30,50.23
13/02/2024 11:45,46.27
13/02/2024 12:00,61.3
13/02/2024 12:15,59.49
13/02/2024 12:30,67.17
13/02/2024 12:45,57.02
13/02/2024 13:00,28.5
13/02/2024 13:15,43.07
13/02/2024 13:30,61.58
13/02/2024 13:45,72.58
13/02/2024 14:00,46.12
13/02/2024 14:15,61.83
13/02/2024 14:30,78.11
13/02/2024 14:45,80.91
13/02/2024 15:00,51.82
13/02/2024 15:15,65.08
13/02/2024 15:30,75.1
13/02/2024 15:45,68.66
13/02/2024 16:00,31.99
13/02/2024 16:15,52.16
13/02/2024 16:30,70.87
13/02/2024 16:45,82.09
13/02/2024 17:00,61.76
13/02/2024 17:15,64.37
13/02/2024 17:30,78.97
13/02/2024 17:45,83.9
13/02/2024 18:00,80.36
13/02/2024 18:15,71.97
13/02/2024 18:30,76.82
13/02/2024 18:45,67.58
13/02/2024 19:00,82.15
13/02/2024 19:15,75.5
13/02/2024 19:30,69.38
13/02/2024 19:45,62.24
13/02/2024 20:00,91.55
13/02/2024 20:15,77.29
13/02/2024 20:30,64.33
13/02/2024 20:45,58.06
13/02/2024 21:00,77.34
13/02/2024 21:15,62.79
13/02/2024 21:30,61.52
13/02/2024 21:45,52.47
13/02/2024 22:00,62.6
13/02/2024 22:15,53.99
13/02/2024 22:30,55.54
13/02/2024 22:45,50.83
13/02/2024 23:00,69.57
13/02/2024 23:15,63.16
13/02/2024 23:30,62.22
13/02/2024 23:45,59.05
14/02/2024 00:00,76.26
14/02/2024 00:15,59.55
14/02/2024 00:30,50.66
14/02/2024 00:45,45.66
14/02/2024 01:00,68.36
14/02/2024 01:15,56.76
14/02/2024 01:30,55.44
14/02/2024 01:45,58.79
14/02/2024 02:00,72.98
14/02/2024 02:15,63.12
14/02/2024 02:30,62.05
14/02/2024 02:45,60.79
14/02/2024 03:00,63.89
14/02/2024 03:15,57.76
14/02/2024 03:30,51.42
14/02/2024 03:45,53.86
14/02/2024 04:00,53.3
14/02/2024 04:15,60.86
14/02/2024 04:30,65.27
14/02/2024 04:45,68.11
14/02/2024 05:00,57.71
14/02/2024 05:15,60.3
14/02/2024 05:30,71.18
14/02/2024 05:45,80.39
14/02/2024 06:00,54.65
14/02/2024 06:15,77.38
14/02/2024 06:30,82.67
14/02/2024 06:45,83.62
14/02/2024 07:00,66.85
14/02/2024 07:15,83.71
14/02/2024 07:30,86.79
14/02/2024 07:45,96.27
14/02/2024 08:00,83.9
14/02/2024 08:15,88.43
14/02/2024 08:30,94.28
14/02/2024 08:45,90.48
14/02/2024 09:00,95.77
14/02/2024 09:15,89.08
14/02/2024 09:30,85.85
14/02/2024 09:45,91.48
14/02/2024 10:00,89.57
14/02/2024 10:15,77.94
14/02/2024 10:30,68.91
14/02/2024 10:45,69.5
14/02/2024 11:00,84.26
14/02/2024 11:15,73.93
14/02/2024 11:30,63.69
14/02/2024 11:45,59.44
14/02/2024 12:00,68.49
14/02/2024 12:15,61.78
14/02/2024 12:30,62.49
14/02/2024 12:45,63.4
14/02/2024 13:00,69.66
14/02/2024 13:15,68.73
14/02/2024 13:30,68.45
14/02/2024 13:45,71.71
14/02/2024 14:00,62.65
14/02/2024 14:15,70.81
14/02/2024 14:30,79.25
14/02/2024 14:45,77.11
14/02/2024 15:00,67.31
14/02/2024 15:15,83.52
14/02/2024 15:30,88.01
14/02/2024 15:45,103.16
14/02/2024 16:00,77
14/02/2024 16:15,89.06
14/02/2024 16:30,113.29
14/02/2024 16:45,107.58
14/02/2024 17:00,57.06
14/02/2024 17:15,66.76
14/02/2024 17:30,73.3
14/02/2024 17:45,74.83
14/02/2024 18:00,77.55
14/02/2024 18:15,77.77
14/02/2024 18:30,85.83
14/02/2024 18:45,58.69
14/02/2024 19:00,83.03
14/02/2024 19:15,68.76
14/02/2024 19:30,63.85
14/02/2024 19:45,61.08
14/02/2024 20:00,93.56
14/02/2024 20:15,84.23
14/02/2024 20:30,68.57
14/02/2024 20:45,47.86
14/02/2024 21:00,83.14
14/02/2024 21:15,68.15
14/02/2024 21:30,61.68
14/02/2024 21:45,49.29
14/02/2024 22:00,75.78
14/02/2024 22:15,60.36
14/02/2024 22:30,71.55
14/02/2024 22:45,64.28
14/02/2024 23:00,58.72
14/02/2024 23:15,55.98
14/02/2024 23:30,52.26
14/02/2024 23:45,49.11
15/02/2024 00:00,64.82
15/02/2024 00:15,61.35
15/02/2024 00:30,51.4
15/02/2024 00:45,53.55
15/02/2024 01:00,69.18
15/02/2024 01:15,65.3
15/02/2024 01:30,66.32
15/02/2024 01:45,78.32
15/02/2024 02:00,61.76
15/02/2024 02:15,58.76
15/02/2024 02:30,58.17
15/02/2024 02:45,58.05
15/02/2024 03:00,48.8
15/02/2024 03:15,44.49
15/02/2024 03:30,40.2
15/02/2024 03:45,47.93
15/02/2024 04:00,48.23
15/02/2024 04:15,57.52
15/02/2024 04:30,68.1
15/02/2024 04:45,65.79
15/02/2024 05:00,54.04
15/02/2024 05:15,57.84
15/02/2024 05:30,66.58
15/02/2024 05:45,89.41
15/02/2024 06:00,63.24
15/02/2024 06:15,77.78
15/02/2024 06:30,87.85
15/02/2024 06:45,91.66
15/02/2024 07:00,63.48
15/02/2024 07:15,70.94
15/02/2024 07:30,83.52
15/02/2024 07:45,87.68
15/02/2024 08:00,87.58
15/02/2024 08:15,74.59
15/02/2024 08:30,67.86
15/02/2024 08:45,60.14
15/02/2024 09:00,83.6
15/02/2024 09:15,70.91
15/02/2024 09:30,66.94
15/02/2024 09:45,65.14
15/02/2024 10:00,84.29
15/02/2024 10:15,73.11
15/02/2024 10:30,58.14
15/02/2024 10:45,53.22
15/02/2024 11:00,70.2
15/02/2024 11:15,60.47
15/02/2024 11:30,59.12
15/02/2024 11:45,60.05
15/02/2024 12:00,69.89
15/02/2024 12:15,75.16
15/02/2024 12:30,74.29
15/02/2024 12:45,64.67
15/02/2024 13:00,52.44
15/02/2024 13:15,53.9
15/02/2024 13:30,58.88
15/02/2024 13:45,59.19
15/02/2024 14:00,50.81
15/02/2024 14:15,56.03
15/02/2024 14:30,71.85
15/02/2024 14:45,90.67
15/02/2024 15:00,56.27
15/02/2024 15:15,65.42
15/02/2024 15:30,80.91
15/02/2024 15:45,89.69
15/02/2024 16:00,57.2
15/02/2024 16:15,66.92
15/02/2024 16:30,82.44
15/02/2024 16:45,83.53
15/02/2024 17:00,55.46
15/02/2024 17:15,60.55
15/02/2024 17:30,77.93
15/02/2024 17:45,80.35
15/02/2024 18:00,107.61
15/02/2024 18:15,97.66
15/02/2024 18:30,80.5
15/02/2024 18:45,67.78
15/02/2024 19:00,98.64
15/02/2024 19:15,70.16
15/02/2024 19:30,57.45
15/02/2024 19:45,51.78
15/02/2024 20:00,89.24
15/02/2024 20:15,70.63
15/02/2024 20:30,64.71
15/02/2024 20:45,74.74
15/02/2024 21:00,93.59
15/02/2024 21:15,69.71
15/02/2024 21:30,44.97
15/02/2024 21:45,41
15/02/2024 22:00,81.43
15/02/2024 22:15,77.85
15/02/2024 22:30,62.75
15/02/2024 22:45,58.54
15/02/2024 23:00,80.52
15/02/2024 23:15,68.35
15/02/2024 23:30,55.22
15/02/2024 23:45,54.15
16/02/2024 00:00,73.33
16/02/2024 00:15,65.67
16/02/2024 00:30,56.65
16/02/2024 00:45,46.68
16/02/2024 01:00,66.79
16/02/2024 01:15,59.81
16/02/2024 01:30,47.43
16/02/2024 01:45,32.61
16/02/2024 02:00,56.56
16/02/2024 02:15,53.53
16/02/2024 02:30,53.26
16/02/2024 02:45,52.87
16/02/2024 03:00,58.83
16/02/2024 03:15,60.42
16/02/2024 03:30,61.51
16/02/2024 03:45,58.31
16/02/2024 04:00,59.73
16/02/2024 04:15,61.27
16/02/2024 04:30,65.57
16/02/2024 04:45,65.49
16/02/2024 05:00,43.98
16/02/2024 05:15,51.82
16/02/2024 05:30,50.81
16/02/2024 05:45,53.7
16/02/2024 06:00,45.93
16/02/2024 06:15,55.5
16/02/2024 06:30,69.91
16/02/2024 06:45,72.67
16/02/2024 07:00,54
16/02/2024 07:15,65.92
16/02/2024 07:30,75.31
16/02/2024 07:45,76.67
16/02/2024 08:00,76.3
16/02/2024 08:15,76
16/02/2024 08:30,75.58
16/02/2024 08:45,62.36
16/02/2024 09:00,76.16
16/02/2024 09:15,66.99
16/02/2024 09:30,56.4
16/02/2024 09:45,52.64
16/02/2024 10:00,82.17
16/02/2024 10:15,79.05
16/02/2024 10:30,69.28
16/02/2024 10:45,70.86
16/02/2024 11:00,72.02
16/02/2024 11:15,71.33
16/02/2024 11:30,71.52
16/02/2024 11:45,72.1
16/02/2024 12:00,77.06
16/02/2024 12:15,64.09
16/02/2024 12:30,53.27
16/02/2024 12:45,47.57
16/02/2024 13:00,51.71
16/02/2024 13:15,51.79
16/02/2024 13:30,47.59
16/02/2024 13:45,52.16
16/02/2024 14:00,61.8
16/02/2024 14:15,69.8
16/02/2024 14:30,74.87
16/02/2024 14:45,98.33
16/02/2024 15:00,57.59
16/02/2024 15:15,71.41
16/02/2024 15:30,69.16
16/02/2024 15:45,66.19
16/02/2024 16:00,50.73
16/02/2024 16:15,75.52
16/02/2024 16:30,101.24
16/02/2024 16:45,106.51
16/02/2024 17:00,61.3
16/02/2024 17:15,65.93
16/02/2024 17:30,87.9
16/02/2024 17:45,93.93
16/02/2024 18:00,77.15
16/02/2024 18:15,75.23
16/02/2024 18:30,76.78
16/02/2024 18:45,77.44
16/02/2024 19:00,92.72
16/02/2024 19:15,82.29
16/02/2024 19:30,82.33
16/02/2024 19:45,79.91
16/02/2024 20:00,96.86
16/02/2024 20:15,86.98
16/02/2024 20:30,79.2
16/02/2024 20:45,66.45
16/02/2024 21:00,79.24
16/02/2024 21:15,62.28
16/02/2024 21:30,50.97
16/02/2024 21:45,48.81
16/02/2024 22:00,76.46
16/02/2024 22:15,66.99
16/02/2024 22:30,62.92
16/02/2024 22:45,50.41
16/02/2024 23:00,68.24
16/02/2024 23:15,57.02
16/02/2024 23:30,57.05
16/02/2024 23:45,42.9
17/02/2024 00:00,70.93
17/02/2024 00:15,59.15
17/02/2024 00:30,42.08
17/02/2024 00:45,44.7
17/02/2024 01:00,63.88
17/02/2024 01:15,62
17/02/2024 01:30,56.13
17/02/2024 01:45,50.54
17/02/2024 02:00,62.03
17/02/2024 02:15,55.83
17/02/2024 02:30,50.56
17/02/2024 02:45,48.49
17/02/2024 03:00,51.82
17/02/2024 03:15,51.45
17/02/2024 03:30,50.9
17/02/2024 03:45,50.3
17/02/2024 04:00,44.39
17/02/2024 04:15,50.81
17/02/2024 04:30,58.01
17/02/2024 04:45,62.21
17/02/2024 05:00,50.71
17/02/2024 05:15,50.03
17/02/2024 05:30,45.58
17/02/2024 05:45,43.55
17/02/2024 06:00,35.5
17/02/2024 06:15,48.26
17/02/2024 06:30,52.1
17/02/2024 06:45,54.57
17/02/2024 07:00,29.42
17/02/2024 07:15,49.03
17/02/2024 07:30,51.83
17/02/2024 07:45,58.24
17/02/2024 08:00,47.83
17/02/2024 08:15,54.12
17/02/2024 08:30,71.17
17/02/2024 08:45,66.88
17/02/2024 09:00,68.31
17/02/2024 09:15,54.31
17/02/2024 09:30,51.32
17/02/2024 09:45,54.02
17/02/2024 10:00,70.51
17/02/2024 10:15,68.45
17/02/2024 10:30,68.85
17/02/2024 10:45,62.39
17/02/2024 11:00,62.07
17/02/2024 11:15,59.18
17/02/2024 11:30,60.85
17/02/2024 11:45,57.52
17/02/2024 12:00,62.36
17/02/2024 12:15,55.21
17/02/2024 12:30,54.79
17/02/2024 12:45,56.88
17/02/2024 13:00,59.22
17/02/2024 13:15,59.64
17/02/2024 13:30,69.03
17/02/2024 13:45,83.02
17/02/2024 14:00,54.65
17/02/2024 14:15,58.28
17/02/2024 14:30,67.11
17/02/2024 14:45,81.07
17/02/2024 15:00,57.27
17/02/2024 15:15,61.09
17/02/2024 15:30,71.02
17/02/2024 15:45,122.94
17/02/2024 16:00,72.63
17/02/2024 16:15,86.8
17/02/2024 16:30,84.05
17/02/2024 16:45,94.89
17/02/2024 17:00,62.72
17/02/2024 17:15,62.25
17/02/2024 17:30,69.22
17/02/2024 17:45,104.51
17/02/2024 18:00,74.96
17/02/2024 18:15,72.1
17/02/2024 18:30,79.6
17/02/2024 18:45,81.79
17/02/2024 19:00,139.45
17/02/2024 19:15,93
17/02/2024 19:30,69.14
17/02/2024 19:45,66.39
17/02/2024 20:00,115.76
17/02/2024 20:15,81.16
17/02/2024 20:30,67.31
17/02/2024 20:45,57.49
17/02/2024 21:00,80.73
17/02/2024 21:15,69.58
17/02/2024 21:30,55.92
17/02/2024 21:45,55.52
17/02/2024 22:00,87.53
17/02/2024 22:15,79.25
17/02/2024 22:30,61.15
17/02/2024 22:45,57.16
17/02/2024 23:00,77.2
17/02/2024 23:15,64.31
17/02/2024 23:30,51.73
17/02/2024 23:45,43.89
18/02/2024 00:00,89.43
18/02/2024 00:15,77.71
18/02/2024 00:30,57.46
18/02/2024 00:45,40.47
18/02/2024 01:00,83.86
18/02/2024 01:15,59.63
18/02/2024 01:30,40.66
18/02/2024 01:45,32.39
18/02/2024 02:00,61.29
18/02/2024 02:15,60.27
18/02/2024 02:30,54.96
18/02/2024 02:45,49.08
18/02/2024 03:00,67.68
18/02/2024 03:15,54.22
18/02/2024 03:30,48.06
18/02/2024 03:45,39.99
18/02/2024 04:00,64.61
18/02/2024 04:15,56.13
18/02/2024 04:30,48.65
18/02/2024 04:45,33.17
18/02/2024 05:00,52.33
18/02/2024 05:15,50.86
18/02/2024 05:30,44.87
18/02/2024 05:45,38.63
18/02/2024 06:00,54.1
18/02/2024 06:15,57.91
18/02/2024 06:30,58.97
18/02/2024 06:45,53.44
18/02/2024 07:00,51.12
18/02/2024 07:15,53.88
18/02/2024 07:30,63.27
18/02/2024 07:45,61.55
18/02/2024 08:00,73.37
18/02/2024 08:15,54.12
18/02/2024 08:30,33.17
18/02/2024 08:45,19.03
18/02/2024 09:00,22.25
18/02/2024 09:15,-6.95
18/02/2024 09:30,-11.35
18/02/2024 09:45,-8.51
18/02/2024 10:00,15.42
18/02/2024 10:15,-0.47
18/02/2024 10:30,-4.82
18/02/2024 10:45,-8.73
18/02/2024 11:00,-22.52
18/02/2024 11:15,-25.7
18/02/2024 11:30,-27.33
18/02/2024 11:45,-31.68
18/02/2024 12:00,-29.3
18/02/2024 12:15,-29.2
18/02/2024 12:30,-21.8
18/02/2024 12:45,-23.79
18/02/2024 13:00,-30.82
18/02/2024 13:15,-29.29
18/02/2024 13:30,-27.13
18/02/2024 13:45,-26.89
18/02/2024 14:00,-36.25
18/02/2024 14:15,-29.82
18/02/2024 14:30,-15.6
18/02/2024 14:45,-8.22
18/02/2024 15:00,6.21
18/02/2024 15:15,11.87
18/02/2024 15:30,33.43
18/02/2024 15:45,45.04
18/02/2024 16:00,19.24
18/02/2024 16:15,46.57
18/02/2024 16:30,56.87
18/02/2024 16:45,65.62
18/02/2024 17:00,41.77
18/02/2024 17:15,44.42
18/02/2024 17:30,58.74
18/02/2024 17:45,67.66
18/02/2024 18:00,60.26
18/02/2024 18:15,67.86
18/02/2024 18:30,65.26
18/02/2024 18:45,57.64
18/02/2024 19:00,56.63
18/02/2024 19:15,45.1
18/02/2024 19:30,45.45
18/02/2024 19:45,41.76
18/02/2024 20:00,68.88
18/02/2024 20:15,59.72
18/02/2024 20:30,44.83
18/02/2024 20:45,36.55
18/02/2024 21:00,46.81
18/02/2024 21:15,32.59
18/02/2024 21:30,30
18/02/2024 21:45,6.4
18/02/2024 22:00,32.06
18/02/2024 22:15,18.85
18/02/2024 22:30,11.35
18/02/2024 22:45,-2.06
18/02/2024 23:00,20.81
18/02/2024 23:15,-3.46
18/02/2024 23:30,-11.27
18/02/2024 23:45,-20.7
19/02/2024 00:00,31.39
19/02/2024 00:15,6.17
19/02/2024 00:30,-5.42
19/02/2024 00:45,-21.3
19/02/2024 01:00,-4.6
19/02/2024 01:15,-3.52
19/02/2024 01:30,-7.76
19/02/2024 01:45,-8.26
19/02/2024 02:00,-20.11
19/02/2024 02:15,-14.94
19/02/2024 02:30,-13.32
19/02/2024 02:45,-8.61
19/02/2024 03:00,-3.46
19/02/2024 03:15,-6.09
19/02/2024 03:30,-1.85
19/02/2024 03:45,-1.93
19/02/2024 04:00,-5.1
19/02/2024 04:15,-7.34
19/02/2024 04:30,-0.39
19/02/2024 04:45,41.21
19/02/2024 05:00,24.62
19/02/2024 05:15,44.71
19/02/2024 05:30,52.75
19/02/2024 05:45,71.6
19/02/2024 06:00,35.01
19/02/2024 06:15,59.38
19/02/2024 06:30,75.6
19/02/2024 06:45,72.41
19/02/2024 07:00,58.47
19/02/2024 07:15,64.09
19/02/2024 07:30,66.89
19/02/2024 07:45,73.45
19/02/2024 08:00,69.78
19/02/2024 08:15,63.83
19/02/2024 08:30,67.27
19/02/2024 08:45,66.03
19/02/2024 09:00,92.61
19/02/2024 09:15,78.6
19/02/2024 09:30,68.29
19/02/2024 09:45,64.62
19/02/2024 10:00,74.41
19/02/2024 10:15,57.68
19/02/2024 10:30,53.38
19/02/2024 10:45,54.4
19/02/2024 11:00,85.91
19/02/2024 11:15,76.8
19/02/2024 11:30,79.52
19/02/2024 11:45,81.7
19/02/2024 12:00,75.56
19/02/2024 12:15,76.72
19/02/2024 12:30,77.82
19/02/2024 12:45,80.04
19/02/2024 13:00,78.76
19/02/2024 13:15,67.17
19/02/2024 13:30,65.2
19/02/2024 13:45,72.04
19/02/2024 14:00,58.43
19/02/2024 14:15,85.87
19/02/2024 14:30,88.81
19/02/2024 14:45,83.85
19/02/2024 15:00,54.13
19/02/2024 15:15,60.71
19/02/2024 15:30,66.98
19/02/2024 15:45,71.46
19/02/2024 16:00,59.72
19/02/2024 16:15,71.1
19/02/2024 16:30,77.63
19/02/2024 16:45,77.4
19/02/2024 17:00,56.22
19/02/2024 17:15,71.54
19/02/2024 17:30,91.74
19/02/2024 17:45,118.53
19/02/2024 18:00,87.87
19/02/2024 18:15,84.91
19/02/2024 18:30,100.7
19/02/2024 18:45,87.73
19/02/2024 19:00,126.69
19/02/2024 19:15,87.99
19/02/2024 19:30,81.61
19/02/2024 19:45,69.87
19/02/2024 20:00,83.51
19/02/2024 20:15,76.91
19/02/2024 20:30,61.98
19/02/2024 20:45,55.52
19/02/2024 21:00,74.14
19/02/2024 21:15,63.4
19/02/2024 21:30,53.58
19/02/2024 21:45,48.6
19/02/2024 22:00,73.75
19/02/2024 22:15,67.65
19/02/2024 22:30,62.63
19/02/2024 22:45,50.56
19/02/2024 23:00,66.7
19/02/2024 23:15,56.67
19/02/2024 23:30,56.31
19/02/2024 23:45,46.91
20/02/2024 00:00,68.41
20/02/2024 00:15,62.49
20/02/2024 00:30,51.55
20/02/2024 00:45,42.73
20/02/2024 01:00,72.39
20/02/2024 01:15,65.61
20/02/2024 01:30,59.65
20/02/2024 01:45,61.79
20/02/2024 02:00,66.78
20/02/2024 02:15,59.04
20/02/2024 02:30,57.56
20/02/2024 02:45,56.18
20/02/2024 03:00,52.03
20/02/2024 03:15,53.08
20/02/2024 03:30,55.28
20/02/2024 03:45,59.32
20/02/2024 04:00,48.44
20/02/2024 04:15,53.15
20/02/2024 04:30,54.8
20/02/2024 04:45,63.81
20/02/2024 05:00,54.16
20/02/2024 05:15,64.56
20/02/2024 05:30,68.01
20/02/2024 05:45,66.65
20/02/2024 06:00,54.89
20/02/2024 06:15,58.16
20/02/2024 06:30,58.91
20/02/2024 06:45,67.89
20/02/2024 07:00,62.36
20/02/2024 07:15,74.29
20/02/2024 07:30,103.89
20/02/2024 07:45,111.7
20/02/2024 08:00,133.11
20/02/2024 08:15,173.13
20/02/2024 08:30,181.12
20/02/2024 08:45,85.71
20/02/2024 09:00,114.4
20/02/2024 09:15,86.05
20/02/2024 09:30,70.32
20/02/2024 09:45,62.34
20/02/2024 10:00,97.12
20/02/2024 10:15,77.69
20/02/2024 10:30,67.49
20/02/2024 10:45,74.27
20/02/2024 11:00,85.08
20/02/2024 11:15,81.42
20/02/2024 11:30,73.77
20/02/2024 11:45,67.75
20/02/2024 12:00,68.19
20/02/2024 12:15,51.78
20/02/2024 12:30,48.07
20/02/2024 12:45,54.3
20/02/2024 13:00,78.07
20/02/2024 13:15,61.32
20/02/2024 13:30,54.76
20/02/2024 13:45,52.77
20/02/2024 14:00,41.2
20/02/2024 14:15,57.32
20/02/2024 14:30,69.21
20/02/2024 14:45,72.73
20/02/2024 15:00,42.38
20/02/2024 15:15,59.62
20/02/2024 15:30,74.54
20/02/2024 15:45,83.36
20/02/2024 16:00,61.52
20/02/2024 16:15,66.17
20/02/2024 16:30,74.86
20/02/2024 16:45,80.15
20/02/2024 17:00,62.63
20/02/2024 17:15,67.34
20/02/2024 17:30,78.79
20/02/2024 17:45,93.44
20/02/2024 18:00,97.07
20/02/2024 18:15,79.77
20/02/2024 18:30,95.23
20/02/2024 18:45,71.17
20/02/2024 19:00,121.75
20/02/2024 19:15,70.56
20/02/2024 19:30,70.35
20/02/2024 19:45,70.1
20/02/2024 20:00,91.1
20/02/2024 20:15,73.5
20/02/2024 20:30,60.59
20/02/2024 20:45,47.01
20/02/2024 21:00,64.8
20/02/2024 21:15,59.52
20/02/2024 21:30,52
20/02/2024 21:45,45.36
20/02/2024 22:00,80.43
20/02/2024 22:15,61
20/02/2024 22:30,64.55
20/02/2024 22:45,42.68
20/02/2024 23:00,71.21
20/02/2024 23:15,60.69
20/02/2024 23:30,63.4
20/02/2024 23:45,52.15
21/02/2024 00:00,61.71
21/02/2024 00:15,52.91
21/02/2024 00:30,40.73
21/02/2024 00:45,39.81
21/02/2024 01:00,54.31
21/02/2024 01:15,50.26
21/02/2024 01:30,43.47
21/02/2024 01:45,19
21/02/2024 02:00,38.9
21/02/2024 02:15,29.41
21/02/2024 02:30,27.39
21/02/2024 02:45,29.34
21/02/2024 03:00,24.74
21/02/2024 03:15,44.16
21/02/2024 03:30,57.52
21/02/2024 03:45,63.07
21/02/2024 04:00,12.57
21/02/2024 04:15,31.57
21/02/2024 04:30,41.64
21/02/2024 04:45,60.7
21/02/2024 05:00,58.08
21/02/2024 05:15,64.57
21/02/2024 05:30,67.12
21/02/2024 05:45,71.93
21/02/2024 06:00,40.74
21/02/2024 06:15,54.32
21/02/2024 06:30,68.73
21/02/2024 06:45,65.48
21/02/2024 07:00,56.18
21/02/2024 07:15,63.55
21/02/2024 07:30,75.74
21/02/2024 07:45,89.82
21/02/2024 08:00,85.56
21/02/2024 08:15,71.72
21/02/2024 08:30,60.28
21/02/2024 08:45,68.45
21/02/2024 09:00,108.86
21/02/2024 09:15,82.44
21/02/2024 09:30,63.72
21/02/2024 09:45,57.85
21/02/2024 10:00,75.26
21/02/2024 10:15,70.47
21/02/2024 10:30,57.89
21/02/2024 10:45,52.37
21/02/2024 11:00,71.01
21/02/2024 11:15,57.1
21/02/2024 11:30,61.4
21/02/2024 11:45,44.28
21/02/2024 12:00,57.11
21/02/2024 12:15,49.6
21/02/2024 12:30,51.84
21/02/2024 12:45,57.48
21/02/2024 13:00,50.75
21/02/2024 13:15,53.13
21/02/2024 13:30,54.76
21/02/2024 13:45,63.49
21/02/2024 14:00,39.37
21/02/2024 14:15,58.09
21/02/2024 14:30,73.2
21/02/2024 14:45,73.37
21/02/2024 15:00,48.57
21/02/2024 15:15,68.64
21/02/2024 15:30,77.04
21/02/2024 15:45,82.39
21/02/2024 16:00,76.72
21/02/2024 16:15,90.3
21/02/2024 16:30,100.5
21/02/2024 16:45,116.81
21/02/2024 17:00,89.22
21/02/2024 17:15,115.36
21/02/2024 17:30,178.39
21/02/2024 17:45,226.36
21/02/2024 18:00,313.29
21/02/2024 18:15,324.65
21/02/2024 18:30,211.93
21/02/2024 18:45,101.11
21/02/2024 19:00,96.88
21/02/2024 19:15,62.52
21/02/2024 19:30,50.73
21/02/2024 19:45,37.19
21/02/2024 20:00,83.78
21/02/2024 20:15,63.56
21/02/2024 20:30,52.5
21/02/2024 20:45,38.25
21/02/2024 21:00,62.45
21/02/2024 21:15,49.58
21/02/2024 21:30,43.03
21/02/2024 21:45,37.45
21/02/2024 22:00,58.83
21/02/2024 22:15,30.97
21/02/2024 22:30,24.93
21/02/2024 22:45,25.37
21/02/2024 23:00,62.14
21/02/2024 23:15,54.43
21/02/2024 23:30,47.32
21/02/2024 23:45,25.82
22/02/2024 00:00,46.84
22/02/2024 00:15,49.5
22/02/2024 00:30,34.09
22/02/2024 00:45,9.41
22/02/2024 01:00,13.27
22/02/2024 01:15,8.59
22/02/2024 01:30,20.16
22/02/2024 01:45,19.59
22/02/2024 02:00,-0.14
22/02/2024 02:15,5.2
22/02/2024 02:30,38.33
22/02/2024 02:45,56.94
22/02/2024 03:00,15.96
22/02/2024 03:15,51.3
22/02/2024 03:30,65.54
22/02/2024 03:45,80.65
22/02/2024 04:00,27.06
22/02/2024 04:15,54.73
22/02/2024 04:30,60.13
22/02/2024 04:45,59.98
22/02/2024 05:00,45.91
22/02/2024 05:15,65.88
22/02/2024 05:30,69.1
22/02/2024 05:45,74.02
22/02/2024 06:00,50.76
22/02/2024 06:15,85.56
22/02/2024 06:30,85.37
22/02/2024 06:45,90.44
22/02/2024 07:00,74.32
22/02/2024 07:15,82.36
22/02/2024 07:30,113.12
22/02/2024 07:45,199.3
22/02/2024 08:00,155.56
22/02/2024 08:15,153.05
22/02/2024 08:30,93.13
22/02/2024 08:45,74.56
22/02/2024 09:00,121.19
22/02/2024 09:15,110.39
22/02/2024 09:30,137.11
22/02/2024 09:45,163.08
22/02/2024 10:00,191.1
22/02/2024 10:15,135.12
22/02/2024 10:30,79.62
22/02/2024 10:45,72.58
22/02/2024 11:00,98.28
22/02/2024 11:15,64.89
22/02/2024 11:30,50.51
22/02/2024 11:45,51.87
22/02/2024 12:00,74.05
22/02/2024 12:15,70.28
22/02/2024 12:30,72.47
22/02/2024 12:45,74.14
22/02/2024 13:00,94.81
22/02/2024 13:15,83.21
22/02/2024 13:30,81.76
22/02/2024 13:45,85.3
22/02/2024 14:00,89.27
22/02/2024 14:15,111.2
22/02/2024 14:30,106.35
22/02/2024 14:45,117.48
22/02/2024 15:00,107.53
22/02/2024 15:15,102.51
22/02/2024 15:30,93.37
22/02/2024 15:45,82.95
22/02/2024 16:00,69.27
22/02/2024 16:15,61.21
22/02/2024 16:30,64.86
22/02/2024 16:45,64
22/02/2024 17:00,67.26
22/02/2024 17:15,79.44
22/02/2024 17:30,76.78
22/02/2024 17:45,91.15
22/02/2024 18:00,100.03
22/02/2024 18:15,74.09
22/02/2024 18:30,65.35
22/02/2024 18:45,44.1
22/02/2024 19:00,81.27
22/02/2024 19:15,79.95
22/02/2024 19:30,62.31
22/02/2024 19:45,49.63
22/02/2024 20:00,87.6
22/02/2024 20:15,66.78
22/02/2024 20:30,42.24
22/02/2024 20:45,20.21
22/02/2024 21:00,53.32
22/02/2024 21:15,50.59
22/02/2024 21:30,30.06
22/02/2024 21:45,18.39
22/02/2024 22:00,46.12
22/02/2024 22:15,7.82
22/02/2024 22:30,12.12
22/02/2024 22:45,8.02
22/02/2024 23:00,47.24
22/02/2024 23:15,39.57
22/02/2024 23:30,10.71
22/02/2024 23:45,-7.38
23/02/2024 00:00,12.58
23/02/2024 00:15,0.65
23/02/2024 00:30,-1.01
23/02/2024 00:45,1.66
23/02/2024 01:00,24.9
23/02/2024 01:15,21.56
23/02/2024 01:30,16.21
23/02/2024 01:45,-1.41
23/02/2024 02:00,21.08
23/02/2024 02:15,12.09
23/02/2024 02:30,10.34
23/02/2024 02:45,7.06
23/02/2024 03:00,5.54
23/02/2024 03:15,-1.95
23/02/2024 03:30,-1.69
23/02/2024 03:45,-8.32
23/02/2024 04:00,-23.96
23/02/2024 04:15,-13.78
23/02/2024 04:30,-0.33
23/02/2024 04:45,2.27
23/02/2024 05:00,-28.7
23/02/2024 05:15,-4.37
23/02/2024 05:30,5.6
23/02/2024 05:45,53.76
23/02/2024 06:00,6
23/02/2024 06:15,39.78
23/02/2024 06:30,55.69
23/02/2024 06:45,62.7
23/02/2024 07:00,50.21
23/02/2024 07:15,71.36
23/02/2024 07:30,70.93
23/02/2024 07:45,69.27
23/02/2024 08:00,75.16
23/02/2024 08:15,81.59
23/02/2024 08:30,80.23
23/02/2024 08:45,75.75
23/02/2024 09:00,113.47
23/02/2024 09:15,99.36
23/02/2024 09:30,68.89
23/02/2024 09:45,47.24
23/02/2024 10:00,74.85
23/02/2024 10:15,57.49
23/02/2024 10:30,57.5
23/02/2024 10:45,58.99
23/02/2024 11:00,67.53
23/02/2024 11:15,70.94
23/02/2024 11:30,67.84
23/02/2024 11:45,65.66
23/02/2024 12:00,76.64
23/02/2024 12:15,71.45
23/02/2024 12:30,70.47
23/02/2024 12:45,71.48
23/02/2024 13:00,73.54
23/02/2024 13:15,70.69
23/02/2024 13:30,74.65
23/02/2024 13:45,64.94
23/02/2024 14:00,65.51
23/02/2024 14:15,75.75
23/02/2024 14:30,79.87
23/02/2024 14:45,81.63
23/02/2024 15:00,48.77
23/02/2024 15:15,67.13
23/02/2024 15:30,65.69
23/02/2024 15:45,57.86
23/02/2024 16:00,21.41
23/02/2024 16:15,47.4
23/02/2024 16:30,55.85
23/02/2024 16:45,65.34
23/02/2024 17:00,43.09
23/02/2024 17:15,52.09
23/02/2024 17:30,64.09
23/02/2024 17:45,64.48
23/02/2024 18:00,61.39
23/02/2024 18:15,78.83
23/02/2024 18:30,92.64
23/02/2024 18:45,70.57
23/02/2024 19:00,114.35
23/02/2024 19:15,80.19
23/02/2024 19:30,73.57
23/02/2024 19:45,77.01
23/02/2024 20:00,94.3
23/02/2024 20:15,80.28
23/02/2024 20:30,61.07
23/02/2024 20:45,65.34
23/02/2024 21:00,103.06
23/02/2024 21:15,99.84
23/02/2024 21:30,76.93
23/02/2024 21:45,63.07
23/02/2024 22:00,78.52
23/02/2024 22:15,71.57
23/02/2024 22:30,75.48
23/02/2024 22:45,63.8
23/02/2024 23:00,79.29
23/02/2024 23:15,76.99
23/02/2024 23:30,88.93
23/02/2024 23:45,83.34
24/02/2024 00:00,92.2
24/02/2024 00:15,96.74
24/02/2024 00:30,68.04
24/02/2024 00:45,63.93
24/02/2024 01:00,95.93
24/02/2024 01:15,88.66
24/02/2024 01:30,71.42
24/02/2024 01:45,51.54
24/02/2024 02:00,58.86
24/02/2024 02:15,55.42
24/02/2024 02:30,54.41
24/02/2024 02:45,58.34
24/02/2024 03:00,67.72
24/02/2024 03:15,62.41
24/02/2024 03:30,57.22
24/02/2024 03:45,60.9
24/02/2024 04:00,62.03
24/02/2024 04:15,59.85
24/02/2024 04:30,61.11
24/02/2024 04:45,62.27
24/02/2024 05:00,66.66
24/02/2024 05:15,66.03
24/02/2024 05:30,62.48
24/02/2024 05:45,60.23
24/02/2024 06:00,46.91
24/02/2024 06:15,55.16
24/02/2024 06:30,72.69
24/02/2024 06:45,71.11
24/02/2024 07:00,58.75
24/02/2024 07:15,66.76
24/02/2024 07:30,69.38
24/02/2024 07:45,62.13
24/02/2024 08:00,73.07
24/02/2024 08:15,67.97
24/02/2024 08:30,62.61
24/02/2024 08:45,54.87
24/02/2024 09:00,80.83
24/02/2024 09:15,72.29
24/02/2024 09:30,67.24
24/02/2024 09:45,65.23
24/02/2024 10:00,76.42
24/02/2024 10:15,62.32
24/02/2024 10:30,55.13
24/02/2024 10:45,47.54
24/02/2024 11:00,58.44
24/02/2024 11:15,55.08
24/02/2024 11:30,51.65
24/02/2024 11:45,41.08
24/02/2024 12:00,60.11
24/02/2024 12:15,52.2
24/02/2024 12:30,44.42
24/02/2024 12:45,41.46
24/02/2024 13:00,46.77
24/02/2024 13:15,50.71
24/02/2024 13:30,51.83
24/02/2024 13:45,53.7
24/02/2024 14:00,34.78
24/02/2024 14:15,56.06
24/02/2024 14:30,55.7
24/02/2024 14:45,57.18
24/02/2024 15:00,32.23
24/02/2024 15:15,50.23
24/02/2024 15:30,53.26
24/02/2024 15:45,61.22
24/02/2024 16:00,46.59
24/02/2024 16:15,55.16
24/02/2024 16:30,58.85
24/02/2024 16:45,62.4
24/02/2024 17:00,51.61
24/02/2024 17:15,61.42
24/02/2024 17:30,62.95
24/02/2024 17:45,64.28
24/02/2024 18:00,70.79
24/02/2024 18:15,72.3
24/02/2024 18:30,69.49
24/02/2024 18:45,58.94
24/02/2024 19:00,67.87
24/02/2024 19:15,68.35
24/02/2024 19:30,67.54
24/02/2024 19:45,64.95
24/02/2024 20:00,85.53
24/02/2024 20:15,69.02
24/02/2024 20:30,67.69
24/02/2024 20:45,66.04
24/02/2024 21:00,108.03
24/02/2024 21:15,83.49
24/02/2024 21:30,64.26
24/02/2024 21:45,54.02
24/02/2024 22:00,65.66
24/02/2024 22:15,58.25
24/02/2024 22:30,63.59
24/02/2024 22:45,47.39
24/02/2024 23:00,67.68
24/02/2024 23:15,57.46
24/02/2024 23:30,49.72
24/02/2024 23:45,42.7
25/02/2024 00:00,64.2
25/02/2024 00:15,46.16
25/02/2024 00:30,45.29
25/02/2024 00:45,35.27
25/02/2024 01:00,48.96
25/02/2024 01:15,47.66
25/02/2024 01:30,37.22
25/02/2024 01:45,27.36
25/02/2024 02:00,36.69
25/02/2024 02:15,44.23
25/02/2024 02:30,48.67
25/02/2024 02:45,55.08
25/02/2024 03:00,40.91
25/02/2024 03:15,43.97
25/02/2024 03:30,42.06
25/02/2024 03:45,41.51
25/02/2024 04:00,43.25
25/02/2024 04:15,47.02
25/02/2024 04:30,43.15
25/02/2024 04:45,48.15
25/02/2024 05:00,50.79
25/02/2024 05:15,50.46
25/02/2024 05:30,50.2
25/02/2024 05:45,57.38
25/02/2024 06:00,43.01
25/02/2024 06:15,48.12
25/02/2024 06:30,51.91
25/02/2024 06:45,55.85
25/02/2024 07:00,49.14
25/02/2024 07:15,62.48
25/02/2024 07:30,64.63
25/02/2024 07:45,62.59
25/02/2024 08:00,59.66
25/02/2024 08:15,54.18
25/02/2024 08:30,54.88
25/02/2024 08:45,38.41
25/02/2024 09:00,71.98
25/02/2024 09:15,62.34
25/02/2024 09:30,60.6
25/02/2024 09:45,66.04
25/02/2024 10:00,72.25
25/02/2024 10:15,59.91
25/02/2024 10:30,54.43
25/02/2024 10:45,51.66
25/02/2024 11:00,67.39
25/02/2024 11:15,61.35
25/02/2024 11:30,43.73
25/02/2024 11:45,42.07
25/02/2024 12:00,56.19
25/02/2024 12:15,47.63
25/02/2024 12:30,43.31
25/02/2024 12:45,49.38
25/02/2024 13:00,48.57
25/02/2024 13:15,54.61
25/02/2024 13:30,51.26
25/02/2024 13:45,54.73
25/02/2024 14:00,25.11
25/02/2024 14:15,55.18
25/02/2024 14:30,63.12
25/02/2024 14:45,74.87
25/02/2024 15:00,29.73
25/02/2024 15:15,60.46
25/02/2024 15:30,63.67
25/02/2024 15:45,72.27
25/02/2024 16:00,39.09
25/02/2024 16:15,48.5
25/02/2024 16:30,58.65
25/02/2024 16:45,64.58
25/02/2024 17:00,38.89
25/02/2024 17:15,54.99
25/02/2024 17:30,75.2
25/02/2024 17:45,91.42
25/02/2024 18:00,75.01
25/02/2024 18:15,88.34
25/02/2024 18:30,86.53
25/02/2024 18:45,72.45
25/02/2024 19:00,86.14
25/02/2024 19:15,85.05
25/02/2024 19:30,76.18
25/02/2024 19:45,69.19
25/02/2024 20:00,83.44
25/02/2024 20:15,75.3
25/02/2024 20:30,64.94
25/02/2024 20:45,64.77
25/02/2024 21:00,84.44
25/02/2024 21:15,80.84
25/02/2024 21:30,71.36
25/02/2024 21:45,72.79
25/02/2024 22:00,89.2
25/02/2024 22:15,80.86
25/02/2024 22:30,75.64
25/02/2024 22:45,71.02
25/02/2024 23:00,71.77
25/02/2024 23:15,66.73
25/02/2024 23:30,66.44
25/02/2024 23:45,56.21
26/02/2024 00:00,69.33
26/02/2024 00:15,60
26/02/2024 00:30,52.36
26/02/2024 00:45,43.14
26/02/2024 01:00,62.13
26/02/2024 01:15,52.6
26/02/2024 01:30,47.02
26/02/2024 01:45,33.16
26/02/2024 02:00,61
26/02/2024 02:15,46.49
26/02/2024 02:30,45.33
26/02/2024 02:45,26.25
26/02/2024 03:00,47.85
26/02/2024 03:15,41.59
26/02/2024 03:30,38.46
26/02/2024 03:45,28.99
26/02/2024 04:00,36.66
26/02/2024 04:15,45.07
26/02/2024 04:30,49.75
26/02/2024 04:45,48.71
26/02/2024 05:00,41.26
26/02/2024 05:15,40.89
26/02/2024 05:30,41.05
26/02/2024 05:45,49.07
26/02/2024 06:00,41.7
26/02/2024 06:15,52.24
26/02/2024 06:30,67.58
26/02/2024 06:45,82.69
26/02/2024 07:00,60.85
26/02/2024 07:15,68.98
26/02/2024 07:30,72.53
26/02/2024 07:45,71.87
26/02/2024 08:00,73.24
26/02/2024 08:15,63.48
26/02/2024 08:30,61.95
26/02/2024 08:45,51.12
26/02/2024 09:00,68.61
26/02/2024 09:15,63.59
26/02/2024 09:30,59.41
26/02/2024 09:45,58.51
26/02/2024 10:00,89.36
26/02/2024 10:15,74.49
26/02/2024 10:30,65.07
26/02/2024 10:45,62.81
26/02/2024 11:00,66.18
26/02/2024 11:15,56.02
26/02/2024 11:30,60.11
26/02/2024 11:45,55.26
26/02/2024 12:00,61.81
26/02/2024 12:15,55.1
26/02/2024 12:30,61.89
26/02/2024 12:45,68.07
26/02/2024 13:00,73.28
26/02/2024 13:15,74.36
26/02/2024 13:30,66.97
26/02/2024 13:45,70.81
26/02/2024 14:00,62.65
26/02/2024 14:15,63.13
26/02/2024 14:30,61.68
26/02/2024 14:45,59.97
26/02/2024 15:00,43.32
26/02/2024 15:15,51.99
26/02/2024 15:30,66.34
26/02/2024 15:45,72.08
26/02/2024 16:00,55.79
26/02/2024 16:15,66.05
26/02/2024 16:30,67.8
26/02/2024 16:45,71.4
26/02/2024 17:00,58.81
26/02/2024 17:15,65.84
26/02/2024 17:30,77.34
26/02/2024 17:45,72.17
26/02/2024 18:00,71.81
26/02/2024 18:15,63.24
26/02/2024 18:30,72.01
26/02/2024 18:45,68.24
26/02/2024 19:00,75.58
26/02/2024 19:15,66.21
26/02/2024 19:30,62.58
26/02/2024 19:45,59.05
26/02/2024 20:00,88.96
26/02/2024 20:15,75.25
26/02/2024 20:30,70.63
26/02/2024 20:45,69.13
26/02/2024 21:00,73.02
26/02/2024 21:15,65.05
26/02/2024 21:30,59.47
26/02/2024 21:45,50.21
26/02/2024 22:00,70.47
26/02/2024 22:15,73.74
26/02/2024 22:30,79.59
26/02/2024 22:45,69.68
26/02/2024 23:00,71.8
26/02/2024 23:15,65.6
26/02/2024 23:30,65.25
26/02/2024 23:45,51.77
27/02/2024 00:00,65.19
27/02/2024 00:15,58.51
27/02/2024 00:30,45.43
27/02/2024 00:45,43.29
27/02/2024 01:00,56.68
27/02/2024 01:15,53.43
27/02/2024 01:30,49.14
27/02/2024 01:45,47.85
27/02/2024 02:00,52.7
27/02/2024 02:15,51.06
27/02/2024 02:30,50.56
27/02/2024 02:45,56.03
27/02/2024 03:00,49.18
27/02/2024 03:15,53.71
27/02/2024 03:30,56.86
27/02/2024 03:45,64.67
27/02/2024 04:00,63.5
27/02/2024 04:15,63.72
27/02/2024 04:30,64.16
27/02/2024 04:45,68.88
27/02/2024 05:00,66.61
27/02/2024 05:15,65.17
27/02/2024 05:30,66.01
27/02/2024 05:45,71.03
27/02/2024 06:00,37.68
27/02/2024 06:15,45.34
27/02/2024 06:30,79.26
27/02/2024 06:45,80.42
27/02/2024 07:00,79.17
27/02/2024 07:15,85.22
27/02/2024 07:30,87.68
27/02/2024 07:45,101.25
27/02/2024 08:00,106.07
27/02/2024 08:15,79.64
27/02/2024 08:30,70.49
27/02/2024 08:45,65.28
27/02/2024 09:00,92.33
27/02/2024 09:15,82.59
27/02/2024 09:30,72.5
27/02/2024 09:45,67.07
27/02/2024 10:00,87.73
27/02/2024 10:15,74.67
27/02/2024 10:30,70.54
27/02/2024 10:45,73.14
27/02/2024 11:00,102.23
27/02/2024 11:15,87.77
27/02/2024 11:30,84.44
27/02/2024 11:45,87.19
27/02/2024 12:00,93.47
27/02/2024 12:15,84.49
27/02/2024 12:30,65.76
27/02/2024 12:45,65.8
27/02/2024 13:00,74.56
27/02/2024 13:15,66.01
27/02/2024 13:30,69.81
27/02/2024 13:45,69.94
27/02/2024 14:00,70.77
27/02/2024 14:15,77.28
27/02/2024 14:30,85.15
27/02/2024 14:45,94.76
27/02/2024 15:00,77.64
27/02/2024 15:15,85.69
27/02/2024 15:30,86.79
27/02/2024 15:45,93.58
27/02/2024 16:00,57.78
27/02/2024 16:15,62.86
27/02/2024 16:30,78.06
27/02/2024 16:45,103.43
27/02/2024 17:00,60.92
27/02/2024 17:15,81.82
27/02/2024 17:30,112.76
27/02/2024 17:45,198.02
27/02/2024 18:00,130.06
27/02/2024 18:15,107.18
27/02/2024 18:30,156.82
27/02/2024 18:45,158.39
27/02/2024 19:00,321.68
27/02/2024 19:15,156.4
27/02/2024 19:30,147.57
27/02/2024 19:45,117.41
27/02/2024 20:00,227.65
27/02/2024 20:15,134.05
27/02/2024 20:30,91.54
27/02/2024 20:45,69.25
27/02/2024 21:00,87.37
27/02/2024 21:15,77.55
27/02/2024 21:30,67.87
27/02/2024 21:45,64.51
27/02/2024 22:00,78.33
27/02/2024 22:15,64.27
27/02/2024 22:30,61.56
27/02/2024 22:45,56.73
27/02/2024 23:00,79.95
27/02/2024 23:15,66.75
27/02/2024 23:30,64.06
27/02/2024 23:45,54.56
28/02/2024 00:00,87.54
28/02/2024 00:15,57.5
28/02/2024 00:30,56.49
28/02/2024 00:45,54.15
28/02/2024 01:00,74.57
28/02/2024 01:15,59.04
28/02/2024 01:30,63.75
28/02/2024 01:45,63.54
28/02/2024 02:00,70.66
28/02/2024 02:15,66.1
28/02/2024 02:30,61.97
28/02/2024 02:45,57.96
28/02/2024 03:00,64.51
28/02/2024 03:15,64.59
28/02/2024 03:30,69.88
28/02/2024 03:45,71.56
28/02/2024 04:00,63.18
28/02/2024 04:15,65.73
28/02/2024 04:30,66.09
28/02/2024 04:45,74.31
28/02/2024 05:00,56.61
28/02/2024 05:15,61.16
28/02/2024 05:30,71.82
28/02/2024 05:45,87.1
28/02/2024 06:00,46.73
28/02/2024 06:15,63.47
28/02/2024 06:30,83.48
28/02/2024 06:45,99.19
28/02/2024 07:00,79.97
28/02/2024 07:15,94.47
28/02/2024 07:30,124.06
28/02/2024 07:45,170.42
28/02/2024 08:00,150.01
28/02/2024 08:15,124.64
28/02/2024 08:30,100.55
28/02/2024 08:45,87.81
28/02/2024 09:00,148.04
28/02/2024 09:15,108.07
28/02/2024 09:30,101.25
28/02/2024 09:45,87.59
28/02/2024 10:00,120.65
28/02/2024 10:15,108.17
28/02/2024 10:30,87.94
28/02/2024 10:45,67.39
28/02/2024 11:00,89.57
28/02/2024 11:15,68.29
28/02/2024 11:30,60.43
28/02/2024 11:45,60.57
28/02/2024 12:00,74.09
28/02/2024 12:15,71
28/02/2024 12:30,69.41
28/02/2024 12:45,64.64
28/02/2024 13:00,74.07
28/02/2024 13:15,70.65
28/02/2024 13:30,58.56
28/02/2024 13:45,41.8
28/02/2024 14:00,45.14
28/02/2024 14:15,63.77
28/02/2024 14:30,76.23
28/02/2024 14:45,75.36
28/02/2024 15:00,47.22
28/02/2024 15:15,61.76
28/02/2024 15:30,71.82
28/02/2024 15:45,87.31
28/02/2024 16:00,45.61
28/02/2024 16:15,64.35
28/02/2024 16:30,72.59
28/02/2024 16:45,85.68
28/02/2024 17:00,62.02
28/02/2024 17:15,74.93
28/02/2024 17:30,87.69
28/02/2024 17:45,86.86
28/02/2024 18:00,79.04
28/02/2024 18:15,75.12
28/02/2024 18:30,82.72
28/02/2024 18:45,78.14
28/02/2024 19:00,80.25
28/02/2024 19:15,75.76
28/02/2024 19:30,66.17
28/02/2024 19:45,62.56
28/02/2024 20:00,81.19
28/02/2024 20:15,74.57
28/02/2024 20:30,65.95
28/02/2024 20:45,57.3
28/02/2024 21:00,84.99
28/02/2024 21:15,78.7
28/02/2024 21:30,64.81
28/02/2024 21:45,53.05
28/02/2024 22:00,90.09
28/02/2024 22:15,85.37
28/02/2024 22:30,74.05
28/02/2024 22:45,62.22
28/02/2024 23:00,81.81
28/02/2024 23:15,74
28/02/2024 23:30,57.67
28/02/2024 23:45,46.22
29/02/2024 00:00,69.02
29/02/2024 00:15,60.04
29/02/2024 00:30,44.65
29/02/2024 00:45,16.02
29/02/2024 01:00,66.35
29/02/2024 01:15,60.44
29/02/2024 01:30,57.44
29/02/2024 01:45,57.46
29/02/2024 02:00,61.52
29/02/2024 02:15,56.3
29/02/2024 02:30,53.57
29/02/2024 02:45,45.47
29/02/2024 03:00,50.79
29/02/2024 03:15,42.5
29/02/2024 03:30,38.08
29/02/2024 03:45,31.1
29/02/2024 04:00,33.75
29/02/2024 04:15,43.32
29/02/2024 04:30,51.27
29/02/2024 04:45,57.11
29/02/2024 05:00,38.27
29/02/2024 05:15,51.13
29/02/2024 05:30,59.55
29/02/2024 05:45,68.63
29/02/2024 06:00,54.02
29/02/2024 06:15,67.42
29/02/2024 06:30,72.94
29/02/2024 06:45,75.16
29/02/2024 07:00,61.27
29/02/2024 07:15,75.41
29/02/2024 07:30,71.55
29/02/2024 07:45,67.08
29/02/2024 08:00,78.13
29/02/2024 08:15,77.38
29/02/2024 08:30,65.02
29/02/2024 08:45,56.66
29/02/2024 09:00,84.55
29/02/2024 09:15,75.51
29/02/2024 09:30,73.22
29/02/2024 09:45,63.68
29/02/2024 10:00,75.12
29/02/2024 10:15,73.08
29/02/2024 10:30,70.78
29/02/2024 10:45,66.15
29/02/2024 11:00,63.37
29/02/2024 11:15,53.08
29/02/2024 11:30,49.46
29/02/2024 11:45,37.96
29/02/2024 12:00,59.01
29/02/2024 12:15,59.75
29/02/2024 12:30,55.89
29/02/2024 12:45,57.81
29/02/2024 13:00,64.48
29/02/2024 13:15,65.04
29/02/2024 13:30,62.48
29/02/2024 13:45,61.17
29/02/2024 14:00,59.85
29/02/2024 14:15,65.44
29/02/2024 14:30,64.25
29/02/2024 14:45,65.91
29/02/2024 15:00,49.3
29/02/2024 15:15,60.04
29/02/2024 15:30,80.57
29/02/2024 15:45,84.83
29/02/2024 16:00,51.77
29/02/2024 16:15,70.87
29/02/2024 16:30,78.34
29/02/2024 16:45,86.34
29/02/2024 17:00,69.54
29/02/2024 17:15,73.32
29/02/2024 17:30,79.12
29/02/2024 17:45,94.06
29/02/2024 18:00,92.2
29/02/2024 18:15,86.14
29/02/2024 18:30,80.95
29/02/2024 18:45,74.11
29/02/2024 19:00,110.57
29/02/2024 19:15,91.55
29/02/2024 19:30,82.74
29/02/2024 19:45,71.29
29/02/2024 20:00,89.41
29/02/2024 20:15,78.4
29/02/2024 20:30,65.54
29/02/2024 20:45,59.7
29/02/2024 21:00,81.38
29/02/2024 21:15,79.41
29/02/2024 21:30,74.05
29/02/2024 21:45,62.38
29/02/2024 22:00,95.17
29/02/2024 22:15,78.98
29/02/2024 22:30,88.72
29/02/2024 22:45,79.69
29/02/2024 23:00,83.27
29/02/2024 23:15,73.91
29/02/2024 23:30,76.42
29/02/2024 23:45,62.78
01/03/2024 00:00,78.73
01/03/2024 00:15,68.15
01/03/2024 00:30,64.82
01/03/2024 00:45,60.85
01/03/2024 01:00,66.1
01/03/2024 01:15,68
01/03/2024 01:30,61.74
01/03/2024 01:45,57.18
01/03/2024 02:00,59.02
01/03/2024 02:15,57.33
01/03/2024 02:30,45.74
01/03/2024 02:45,47.3
01/03/2024 03:00,55.3
01/03/2024 03:15,60.6
01/03/2024 03:30,58.92
01/03/2024 03:45,63.76
01/03/2024 04:00,61.33
01/03/2024 04:15,66.15
01/03/2024 04:30,70.08
01/03/2024 04:45,75.75
01/03/2024 05:00,60.47
01/03/2024 05:15,62.19
01/03/2024 05:30,60.16
01/03/2024 05:45,72.52
01/03/2024 06:00,51.91
01/03/2024 06:15,59.85
01/03/2024 06:30,77.57
01/03/2024 06:45,84.43
01/03/2024 07:00,71.35
01/03/2024 07:15,81.04
01/03/2024 07:30,79.37
01/03/2024 07:45,69.68
01/03/2024 08:00,97.15
01/03/2024 08:15,86.13
01/03/2024 08:30,83.58
01/03/2024 08:45,83.24
01/03/2024 09:00,91.13
01/03/2024 09:15,85.6
01/03/2024 09:30,78
01/03/2024 09:45,66.8
01/03/2024 10:00,91.39
01/03/2024 10:15,81.78
01/03/2024 10:30,75.09
01/03/2024 10:45,72.58
01/03/2024 11:00,94
01/03/2024 11:15,86.44
01/03/2024 11:30,86.75
01/03/2024 11:45,86.58
01/03/2024 12:00,90.5
01/03/2024 12:15,70.41
01/03/2024 12:30,81.42
01/03/2024 12:45,84.66
01/03/2024 13:00,90.32
01/03/2024 13:15,79.31
01/03/2024 13:30,67.19
01/03/2024 13:45,59.12
01/03/2024 14:00,59.51
01/03/2024 14:15,69.14
01/03/2024 14:30,88.82
01/03/2024 14:45,95.76
01/03/2024 15:00,67.6
01/03/2024 15:15,71.29
01/03/2024 15:30,73.51
01/03/2024 15:45,70.56
01/03/2024 16:00,52.06
01/03/2024 16:15,66.52
01/03/2024 16:30,79.22
01/03/2024 16:45,83.33
01/03/2024 17:00,64.32
01/03/2024 17:15,71.56
01/03/2024 17:30,75.08
01/03/2024 17:45,86.75
01/03/2024 18:00,95.56
01/03/2024 18:15,110.05
01/03/2024 18:30,146.27
01/03/2024 18:45,161.48
01/03/2024 19:00,187.31
01/03/2024 19:15,170.64
01/03/2024 19:30,111.7
01/03/2024 19:45,97.02
01/03/2024 20:00,95.64
01/03/2024 20:15,76.24
01/03/2024 20:30,60.35
01/03/2024 20:45,57.37
01/03/2024 21:00,95.74
01/03/2024 21:15,88.66
01/03/2024 21:30,69.25
01/03/2024 21:45,59.3
01/03/2024 22:00,76.25
01/03/2024 22:15,65.27
01/03/2024 22:30,68.01
01/03/2024 22:45,54.47
01/03/2024 23:00,78.76
01/03/2024 23:15,75.16
01/03/2024 23:30,65.4
01/03/2024 23:45,57.32
02/03/2024 00:00,78.3
02/03/2024 00:15,61.54
02/03/2024 00:30,59.9
02/03/2024 00:45,51.12
02/03/2024 01:00,74.06
02/03/2024 01:15,56.38
02/03/2024 01:30,61.72
02/03/2024 01:45,47.29
02/03/2024 02:00,59
02/03/2024 02:15,52.23
02/03/2024 02:30,52.59
02/03/2024 02:45,56.16
02/03/2024 03:00,74.02
02/03/2024 03:15,64.93
02/03/2024 03:30,57.46
02/03/2024 03:45,55.25
02/03/2024 04:00,64.67
02/03/2024 04:15,56.86
02/03/2024 04:30,49.25
02/03/2024 04:45,47
02/03/2024 05:00,54.34
02/03/2024 05:15,53.16
02/03/2024 05:30,48.91
02/03/2024 05:45,51.97
02/03/2024 06:00,47.78
02/03/2024 06:15,58.69
02/03/2024 06:30,64.19
02/03/2024 06:45,72.84
02/03/2024 07:00,47.57
02/03/2024 07:15,67.01
02/03/2024 07:30,70.46
02/03/2024 07:45,71.51
02/03/2024 08:00,65.34
02/03/2024 08:15,64.36
02/03/2024 08:30,71.33
02/03/2024 08:45,67
02/03/2024 09:00,84.97
02/03/2024 09:15,77.11
02/03/2024 09:30,63.08
02/03/2024 09:45,45.01
02/03/2024 10:00,68.74
02/03/2024 10:15,50.3
02/03/2024 10:30,44.74
02/03/2024 10:45,23
02/03/2024 11:00,49.19
02/03/2024 11:15,27.35
02/03/2024 11:30,16.83
02/03/2024 11:45,-3.38
02/03/2024 12:00,28.08
02/03/2024 12:15,14.82
02/03/2024 12:30,1.63
02/03/2024 12:45,-11.36
02/03/2024 13:00,-7.55
02/03/2024 13:15,-13.21
02/03/2024 13:30,-12.5
02/03/2024 13:45,9.28
02/03/2024 14:00,-9.65
02/03/2024 14:15,34.71
02/03/2024 14:30,35.9
02/03/2024 14:45,52.3
02/03/2024 15:00,10.29
02/03/2024 15:15,54.75
02/03/2024 15:30,61.82
02/03/2024 15:45,69.99
02/03/2024 16:00,31.53
02/03/2024 16:15,65.08
02/03/2024 16:30,63.75
02/03/2024 16:45,69.33
02/03/2024 17:00,50.94
02/03/2024 17:15,69.96
02/03/2024 17:30,85.22
02/03/2024 17:45,91.86
02/03/2024 18:00,103.11
02/03/2024 18:15,88.37
02/03/2024 18:30,91.02
02/03/2024 18:45,67.65
02/03/2024 19:00,101.22
02/03/2024 19:15,64.59
02/03/2024 19:30,56.74
02/03/2024 19:45,45.28
02/03/2024 20:00,77.46
02/03/2024 20:15,62.44
02/03/2024 20:30,50.99
02/03/2024 20:45,48.29
02/03/2024 21:00,64.53
02/03/2024 21:15,63.86
02/03/2024 21:30,67.27
02/03/2024 21:45,63.95
02/03/2024 22:00,84.48
02/03/2024 22:15,73.24
02/03/2024 22:30,61.8
02/03/2024 22:45,59.77
02/03/2024 23:00,83.99
02/03/2024 23:15,76.05
02/03/2024 23:30,60.1
02/03/2024 23:45,49.04
03/03/2024 00:00,74.31
03/03/2024 00:15,69.57
03/03/2024 00:30,60.38
03/03/2024 00:45,54.19
03/03/2024 01:00,63.29
03/03/2024 01:15,58.63
03/03/2024 01:30,52.13
03/03/2024 01:45,43.52
03/03/2024 02:00,45.94
03/03/2024 02:15,52.81
03/03/2024 02:30,57.93
03/03/2024 02:45,60.2
03/03/2024 03:00,48.93
03/03/2024 03:15,63.64
03/03/2024 03:30,69.44
03/03/2024 03:45,70.16
03/03/2024 04:00,57.84
03/03/2024 04:15,60.3
03/03/2024 04:30,62.36
03/03/2024 04:45,68.66
03/03/2024 05:00,58.64
03/03/2024 05:15,63.27
03/03/2024 05:30,72.45
03/03/2024 05:45,74.88
03/03/2024 06:00,45.87
03/03/2024 06:15,65.8
03/03/2024 06:30,77.52
03/03/2024 06:45,85.64
03/03/2024 07:00,69.32
03/03/2024 07:15,74.74
03/03/2024 07:30,63.09
03/03/2024 07:45,48.8
03/03/2024 08:00,67.79
03/03/2024 08:15,50.96
03/03/2024 08:30,47.4
03/03/2024 08:45,38.16
03/03/2024 09:00,77.94
03/03/2024 09:15,73.71
03/03/2024 09:30,56.71
03/03/2024 09:45,65.5
03/03/2024 10:00,98.96
03/03/2024 10:15,86.45
03/03/2024 10:30,70.96
03/03/2024 10:45,32.34
03/03/2024 11:00,84.17
03/03/2024 11:15,76.34
03/03/2024 11:30,66.35
03/03/2024 11:45,58.71
03/03/2024 12:00,91.02
03/03/2024 12:15,79.37
03/03/2024 12:30,68.27
03/03/2024 12:45,50.31
03/03/2024 13:00,72.11
03/03/2024 13:15,60.7
03/03/2024 13:30,41.53
03/03/2024 13:45,20.11
03/03/2024 14:00,-17.48
03/03/2024 14:15,13.4
03/03/2024 14:30,12.82
03/03/2024 14:45,59.83
03/03/2024 15:00,-10.85
03/03/2024 15:15,59.76
03/03/2024 15:30,69.47
03/03/2024 15:45,76.7
03/03/2024 16:00,38.82
03/03/2024 16:15,64.32
03/03/2024 16:30,68.73
03/03/2024 16:45,70.32
03/03/2024 17:00,53.67
03/03/2024 17:15,63.4
03/03/2024 17:30,66.98
03/03/2024 17:45,73.41
03/03/2024 18:00,92.75
03/03/2024 18:15,92.54
03/03/2024 18:30,85.74
03/03/2024 18:45,78.23
03/03/2024 19:00,101.77
03/03/2024 19:15,78.82
03/03/2024 19:30,77.91
03/03/2024 19:45,78.15
03/03/2024 20:00,87.91
03/03/2024 20:15,76.27
03/03/2024 20:30,73.12
03/03/2024 20:45,62.66
03/03/2024 21:00,76.23
03/03/2024 21:15,71.83
03/03/2024 21:30,65.51
03/03/2024 21:45,65.23
03/03/2024 22:00,86.12
03/03/2024 22:15,80.26
03/03/2024 22:30,73.18
03/03/2024 22:45,57.42
03/03/2024 23:00,78.26
03/03/2024 23:15,56.99
03/03/2024 23:30,52.05
03/03/2024 23:45,36.75
04/03/2024 00:00,76.34
04/03/2024 00:15,65.73
04/03/2024 00:30,58.62
04/03/2024 00:45,59.14
04/03/2024 01:00,71.99
04/03/2024 01:15,70.48
04/03/2024 01:30,63.82
04/03/2024 01:45,62.97
04/03/2024 02:00,71.59
04/03/2024 02:15,69.21
04/03/2024 02:30,56.93
04/03/2024 02:45,61.57
04/03/2024 03:00,69.81
04/03/2024 03:15,64.1
04/03/2024 03:30,62
04/03/2024 03:45,66.91
04/03/2024 04:00,70.42
04/03/2024 04:15,66.86
04/03/2024 04:30,65.46
04/03/2024 04:45,69.97
04/03/2024 05:00,75.65
04/03/2024 05:15,70.01
04/03/2024 05:30,66.6
04/03/2024 05:45,77.78
04/03/2024 06:00,43.95
04/03/2024 06:15,62
04/03/2024 06:30,84
04/03/2024 06:45,100.97
04/03/2024 07:00,66.29
04/03/2024 07:15,84.95
04/03/2024 07:30,98.34
04/03/2024 07:45,103.96
04/03/2024 08:00,129.34
04/03/2024 08:15,106.08
04/03/2024 08:30,83.44
04/03/2024 08:45,78.69
04/03/2024 09:00,90.7
04/03/2024 09:15,90.66
04/03/2024 09:30,97.8
04/03/2024 09:45,106.53
04/03/2024 10:00,110.78
04/03/2024 10:15,91.36
04/03/2024 10:30,83.63
04/03/2024 10:45,82.12
04/03/2024 11:00,93.93
04/03/2024 11:15,85.23
04/03/2024 11:30,94.44
04/03/2024 11:45,89.5
04/03/2024 12:00,82.39
04/03/2024 12:15,67.31
04/03/2024 12:30,69.41
04/03/2024 12:45,68.19
04/03/2024 13:00,83.13
04/03/2024 13:15,81.09
04/03/2024 13:30,72.95
04/03/2024 13:45,69.82
04/03/2024 14:00,78.04
04/03/2024 14:15,81.43
04/03/2024 14:30,78.79
04/03/2024 14:45,68.03
04/03/2024 15:00,72.88
04/03/2024 15:15,81.37
04/03/2024 15:30,88.51
04/03/2024 15:45,106.17
04/03/2024 16:00,84.57
04/03/2024 16:15,92.05
04/03/2024 16:30,91.75
04/03/2024 16:45,106.56
04/03/2024 17:00,61.73
04/03/2024 17:15,71.11
04/03/2024 17:30,89.83
04/03/2024 17:45,98.98
04/03/2024 18:00,82.49
04/03/2024 18:15,87.83
04/03/2024 18:30,88.48
04/03/2024 18:45,78.9
04/03/2024 19:00,136.22
04/03/2024 19:15,95.57
04/03/2024 19:30,97.16
04/03/2024 19:45,92.25
04/03/2024 20:00,117.45
04/03/2024 20:15,94.8
04/03/2024 20:30,76.7
04/03/2024 20:45,61.84
04/03/2024 21:00,87.57
04/03/2024 21:15,79.21
04/03/2024 21:30,67.59
04/03/2024 21:45,51.92
04/03/2024 22:00,85.55
04/03/2024 22:15,72.82
04/03/2024 22:30,68.43
04/03/2024 22:45,58.77
04/03/2024 23:00,73.94
04/03/2024 23:15,73.56
04/03/2024 23:30,67.53
04/03/2024 23:45,65.83
05/03/2024 00:00,73.05
05/03/2024 00:15,67.91
05/03/2024 00:30,61.39
05/03/2024 00:45,59.93
05/03/2024 01:00,80.23
05/03/2024 01:15,70.5
05/03/2024 01:30,65.05
05/03/2024 01:45,61.68
05/03/2024 02:00,71.15
05/03/2024 02:15,69.25
05/03/2024 02:30,65.17
05/03/2024 02:45,64.35
05/03/2024 03:00,68.75
05/03/2024 03:15,69.5
05/03/2024 03:30,63.21
05/03/2024 03:45,63.05
05/03/2024 04:00,61.34
05/03/2024 04:15,64.65
05/03/2024 04:30,67.54
05/03/2024 04:45,67.59
05/03/2024 05:00,65.53
05/03/2024 05:15,69.19
05/03/2024 05:30,69.81
05/03/2024 05:45,72.47
05/03/2024 06:00,59.73
05/03/2024 06:15,70.21
05/03/2024 06:30,87.26
05/03/2024 06:45,87.16
05/03/2024 07:00,75.95
05/03/2024 07:15,75.24
05/03/2024 07:30,92.64
05/03/2024 07:45,93.24
05/03/2024 08:00,96.54
05/03/2024 08:15,92.42
05/03/2024 08:30,86.72
05/03/2024 08:45,83.92
05/03/2024 09:00,91.52
05/03/2024 09:15,75.4
05/03/2024 09:30,67.07
05/03/2024 09:45,61.92
05/03/2024 10:00,75.06
05/03/2024 10:15,63.19
05/03/2024 10:30,60.91
05/03/2024 10:45,58.75
05/03/2024 11:00,69.16
05/03/2024 11:15,68.97
05/03/2024 11:30,73.22
05/03/2024 11:45,69.93
05/03/2024 12:00,76.05
05/03/2024 12:15,67.93
05/03/2024 12:30,65.07
05/03/2024 12:45,72.61
05/03/2024 13:00,80.74
05/03/2024 13:15,83.11
05/03/2024 13:30,79.72
05/03/2024 13:45,72.29
05/03/2024 14:00,67.77
05/03/2024 14:15,70.21
05/03/2024 14:30,76.14
05/03/2024 14:45,83.74
05/03/2024 15:00,71.09
05/03/2024 15:15,75.59
05/03/2024 15:30,74.3
05/03/2024 15:45,81.72
05/03/2024 16:00,66.38
05/03/2024 16:15,77.34
05/03/2024 16:30,88.52
05/03/2024 16:45,86.84
05/03/2024 17:00,54.76
05/03/2024 17:15,65.79
05/03/2024 17:30,71.22
05/03/2024 17:45,81.67
05/03/2024 18:00,81.7
05/03/2024 18:15,83.56
05/03/2024 18:30,102.05
05/03/2024 18:45,100.54
05/03/2024 19:00,119.17
05/03/2024 19:15,84.5
05/03/2024 19:30,81.44
05/03/2024 19:45,78.83
05/03/2024 20:00,103.23
05/03/2024 20:15,84.77
05/03/2024 20:30,84.9
05/03/2024 20:45,76.88
05/03/2024 21:00,91.65
05/03/2024 21:15,78.2
05/03/2024 21:30,83.43
05/03/2024 21:45,73.78
05/03/2024 22:00,89.91
05/03/2024 22:15,77.86
05/03/2024 22:30,80.26
05/03/2024 22:45,81.76
05/03/2024 23:00,80.08
05/03/2024 23:15,73.47
05/03/2024 23:30,70.1
05/03/2024 23:45,67.8
06/03/2024 00:00,77.32
06/03/2024 00:15,69.16
06/03/2024 00:30,62.85
06/03/2024 00:45,61.15
06/03/2024 01:00,70.28
06/03/2024 01:15,71.69
06/03/2024 01:30,71
06/03/2024 01:45,67.55
06/03/2024 02:00,81.81
06/03/2024 02:15,71.28
06/03/2024 02:30,70.83
06/03/2024 02:45,70.52
06/03/2024 03:00,72.46
06/03/2024 03:15,66.73
06/03/2024 03:30,65.79
06/03/2024 03:45,69.1
06/03/2024 04:00,64.6
06/03/2024 04:15,71.18
06/03/2024 04:30,75.22
06/03/2024 04:45,77.21
06/03/2024 05:00,66.69
06/03/2024 05:15,67.34
06/03/2024 05:30,69.58
06/03/2024 05:45,84.02
06/03/2024 06:00,63.66
06/03/2024 06:15,69.29
06/03/2024 06:30,79.76
06/03/2024 06:45,84.51
06/03/2024 07:00,79.95
06/03/2024 07:15,87.94
06/03/2024 07:30,105.14
06/03/2024 07:45,103.48
06/03/2024 08:00,121.05
06/03/2024 08:15,92.02
06/03/2024 08:30,80.18
06/03/2024 08:45,78.3
06/03/2024 09:00,96.89
06/03/2024 09:15,85.35
06/03/2024 09:30,76.72
06/03/2024 09:45,57.42
06/03/2024 10:00,89.22
06/03/2024 10:15,69.41
06/03/2024 10:30,57.72
06/03/2024 10:45,43.81
06/03/2024 11:00,67.16
06/03/2024 11:15,65.27
06/03/2024 11:30,66.74
06/03/2024 11:45,61.84
06/03/2024 12:00,64.75
06/03/2024 12:15,63.45
06/03/2024 12:30,65.13
06/03/2024 12:45,64.59
06/03/2024 13:00,63.95
06/03/2024 13:15,69.65
06/03/2024 13:30,64.95
06/03/2024 13:45,64.72
06/03/2024 14:00,55.36
06/03/2024 14:15,60.16
06/03/2024 14:30,66.49
06/03/2024 14:45,72.26
06/03/2024 15:00,57.38
06/03/2024 15:15,66.64
06/03/2024 15:30,67.15
06/03/2024 15:45,73.7
06/03/2024 16:00,52.3
06/03/2024 16:15,68.6
06/03/2024 16:30,91.99
06/03/2024 16:45,87.84
06/03/2024 17:00,66.39
06/03/2024 17:15,72.92
06/03/2024 17:30,82.19
06/03/2024 17:45,85.16
06/03/2024 18:00,79.55
06/03/2024 18:15,80.36
06/03/2024 18:30,96.52
06/03/2024 18:45,95.36
06/03/2024 19:00,322.39
06/03/2024 19:15,140.54
06/03/2024 19:30,92.87
06/03/2024 19:45,85.01
06/03/2024 20:00,120.27
06/03/2024 20:15,104.58
06/03/2024 20:30,90
06/03/2024 20:45,81.28
06/03/2024 21:00,103.08
06/03/2024 21:15,94.88
06/03/2024 21:30,68.84
06/03/2024 21:45,66.54
06/03/2024 22:00,70.54
06/03/2024 22:15,66.88
06/03/2024 22:30,75.09
06/03/2024 22:45,64.37
06/03/2024 23:00,75.75
06/03/2024 23:15,69.47
06/03/2024 23:30,62.52
06/03/2024 23:45,54.23
07/03/2024 00:00,89.76
07/03/2024 00:15,81.94
07/03/2024 00:30,61.51
07/03/2024 00:45,55.05
07/03/2024 01:00,85.12
07/03/2024 01:15,68.96
07/03/2024 01:30,64.05
07/03/2024 01:45,62.03
07/03/2024 02:00,76.88
07/03/2024 02:15,73.51
07/03/2024 02:30,82.91
07/03/2024 02:45,81.32
07/03/2024 03:00,69.74
07/03/2024 03:15,65.79
07/03/2024 03:30,70.29
07/03/2024 03:45,71.59
07/03/2024 04:00,79.37
07/03/2024 04:15,80.02
07/03/2024 04:30,80.66
07/03/2024 04:45,79.11
07/03/2024 05:00,66.44
07/03/2024 05:15,68.04
07/03/2024 05:30,65.86
07/03/2024 05:45,76.12
07/03/2024 06:00,64.04
07/03/2024 06:15,80.45
07/03/2024 06:30,95.89
07/03/2024 06:45,96.08
07/03/2024 07:00,75.18
07/03/2024 07:15,88.09
07/03/2024 07:30,102.67
07/03/2024 07:45,103.24
07/03/2024 08:00,154.36
07/03/2024 08:15,117.2
07/03/2024 08:30,86.58
07/03/2024 08:45,75.87
07/03/2024 09:00,84.47
07/03/2024 09:15,77.6
07/03/2024 09:30,68.04
07/03/2024 09:45,61.47
07/03/2024 10:00,80.34
07/03/2024 10:15,62.65
07/03/2024 10:30,70.2
07/03/2024 10:45,70.05
07/03/2024 11:00,72.45
07/03/2024 11:15,76.49
07/03/2024 11:30,72.36
07/03/2024 11:45,61.21
07/03/2024 12:00,67.42
07/03/2024 12:15,60.92
07/03/2024 12:30,41.49
07/03/2024 12:45,20.21
07/03/2024 13:00,46.39
07/03/2024 13:15,65.71
07/03/2024 13:30,73.74
07/03/2024 13:45,94.69
07/03/2024 14:00,76.68
07/03/2024 14:15,80.08
07/03/2024 14:30,85.55
07/03/2024 14:45,84.3
07/03/2024 15:00,74.95
07/03/2024 15:15,86.14
07/03/2024 15:30,92.65
07/03/2024 15:45,85.49
07/03/2024 16:00,68.3
07/03/2024 16:15,88.27
07/03/2024 16:30,100.21
07/03/2024 16:45,97.62
07/03/2024 17:00,84.53
07/03/2024 17:15,92.57
07/03/2024 17:30,100.16
07/03/2024 17:45,95.67
07/03/2024 18:00,99.19
07/03/2024 18:15,92.27
07/03/2024 18:30,85.82
07/03/2024 18:45,79.71
07/03/2024 19:00,110.07
07/03/2024 19:15,80.86
07/03/2024 19:30,74.2
07/03/2024 19:45,81.21
07/03/2024 20:00,97.73
07/03/2024 20:15,93.88
07/03/2024 20:30,73.28
07/03/2024 20:45,57.57
07/03/2024 21:00,88.6
07/03/2024 21:15,84.1
07/03/2024 21:30,73.39
07/03/2024 21:45,60.13
07/03/2024 22:00,87.06
07/03/2024 22:15,77.03
07/03/2024 22:30,77.45
07/03/2024 22:45,64.89
07/03/2024 23:00,87.4
07/03/2024 23:15,75.79
07/03/2024 23:30,68.99
07/03/2024 23:45,70.32
08/03/2024 00:00,78.35
08/03/2024 00:15,65.4
08/03/2024 00:30,61.79
08/03/2024 00:45,54.7
08/03/2024 01:00,75.61
08/03/2024 01:15,55.54
08/03/2024 01:30,54.01
08/03/2024 01:45,50.2
08/03/2024 02:00,58.33
08/03/2024 02:15,55.49
08/03/2024 02:30,51.47
08/03/2024 02:45,59.5
08/03/2024 03:00,48.92
08/03/2024 03:15,50.54
08/03/2024 03:30,50.78
08/03/2024 03:45,54.28
08/03/2024 04:00,50.96
08/03/2024 04:15,57.68
08/03/2024 04:30,65.13
08/03/2024 04:45,73.28
08/03/2024 05:00,67.82
08/03/2024 05:15,69.12
08/03/2024 05:30,54.61
08/03/2024 05:45,64
08/03/2024 06:00,45.68
08/03/2024 06:15,66.97
08/03/2024 06:30,83.9
08/03/2024 06:45,83.84
08/03/2024 07:00,80.42
08/03/2024 07:15,90.36
08/03/2024 07:30,94.6
08/03/2024 07:45,89.8
08/03/2024 08:00,132.07
08/03/2024 08:15,89.68
08/03/2024 08:30,73.88
08/03/2024 08:45,64.76
08/03/2024 09:00,91.27
08/03/2024 09:15,89.79
08/03/2024 09:30,73.03
08/03/2024 09:45,63.24
08/03/2024 10:00,136.73
08/03/2024 10:15,87.46
08/03/2024 10:30,52.65
08/03/2024 10:45,14.96
08/03/2024 11:00,81.55
08/03/2024 11:15,69.33
08/03/2024 11:30,62.08
08/03/2024 11:45,20.52
08/03/2024 12:00,61.57
08/03/2024 12:15,35.86
08/03/2024 12:30,3.82
08/03/2024 12:45,-14.36
08/03/2024 13:00,-0.41
08/03/2024 13:15,-5.14
08/03/2024 13:30,-14.75
08/03/2024 13:45,-22.83
08/03/2024 14:00,-49.69
08/03/2024 14:15,-26.24
08/03/2024 14:30,-4.17
08/03/2024 14:45,18.17
08/03/2024 15:00,-30
08/03/2024 15:15,8.6
08/03/2024 15:30,43
08/03/2024 15:45,54.32
08/03/2024 16:00,-5.97
08/03/2024 16:15,41.08
08/03/2024 16:30,67.43
08/03/2024 16:45,80.6
08/03/2024 17:00,36.92
08/03/2024 17:15,56.81
08/03/2024 17:30,72.23
08/03/2024 17:45,77.76
08/03/2024 18:00,98.62
08/03/2024 18:15,93.8
08/03/2024 18:30,84.26
08/03/2024 18:45,62.37
08/03/2024 19:00,69.87
08/03/2024 19:15,65.95
08/03/2024 19:30,54.7
08/03/2024 19:45,67.6
08/03/2024 20:00,75.64
08/03/2024 20:15,66.88
08/03/2024 20:30,40.43
08/03/2024 20:45,28.44
08/03/2024 21:00,59.89
08/03/2024 21:15,47.3
08/03/2024 21:30,41.95
08/03/2024 21:45,36.43
08/03/2024 22:00,57.33
08/03/2024 22:15,50.89
08/03/2024 22:30,49.04
08/03/2024 22:45,50.28
08/03/2024 23:00,60.98
08/03/2024 23:15,60.85
08/03/2024 23:30,54.09
08/03/2024 23:45,48.82
09/03/2024 00:00,41.72
09/03/2024 00:15,32.83
09/03/2024 00:30,34.06
09/03/2024 00:45,37.28
09/03/2024 01:00,34.84
09/03/2024 01:15,32.28
09/03/2024 01:30,29.35
09/03/2024 01:45,25.58
09/03/2024 02:00,26.97
09/03/2024 02:15,26.43
09/03/2024 02:30,35.09
09/03/2024 02:45,45
09/03/2024 03:00,39.94
09/03/2024 03:15,41.63
09/03/2024 03:30,42.6
09/03/2024 03:45,49.39
09/03/2024 04:00,47.95
09/03/2024 04:15,40.65
09/03/2024 04:30,40.12
09/03/2024 04:45,37.43
09/03/2024 05:00,36.23
09/03/2024 05:15,31.4
09/03/2024 05:30,42.94
09/03/2024 05:45,51.78
09/03/2024 06:00,42.44
09/03/2024 06:15,50.96
09/03/2024 06:30,56.58
09/03/2024 06:45,62.8
09/03/2024 07:00,50.11
09/03/2024 07:15,46.46
09/03/2024 07:30,51.79
09/03/2024 07:45,39.51
09/03/2024 08:00,55.34
09/03/2024 08:15,44.36
09/03/2024 08:30,39.47
09/03/2024 08:45,12.66
09/03/2024 09:00,45.24
09/03/2024 09:15,22.14
09/03/2024 09:30,8.58
09/03/2024 09:45,-5.11
09/03/2024 10:00,51.19
09/03/2024 10:15,56.58
09/03/2024 10:30,39.74
09/03/2024 10:45,-1.28
09/03/2024 11:00,37.85
09/03/2024 11:15,6.77
09/03/2024 11:30,-8.21
09/03/2024 11:45,-20.9
09/03/2024 12:00,-1.95
09/03/2024 12:15,-26.91
09/03/2024 12:30,-27.51
09/03/2024 12:45,-28.36
09/03/2024 13:00,-43.08
09/03/2024 13:15,-45.75
09/03/2024 13:30,-41.55
09/03/2024 13:45,-26.67
09/03/2024 14:00,-45.72
09/03/2024 14:15,-36.98
09/03/2024 14:30,-16.99
09/03/2024 14:45,36.49
09/03/2024 15:00,-28.18
09/03/2024 15:15,29.98
09/03/2024 15:30,63.06
09/03/2024 15:45,73.5
09/03/2024 16:00,9.52
09/03/2024 16:15,55.24
09/03/2024 16:30,72.18
09/03/2024 16:45,81.88
09/03/2024 17:00,73.03
09/03/2024 17:15,89.67
09/03/2024 17:30,100.8
09/03/2024 17:45,93.21
09/03/2024 18:00,65.76
09/03/2024 18:15,82.42
09/03/2024 18:30,144.26
09/03/2024 18:45,110.02
09/03/2024 19:00,119.26
09/03/2024 19:15,71.59
09/03/2024 19:30,50.27
09/03/2024 19:45,45.04
09/03/2024 20:00,72.91
09/03/2024 20:15,66.44
09/03/2024 20:30,48.81
09/03/2024 20:45,32.68
09/03/2024 21:00,38.41
09/03/2024 21:15,33.36
09/03/2024 21:30,36.59
09/03/2024 21:45,43.35
09/03/2024 22:00,44.13
09/03/2024 22:15,45.74
09/03/2024 22:30,31.55
09/03/2024 22:45,22.06
09/03/2024 23:00,45.53
09/03/2024 23:15,40.23
09/03/2024 23:30,32.91
09/03/2024 23:45,12.31
10/03/2024 00:00,29.04
10/03/2024 00:15,28.81
10/03/2024 00:30,23.1
10/03/2024 00:45,12.41
10/03/2024 01:00,35.01
10/03/2024 01:15,24.25
10/03/2024 01:30,22.85
10/03/2024 01:45,16.12
10/03/2024 02:00,40.62
10/03/2024 02:15,38.34
10/03/2024 02:30,36.09
10/03/2024 02:45,34.41
10/03/2024 03:00,17.29
10/03/2024 03:15,14.97
10/03/2024 03:30,22.97
10/03/2024 03:45,25.67
10/03/2024 04:00,29.09
10/03/2024 04:15,30.77
10/03/2024 04:30,26.63
10/03/2024 04:45,31.21
10/03/2024 05:00,29.09
10/03/2024 05:15,29.36
10/03/2024 05:30,33.31
10/03/2024 05:45,23.32
10/03/2024 06:00,8.01
10/03/2024 06:15,24.42
10/03/2024 06:30,20.27
10/03/2024 06:45,13.53
10/03/2024 07:00,8.09
10/03/2024 07:15,5.4
10/03/2024 07:30,-2.33
10/03/2024 07:45,-1.32
10/03/2024 08:00,9.7
10/03/2024 08:15,18.91
10/03/2024 08:30,26.99
10/03/2024 08:45,42.89
10/03/2024 09:00,66.11
10/03/2024 09:15,55.08
10/03/2024 09:30,57.31
10/03/2024 09:45,40.35
10/03/2024 10:00,79.57
10/03/2024 10:15,65.9
10/03/2024 10:30,49.36
10/03/2024 10:45,37.54
10/03/2024 11:00,70.77
10/03/2024 11:15,56.18
10/03/2024 11:30,52.36
10/03/2024 11:45,54.15
10/03/2024 12:00,66.37
10/03/2024 12:15,55.38
10/03/2024 12:30,50.02
10/03/2024 12:45,37.82
10/03/2024 13:00,23.55
10/03/2024 13:15,0.88
10/03/2024 13:30,1.07
10/03/2024 13:45,17.38
10/03/2024 14:00,23.71
10/03/2024 14:15,52.04
10/03/2024 14:30,62.9
10/03/2024 14:45,82.1
10/03/2024 15:00,49.98
10/03/2024 15:15,57.69
10/03/2024 15:30,69.34
10/03/2024 15:45,82.99
10/03/2024 16:00,45.45
10/03/2024 16:15,70.2
10/03/2024 16:30,80.11
10/03/2024 16:45,100.65
10/03/2024 17:00,55.44
10/03/2024 17:15,77.43
10/03/2024 17:30,82.64
10/03/2024 17:45,77.74
10/03/2024 18:00,58.4
10/03/2024 18:15,70.76
10/03/2024 18:30,79.3
10/03/2024 18:45,75.19
10/03/2024 19:00,63.86
10/03/2024 19:15,72.46
10/03/2024 19:30,74.1
10/03/2024 19:45,69.56
10/03/2024 20:00,90.06
10/03/2024 20:15,79.42
10/03/2024 20:30,72.66
10/03/2024 20:45,63.6
10/03/2024 21:00,66.17
10/03/2024 21:15,66.15
10/03/2024 21:30,57.88
10/03/2024 21:45,48.95
10/03/2024 22:00,63.16
10/03/2024 22:15,71.22
10/03/2024 22:30,74.39
10/03/2024 22:45,62.88
10/03/2024 23:00,70.73
10/03/2024 23:15,68.16
10/03/2024 23:30,65.28
10/03/2024 23:45,60.43
11/03/2024 00:00,63.92
11/03/2024 00:15,52.09
11/03/2024 00:30,47.39
11/03/2024 00:45,44.55
11/03/2024 01:00,65.11
11/03/2024 01:15,65.23
11/03/2024 01:30,63.67
11/03/2024 01:45,65.79
11/03/2024 02:00,63.6
11/03/2024 02:15,66.69
11/03/2024 02:30,70.31
11/03/2024 02:45,71.96
11/03/2024 03:00,61.87
11/03/2024 03:15,64.33
11/03/2024 03:30,68.23
11/03/2024 03:45,70.61
11/03/2024 04:00,56.61
11/03/2024 04:15,55.64
11/03/2024 04:30,54.83
11/03/2024 04:45,63.04
11/03/2024 05:00,55.65
11/03/2024 05:15,61.91
11/03/2024 05:30,66.86
11/03/2024 05:45,73.67
11/03/2024 06:00,52.4
11/03/2024 06:15,84
11/03/2024 06:30,87.16
11/03/2024 06:45,86.99
11/03/2024 07:00,77.86
11/03/2024 07:15,85.29
11/03/2024 07:30,90.51
11/03/2024 07:45,84.53
11/03/2024 08:00,97.82
11/03/2024 08:15,84.65
11/03/2024 08:30,68.13
11/03/2024 08:45,51.16
11/03/2024 09:00,78.07
11/03/2024 09:15,77.69
11/03/2024 09:30,77.71
11/03/2024 09:45,57.17
11/03/2024 10:00,82.76
11/03/2024 10:15,71.02
11/03/2024 10:30,61.52
11/03/2024 10:45,49.35
11/03/2024 11:00,61.11
11/03/2024 11:15,58.99
11/03/2024 11:30,63.17
11/03/2024 11:45,78.76
11/03/2024 12:00,61.72
11/03/2024 12:15,62.2
11/03/2024 12:30,60.69
11/03/2024 12:45,58.05
11/03/2024 13:00,56.47
11/03/2024 13:15,60.11
11/03/2024 13:30,61.24
11/03/2024 13:45,64.89
11/03/2024 14:00,68.91
11/03/2024 14:15,75.77
11/03/2024 14:30,78.89
11/03/2024 14:45,99.79
11/03/2024 15:00,69.36
11/03/2024 15:15,74.63
11/03/2024 15:30,81.53
11/03/2024 15:45,106.26
11/03/2024 16:00,67.71
11/03/2024 16:15,80.19
11/03/2024 16:30,93.53
11/03/2024 16:45,107.75
11/03/2024 17:00,69.75
11/03/2024 17:15,91.75
11/03/2024 17:30,114.52
11/03/2024 17:45,190.35
11/03/2024 18:00,112.83
11/03/2024 18:15,122.8
11/03/2024 18:30,191.99
11/03/2024 18:45,268.61
11/03/2024 19:00,197.36
11/03/2024 19:15,102.99
11/03/2024 19:30,81.03
11/03/2024 19:45,77.03
11/03/2024 20:00,145.46
11/03/2024 20:15,106.94
11/03/2024 20:30,97.06
11/03/2024 20:45,90.61
11/03/2024 21:00,115.4
11/03/2024 21:15,104.81
11/03/2024 21:30,96.41
11/03/2024 21:45,91.57
11/03/2024 22:00,105.64
11/03/2024 22:15,98.5
11/03/2024 22:30,99.66
11/03/2024 22:45,92.45
11/03/2024 23:00,95.23
11/03/2024 23:15,88.4
11/03/2024 23:30,96.92
11/03/2024 23:45,85.85
12/03/2024 00:00,92.13
12/03/2024 00:15,82.1
12/03/2024 00:30,73.99
12/03/2024 00:45,64.43
12/03/2024 01:00,72.26
12/03/2024 01:15,65.02
12/03/2024 01:30,67.14
12/03/2024 01:45,59.95
12/03/2024 02:00,80.13
12/03/2024 02:15,75.57
12/03/2024 02:30,61.92
12/03/2024 02:45,58.56
12/03/2024 03:00,60.69
12/03/2024 03:15,61.41
12/03/2024 03:30,65.03
12/03/2024 03:45,63.18
12/03/2024 04:00,59.16
12/03/2024 04:15,60.59
12/03/2024 04:30,70.19
12/03/2024 04:45,69.65
12/03/2024 05:00,64.68
12/03/2024 05:15,75.8
12/03/2024 05:30,80.83
12/03/2024 05:45,87.92
12/03/2024 06:00,77.52
12/03/2024 06:15,98.68
12/03/2024 06:30,93.36
12/03/2024 06:45,99.96
12/03/2024 07:00,83.54
12/03/2024 07:15,90.34
12/03/2024 07:30,94.88
12/03/2024 07:45,96.63
12/03/2024 08:00,115.15
12/03/2024 08:15,91.47
12/03/2024 08:30,79.39
12/03/2024 08:45,68.57
12/03/2024 09:00,112.28
12/03/2024 09:15,94.4
12/03/2024 09:30,84.13
12/03/2024 09:45,78.43
12/03/2024 10:00,98.52
12/03/2024 10:15,82.18
12/03/2024 10:30,76.41
12/03/2024 10:45,74.05
12/03/2024 11:00,89.02
12/03/2024 11:15,77.61
12/03/2024 11:30,69.33
12/03/2024 11:45,65.43
12/03/2024 12:00,82.73
12/03/2024 12:15,77.36
12/03/2024 12:30,84.42
12/03/2024 12:45,84.9
12/03/2024 13:00,92.92
12/03/2024 13:15,88.46
12/03/2024 13:30,85.91
12/03/2024 13:45,86.15
12/03/2024 14:00,95.52
12/03/2024 14:15,95.92
12/03/2024 14:30,92.69
12/03/2024 14:45,87.73
12/03/2024 15:00,68.77
12/03/2024 15:15,75.29
12/03/2024 15:30,78.97
12/03/2024 15:45,81.02
12/03/2024 16:00,69.85
12/03/2024 16:15,81.71
12/03/2024 16:30,88.38
12/03/2024 16:45,91.15
12/03/2024 17:00,75.34
12/03/2024 17:15,76.25
12/03/2024 17:30,77.44
12/03/2024 17:45,108.66
12/03/2024 18:00,75.71
12/03/2024 18:15,94.04
12/03/2024 18:30,121.33
12/03/2024 18:45,121.07
12/03/2024 19:00,139.31
12/03/2024 19:15,106.96
12/03/2024 19:30,97.08
12/03/2024 19:45,77.1
12/03/2024 20:00,104.71
12/03/2024 20:15,74.89
12/03/2024 20:30,66.51
12/03/2024 20:45,74.82
12/03/2024 21:00,92.4
12/03/2024 21:15,88.95
12/03/2024 21:30,63.61
12/03/2024 21:45,56.18
12/03/2024 22:00,100.99
12/03/2024 22:15,80
12/03/2024 22:30,59.42
12/03/2024 22:45,57.2
12/03/2024 23:00,77.93
12/03/2024 23:15,74.74
12/03/2024 23:30,65.88
12/03/2024 23:45,61
13/03/2024 00:00,105.88
13/03/2024 00:15,87.18
13/03/2024 00:30,84.79
13/03/2024 00:45,74.74
13/03/2024 01:00,70.67
13/03/2024 01:15,62.05
13/03/2024 01:30,63.87
13/03/2024 01:45,63.64
13/03/2024 02:00,75.84
13/03/2024 02:15,65.79
13/03/2024 02:30,64.73
13/03/2024 02:45,62.82
13/03/2024 03:00,63.98
13/03/2024 03:15,59.06
13/03/2024 03:30,57.61
13/03/2024 03:45,55.05
13/03/2024 04:00,61.33
13/03/2024 04:15,67.78
13/03/2024 04:30,76.74
13/03/2024 04:45,80.8
13/03/2024 05:00,68.81
13/03/2024 05:15,76.91
13/03/2024 05:30,83.91
13/03/2024 05:45,79.81
13/03/2024 06:00,69.87
13/03/2024 06:15,96.25
13/03/2024 06:30,115.19
13/03/2024 06:45,118.14
13/03/2024 07:00,119.36
13/03/2024 07:15,151.58
13/03/2024 07:30,139.47
13/03/2024 07:45,137.68
13/03/2024 08:00,124.97
13/03/2024 08:15,97.53
13/03/2024 08:30,73.66
13/03/2024 08:45,61.19
13/03/2024 09:00,86.59
13/03/2024 09:15,76.94
13/03/2024 09:30,62.56
13/03/2024 09:45,65.36
13/03/2024 10:00,94.21
13/03/2024 10:15,74.27
13/03/2024 10:30,65.57
13/03/2024 10:45,58.29
13/03/2024 11:00,74.5
13/03/2024 11:15,68.11
13/03/2024 11:30,68.11
13/03/2024 11:45,67
13/03/2024 12:00,70.23
13/03/2024 12:15,64.17
13/03/2024 12:30,61.47
13/03/2024 12:45,61.75
13/03/2024 13:00,76.52
13/03/2024 13:15,76.89
13/03/2024 13:30,74.99
13/03/2024 13:45,69.28
13/03/2024 14:00,58.21
13/03/2024 14:15,65.03
13/03/2024 14:30,71.31
13/03/2024 14:45,68.29
13/03/2024 15:00,59.49
13/03/2024 15:15,72.91
13/03/2024 15:30,81.55
13/03/2024 15:45,78.05
13/03/2024 16:00,57.32
13/03/2024 16:15,58.62
13/03/2024 16:30,61.07
13/03/2024 16:45,67.59
13/03/2024 17:00,68.93
13/03/2024 17:15,75.59
13/03/2024 17:30,82.37
13/03/2024 17:45,84.87
13/03/2024 18:00,83.04
13/03/2024 18:15,90.32
13/03/2024 18:30,97.01
13/03/2024 18:45,93.09
13/03/2024 19:00,140.21
13/03/2024 19:15,100.29
13/03/2024 19:30,86.1
13/03/2024 19:45,78.22
13/03/2024 20:00,99.66
13/03/2024 20:15,97.47
13/03/2024 20:30,80.99
13/03/2024 20:45,72.68
13/03/2024 21:00,86.43
13/03/2024 21:15,86.38
13/03/2024 21:30,72.34
13/03/2024 21:45,62.78
13/03/2024 22:00,91.13
13/03/2024 22:15,82.51
13/03/2024 22:30,77.61
13/03/2024 22:45,59.62
13/03/2024 23:00,80.56
13/03/2024 23:15,76.25
13/03/2024 23:30,73.6
13/03/2024 23:45,56.63
14/03/2024 00:00,74.8
14/03/2024 00:15,69.88
14/03/2024 00:30,57.4
14/03/2024 00:45,54.15
14/03/2024 01:00,62.08
14/03/2024 01:15,61.6
14/03/2024 01:30,55.18
14/03/2024 01:45,56.94
14/03/2024 02:00,72.73
14/03/2024 02:15,72.17
14/03/2024 02:30,64.23
14/03/2024 02:45,60.22
14/03/2024 03:00,61.95
14/03/2024 03:15,60.68
14/03/2024 03:30,66.85
14/03/2024 03:45,68.78
14/03/2024 04:00,64.26
14/03/2024 04:15,65.57
14/03/2024 04:30,63.16
14/03/2024 04:45,66.22
14/03/2024 05:00,60.08
14/03/2024 05:15,61.08
14/03/2024 05:30,77.59
14/03/2024 05:45,82.26
14/03/2024 06:00,65.27
14/03/2024 06:15,87.02
14/03/2024 06:30,96.52
14/03/2024 06:45,102.25
14/03/2024 07:00,88.16
14/03/2024 07:15,97.87
14/03/2024 07:30,109.34
14/03/2024 07:45,93.2
14/03/2024 08:00,106.49
14/03/2024 08:15,90.33
14/03/2024 08:30,75.93
14/03/2024 08:45,71.05
14/03/2024 09:00,93.65
14/03/2024 09:15,77.17
14/03/2024 09:30,62.48
14/03/2024 09:45,55.06
14/03/2024 10:00,68.05
14/03/2024 10:15,61.3
14/03/2024 10:30,54.07
14/03/2024 10:45,51.42
14/03/2024 11:00,61.97
14/03/2024 11:15,55.19
14/03/2024 11:30,51.24
14/03/2024 11:45,38.54
14/03/2024 12:00,56.36
14/03/2024 12:15,46.3
14/03/2024 12:30,20.09
14/03/2024 12:45,3.6
14/03/2024 13:00,11.55
14/03/2024 13:15,-4.22
14/03/2024 13:30,-14.42
14/03/2024 13:45,-9.21
14/03/2024 14:00,-11.26
14/03/2024 14:15,28.5
14/03/2024 14:30,27.88
14/03/2024 14:45,45.19
14/03/2024 15:00,19.73
14/03/2024 15:15,44.88
14/03/2024 15:30,63.97
14/03/2024 15:45,70.54
14/03/2024 16:00,34.28
14/03/2024 16:15,65.16
14/03/2024 16:30,77.03
14/03/2024 16:45,79.58
14/03/2024 17:00,52.19
14/03/2024 17:15,63.11
14/03/2024 17:30,85.7
14/03/2024 17:45,140.75
14/03/2024 18:00,128.23
14/03/2024 18:15,127.71
14/03/2024 18:30,116.94
14/03/2024 18:45,82.25
14/03/2024 19:00,334.63
14/03/2024 19:15,101.04
14/03/2024 19:30,83.65
14/03/2024 19:45,63.98
14/03/2024 20:00,93.44
14/03/2024 20:15,76.93
14/03/2024 20:30,71.78
14/03/2024 20:45,63.86
14/03/2024 21:00,80.29
14/03/2024 21:15,74.79
14/03/2024 21:30,68.98
14/03/2024 21:45,57.45
14/03/2024 22:00,70.19
14/03/2024 22:15,75.17
14/03/2024 22:30,81.55
14/03/2024 22:45,52.61
14/03/2024 23:00,88.33
14/03/2024 23:15,64.52
14/03/2024 23:30,45.64
14/03/2024 23:45,49.52
15/03/2024 00:00,62.63
15/03/2024 00:15,56.55
15/03/2024 00:30,48.09
15/03/2024 00:45,42.75
15/03/2024 01:00,65.65
15/03/2024 01:15,57.84
15/03/2024 01:30,49.86
15/03/2024 01:45,48.98
15/03/2024 02:00,64.68
15/03/2024 02:15,49.58
15/03/2024 02:30,50.48
15/03/2024 02:45,52.98
15/03/2024 03:00,57.2
15/03/2024 03:15,51.71
15/03/2024 03:30,53.6
15/03/2024 03:45,58.33
15/03/2024 04:00,54.13
15/03/2024 04:15,58.01
15/03/2024 04:30,66.63
15/03/2024 04:45,66.11
15/03/2024 05:00,53.33
15/03/2024 05:15,52.85
15/03/2024 05:30,63.78
15/03/2024 05:45,66.77
15/03/2024 06:00,51.88
15/03/2024 06:15,75.61
15/03/2024 06:30,76.94
15/03/2024 06:45,73.58
15/03/2024 07:00,61.4
15/03/2024 07:15,68.7
15/03/2024 07:30,65.49
15/03/2024 07:45,57.42
15/03/2024 08:00,61.83
15/03/2024 08:15,52.7
15/03/2024 08:30,46.43
15/03/2024 08:45,45.31
15/03/2024 09:00,58.61
15/03/2024 09:15,52.73
15/03/2024 09:30,48.56
15/03/2024 09:45,46.37
15/03/2024 10:00,58.48
15/03/2024 10:15,47.29
15/03/2024 10:30,47.8
15/03/2024 10:45,53.07
15/03/2024 11:00,61.53
15/03/2024 11:15,44.23
15/03/2024 11:30,27.22
15/03/2024 11:45,15.83
15/03/2024 12:00,47.23
15/03/2024 12:15,41.9
15/03/2024 12:30,45.6
15/03/2024 12:45,45.83
15/03/2024 13:00,29.54
15/03/2024 13:15,44.28
15/03/2024 13:30,49.94
15/03/2024 13:45,47.22
15/03/2024 14:00,36.4
15/03/2024 14:15,51.52
15/03/2024 14:30,49.03
15/03/2024 14:45,52.3
15/03/2024 15:00,26.5
15/03/2024 15:15,27.24
15/03/2024 15:30,43.37
15/03/2024 15:45,57.64
15/03/2024 16:00,35.72
15/03/2024 16:15,50.31
15/03/2024 16:30,63.37
15/03/2024 16:45,78.32
15/03/2024 17:00,60.19
15/03/2024 17:15,67.92
15/03/2024 17:30,68.92
15/03/2024 17:45,80.78
15/03/2024 18:00,62.88
15/03/2024 18:15,73.04
15/03/2024 18:30,87.05
15/03/2024 18:45,80.91
15/03/2024 19:00,119.94
15/03/2024 19:15,71.32
15/03/2024 19:30,63.25
15/03/2024 19:45,63.48
15/03/2024 20:00,77.69
15/03/2024 20:15,71.96
15/03/2024 20:30,63.23
15/03/2024 20:45,55.32
15/03/2024 21:00,71.82
15/03/2024 21:15,66.97
15/03/2024 21:30,52.7
15/03/2024 21:45,37.03
15/03/2024 22:00,77.19
15/03/2024 22:15,65.85
15/03/2024 22:30,65.86
15/03/2024 22:45,57.68
15/03/2024 23:00,78.41
15/03/2024 23:15,67.43
15/03/2024 23:30,49.94
15/03/2024 23:45,40.69
16/03/2024 00:00,77.32
16/03/2024 00:15,60.38
16/03/2024 00:30,52.25
16/03/2024 00:45,41.13
16/03/2024 01:00,53.64
16/03/2024 01:15,42.51
16/03/2024 01:30,40.49
16/03/2024 01:45,36.52
16/03/2024 02:00,44.91
16/03/2024 02:15,41.64
16/03/2024 02:30,39.9
16/03/2024 02:45,35.07
16/03/2024 03:00,44.85
16/03/2024 03:15,42.26
16/03/2024 03:30,38.96
16/03/2024 03:45,35.32
16/03/2024 04:00,22.87
16/03/2024 04:15,28.41
16/03/2024 04:30,28.39
16/03/2024 04:45,27.47
16/03/2024 05:00,25.08
16/03/2024 05:15,33.08
16/03/2024 05:30,40.32
16/03/2024 05:45,47.73
16/03/2024 06:00,34.14
16/03/2024 06:15,39.75
16/03/2024 06:30,39.46
16/03/2024 06:45,40.25
16/03/2024 07:00,25.74
16/03/2024 07:15,32.2
16/03/2024 07:30,35.93
16/03/2024 07:45,36.27
16/03/2024 08:00,47.96
16/03/2024 08:15,39.2
16/03/2024 08:30,31.83
16/03/2024 08:45,32.37
16/03/2024 09:00,64.91
16/03/2024 09:15,62.83
16/03/2024 09:30,41.96
16/03/2024 09:45,19.67
16/03/2024 10:00,50.75
16/03/2024 10:15,38.92
16/03/2024 10:30,31.48
16/03/2024 10:45,19.76
16/03/2024 11:00,34.39
16/03/2024 11:15,11.8
16/03/2024 11:30,6.52
16/03/2024 11:45,-9.55
16/03/2024 12:00,22.35
16/03/2024 12:15,25.22
16/03/2024 12:30,20.81
16/03/2024 12:45,3.34
16/03/2024 13:00,8.73
16/03/2024 13:15,5.78
16/03/2024 13:30,6.72
16/03/2024 13:45,6.5
16/03/2024 14:00,-11.69
16/03/2024 14:15,-7.8
16/03/2024 14:30,4.99
16/03/2024 14:45,43.98
16/03/2024 15:00,23.34
16/03/2024 15:15,50.24
16/03/2024 15:30,70.88
16/03/2024 15:45,82.91
16/03/2024 16:00,21.58
16/03/2024 16:15,34.17
16/03/2024 16:30,55.69
16/03/2024 16:45,60.73
16/03/2024 17:00,18.3
16/03/2024 17:15,50.73
16/03/2024 17:30,62.24
16/03/2024 17:45,65.88
16/03/2024 18:00,53.08
16/03/2024 18:15,83.32
16/03/2024 18:30,121.89
16/03/2024 18:45,194.2
16/03/2024 19:00,127.75
16/03/2024 19:15,87.77
16/03/2024 19:30,67.05
16/03/2024 19:45,48.33
16/03/2024 20:00,73.46
16/03/2024 20:15,64.24
16/03/2024 20:30,62.39
16/03/2024 20:45,57.31
16/03/2024 21:00,60.85
16/03/2024 21:15,62.25
16/03/2024 21:30,64.7
16/03/2024 21:45,65.4
16/03/2024 22:00,69.33
16/03/2024 22:15,70.12
16/03/2024 22:30,68.88
16/03/2024 22:45,62.51
16/03/2024 23:00,73.54
16/03/2024 23:15,68.48
16/03/2024 23:30,60.68
16/03/2024 23:45,48.75
17/03/2024 00:00,74.63
17/03/2024 00:15,74.63
17/03/2024 00:30,66.37
17/03/2024 00:45,63.47
17/03/2024 01:00,70.79
17/03/2024 01:15,70.02
17/03/2024 01:30,66.9
17/03/2024 01:45,74.58
17/03/2024 02:00,63.12
17/03/2024 02:15,59.24
17/03/2024 02:30,62.38
17/03/2024 02:45,66.05
17/03/2024 03:00,59.89
17/03/2024 03:15,59.24
17/03/2024 03:30,67.31
17/03/2024 03:45,68.82
17/03/2024 04:00,68.82
17/03/2024 04:15,68.38
17/03/2024 04:30,70.53
17/03/2024 04:45,71.07
17/03/2024 05:00,65.41
17/03/2024 05:15,65.09
17/03/2024 05:30,73.24
17/03/2024 05:45,79.04
17/03/2024 06:00,62.41
17/03/2024 06:15,74.3
17/03/2024 06:30,74.32
17/03/2024 06:45,77.86
17/03/2024 07:00,69.27
17/03/2024 07:15,58.3
17/03/2024 07:30,50.28
17/03/2024 07:45,49.55
17/03/2024 08:00,62.88
17/03/2024 08:15,61.3
17/03/2024 08:30,34.93
17/03/2024 08:45,12.85
17/03/2024 09:00,56.26
17/03/2024 09:15,31.86
17/03/2024 09:30,0.5
17/03/2024 09:45,-31.64
17/03/2024 10:00,32.68
17/03/2024 10:15,-3.64
17/03/2024 10:30,-27.15
17/03/2024 10:45,-37.91
17/03/2024 11:00,25.32
17/03/2024 11:15,46.63
17/03/2024 11:30,43.61
17/03/2024 11:45,19.28
17/03/2024 12:00,41.15
17/03/2024 12:15,26.31
17/03/2024 12:30,8.6
17/03/2024 12:45,-7.16
17/03/2024 13:00,-10.14
17/03/2024 13:15,-21.13
17/03/2024 13:30,-25.97
17/03/2024 13:45,-14.47
17/03/2024 14:00,-36.28
17/03/2024 14:15,-13.8
17/03/2024 14:30,4.99
17/03/2024 14:45,26.14
17/03/2024 15:00,9.44
17/03/2024 15:15,27.68
17/03/2024 15:30,46.49
17/03/2024 15:45,62.53
17/03/2024 16:00,58.97
17/03/2024 16:15,67.16
17/03/2024 16:30,78.12
17/03/2024 16:45,87.47
17/03/2024 17:00,70.48
17/03/2024 17:15,80.7
17/03/2024 17:30,102.32
17/03/2024 17:45,109.9
17/03/2024 18:00,126.38
17/03/2024 18:15,333.61
17/03/2024 18:30,784.88
17/03/2024 18:45,340.29
17/03/2024 19:00,204.09
17/03/2024 19:15,145.8
17/03/2024 19:30,97.35
17/03/2024 19:45,72.81
17/03/2024 20:00,89.79
17/03/2024 20:15,77.63
17/03/2024 20:30,73.45
17/03/2024 20:45,76.36
17/03/2024 21:00,86
17/03/2024 21:15,77.6
17/03/2024 21:30,66.34
17/03/2024 21:45,56.22
17/03/2024 22:00,71.25
17/03/2024 22:15,66.26
17/03/2024 22:30,69.41
17/03/2024 22:45,57.25
17/03/2024 23:00,80.82
17/03/2024 23:15,76.06
17/03/2024 23:30,64.46
17/03/2024 23:45,58.27
18/03/2024 00:00,75.81
18/03/2024 00:15,64.22
18/03/2024 00:30,61.11
18/03/2024 00:45,58.23
18/03/2024 01:00,71.1
18/03/2024 01:15,64.51
18/03/2024 01:30,63.75
18/03/2024 01:45,58.51
18/03/2024 02:00,67.36
18/03/2024 02:15,63.62
18/03/2024 02:30,61.05
18/03/2024 02:45,65.75
18/03/2024 03:00,60.29
18/03/2024 03:15,57.86
18/03/2024 03:30,59.81
18/03/2024 03:45,61.27
18/03/2024 04:00,54.37
18/03/2024 04:15,56.75
18/03/2024 04:30,58.24
18/03/2024 04:45,67.74
18/03/2024 05:00,64.53
18/03/2024 05:15,62.25
18/03/2024 05:30,70.49
18/03/2024 05:45,80.17
18/03/2024 06:00,64.61
18/03/2024 06:15,89.86
18/03/2024 06:30,101.26
18/03/2024 06:45,110.14
18/03/2024 07:00,128.92
18/03/2024 07:15,218.53
18/03/2024 07:30,196.02
18/03/2024 07:45,223.64
18/03/2024 08:00,294
18/03/2024 08:15,118.35
18/03/2024 08:30,83.96
18/03/2024 08:45,80.43
18/03/2024 09:00,97.02
18/03/2024 09:15,76.71
18/03/2024 09:30,65.11
18/03/2024 09:45,79.19
18/03/2024 10:00,99.28
18/03/2024 10:15,74.7
18/03/2024 10:30,63.69
18/03/2024 10:45,53.17
18/03/2024 11:00,61.62
18/03/2024 11:15,69.33
18/03/2024 11:30,65.11
18/03/2024 11:45,63.62
18/03/2024 12:00,62.83
18/03/2024 12:15,66.64
18/03/2024 12:30,58.46
18/03/2024 12:45,53.95
18/03/2024 13:00,71.3
18/03/2024 13:15,69.38
18/03/2024 13:30,62.71
18/03/2024 13:45,74.12
18/03/2024 14:00,72.87
18/03/2024 14:15,69.71
18/03/2024 14:30,78.74
18/03/2024 14:45,71.19
18/03/2024 15:00,64.95
18/03/2024 15:15,76.66
18/03/2024 15:30,92.06
18/03/2024 15:45,87.53
18/03/2024 16:00,77.29
18/03/2024 16:15,88.08
18/03/2024 16:30,93.94
18/03/2024 16:45,92.27
18/03/2024 17:00,73.34
18/03/2024 17:15,77.59
18/03/2024 17:30,97.38
18/03/2024 17:45,133.84
18/03/2024 18:00,99.47
18/03/2024 18:15,83.97
18/03/2024 18:30,89.52
18/03/2024 18:45,102.44
18/03/2024 19:00,155.37
18/03/2024 19:15,89.01
18/03/2024 19:30,89.93
18/03/2024 19:45,95.72
18/03/2024 20:00,137.79
18/03/2024 20:15,102.21
18/03/2024 20:30,96.93
18/03/2024 20:45,83.71
18/03/2024 21:00,113.53
18/03/2024 21:15,102.41
18/03/2024 21:30,89.28
18/03/2024 21:45,70.91
18/03/2024 22:00,87.49
18/03/2024 22:15,75.42
18/03/2024 22:30,77.45
18/03/2024 22:45,66.47
18/03/2024 23:00,79.67
18/03/2024 23:15,77.92
18/03/2024 23:30,73.45
18/03/2024 23:45,64.18
19/03/2024 00:00,91.26
19/03/2024 00:15,73.69
19/03/2024 00:30,68.85
19/03/2024 00:45,66.26
19/03/2024 01:00,77.45
19/03/2024 01:15,75.39
19/03/2024 01:30,71.04
19/03/2024 01:45,68.74
19/03/2024 02:00,73.78
19/03/2024 02:15,69.38
19/03/2024 02:30,70
19/03/2024 02:45,66.69
19/03/2024 03:00,71.41
19/03/2024 03:15,67.16
19/03/2024 03:30,68.49
19/03/2024 03:45,72.52
19/03/2024 04:00,70.1
19/03/2024 04:15,68.1
19/03/2024 04:30,70.4
19/03/2024 04:45,72.08
19/03/2024 05:00,64.54
19/03/2024 05:15,63.13
19/03/2024 05:30,69.89
19/03/2024 05:45,81.87
19/03/2024 06:00,63.33
19/03/2024 06:15,80.05
19/03/2024 06:30,107.72
19/03/2024 06:45,105.18
19/03/2024 07:00,111.23
19/03/2024 07:15,97.01
19/03/2024 07:30,87.53
19/03/2024 07:45,72.57
19/03/2024 08:00,92.27
19/03/2024 08:15,83.29
19/03/2024 08:30,69.45
19/03/2024 08:45,65.5
19/03/2024 09:00,93.45
19/03/2024 09:15,81.57
19/03/2024 09:30,63.88
19/03/2024 09:45,65.6
19/03/2024 10:00,65.47
19/03/2024 10:15,72.27
19/03/2024 10:30,64.07
19/03/2024 10:45,51.99
19/03/2024 11:00,68.42
19/03/2024 11:15,52.43
19/03/2024 11:30,25.88
19/03/2024 11:45,1.05
19/03/2024 12:00,19.35
19/03/2024 12:15,-14.82
19/03/2024 12:30,-16.97
19/03/2024 12:45,-14.72
19/03/2024 13:00,7.68
19/03/2024 13:15,50.78
19/03/2024 13:30,64.18
19/03/2024 13:45,73.84
19/03/2024 14:00,7.7
19/03/2024 14:15,69.38
19/03/2024 14:30,73.59
19/03/2024 14:45,74.2
19/03/2024 15:00,56.77
19/03/2024 15:15,69.38
19/03/2024 15:30,76.71
19/03/2024 15:45,75.44
19/03/2024 16:00,63.31
19/03/2024 16:15,67.59
19/03/2024 16:30,73.23
19/03/2024 16:45,82.48
19/03/2024 17:00,37.77
19/03/2024 17:15,74.6
19/03/2024 17:30,91.22
19/03/2024 17:45,136.21
19/03/2024 18:00,85.24
19/03/2024 18:15,93.28
19/03/2024 18:30,102.51
19/03/2024 18:45,108.85
19/03/2024 19:00,181.81
19/03/2024 19:15,123.69
19/03/2024 19:30,98.37
19/03/2024 19:45,91.35
19/03/2024 20:00,804.16
19/03/2024 20:15,141.06
19/03/2024 20:30,107.2
19/03/2024 20:45,90.06
19/03/2024 21:00,84.45
19/03/2024 21:15,80.9
19/03/2024 21:30,73.01
19/03/2024 21:45,67.01
19/03/2024 22:00,88.8
19/03/2024 22:15,87.82
19/03/2024 22:30,74.26
19/03/2024 22:45,65.39
19/03/2024 23:00,86.87
19/03/2024 23:15,73.09
19/03/2024 23:30,75.44
19/03/2024 23:45,64.96
20/03/2024 00:00,104.02
20/03/2024 00:15,88.77
20/03/2024 00:30,75.08
20/03/2024 00:45,69.54
20/03/2024 01:00,85.99
20/03/2024 01:15,77.5
20/03/2024 01:30,68.82
20/03/2024 01:45,68.63
20/03/2024 02:00,86.5
20/03/2024 02:15,77.1
20/03/2024 02:30,77.68
20/03/2024 02:45,82.44
20/03/2024 03:00,74
20/03/2024 03:15,74.61
20/03/2024 03:30,83.45
20/03/2024 03:45,89.45
20/03/2024 04:00,73.39
20/03/2024 04:15,74.52
20/03/2024 04:30,80.53
20/03/2024 04:45,97.77
20/03/2024 05:00,73.14
20/03/2024 05:15,86.12
20/03/2024 05:30,96.61
20/03/2024 05:45,119.09
20/03/2024 06:00,75.5
20/03/2024 06:15,75.76
20/03/2024 06:30,86.63
20/03/2024 06:45,109.17
20/03/2024 07:00,129.39
20/03/2024 07:15,87
20/03/2024 07:30,71.06
20/03/2024 07:45,65.28
20/03/2024 08:00,117.98
20/03/2024 08:15,85.58
20/03/2024 08:30,67.83
20/03/2024 08:45,63.5
20/03/2024 09:00,79.48
20/03/2024 09:15,74.21
20/03/2024 09:30,66.32
20/03/2024 09:45,73.38
20/03/2024 10:00,94.32
20/03/2024 10:15,70.88
20/03/2024 10:30,75.34
20/03/2024 10:45,68.9
20/03/2024 11:00,66.29
20/03/2024 11:15,77.94
20/03/2024 11:30,73.67
20/03/2024 11:45,62.49
20/03/2024 12:00,64.6
20/03/2024 12:15,60.51
20/03/2024 12:30,59.21
20/03/2024 12:45,73.14
20/03/2024 13:00,61.2
20/03/2024 13:15,65.76
20/03/2024 13:30,72.11
20/03/2024 13:45,75.48
20/03/2024 14:00,50.4
20/03/2024 14:15,58.45
20/03/2024 14:30,60.14
20/03/2024 14:45,63.34
20/03/2024 15:00,66.2
20/03/2024 15:15,75.09
20/03/2024 15:30,74.79
20/03/2024 15:45,81.47
20/03/2024 16:00,64.01
20/03/2024 16:15,70.65
20/03/2024 16:30,106.98
20/03/2024 16:45,109.21
20/03/2024 17:00,69.01
20/03/2024 17:15,71.32
20/03/2024 17:30,272.24
20/03/2024 17:45,729.91
20/03/2024 18:00,120.09
20/03/2024 18:15,164.18
20/03/2024 18:30,147.49
20/03/2024 18:45,170.43
20/03/2024 19:00,246.3
20/03/2024 19:15,130.31
20/03/2024 19:30,111.33
20/03/2024 19:45,90.82
20/03/2024 20:00,174.37
20/03/2024 20:15,83.91
20/03/2024 20:30,78.29
20/03/2024 20:45,74.62
20/03/2024 21:00,162.53
20/03/2024 21:15,81.84
20/03/2024 21:30,71.06
20/03/2024 21:45,65.89
20/03/2024 22:00,100.3
20/03/2024 22:15,90.62
20/03/2024 22:30,66.78
20/03/2024 22:45,64.4
20/03/2024 23:00,82.72
20/03/2024 23:15,81.39
20/03/2024 23:30,77.51
20/03/2024 23:45,64.29
21/03/2024 00:00,76.55
21/03/2024 00:15,73.28
21/03/2024 00:30,67
21/03/2024 00:45,69.58
21/03/2024 01:00,103.64
21/03/2024 01:15,96.3
21/03/2024 01:30,72.13
21/03/2024 01:45,74.86
21/03/2024 02:00,82.28
21/03/2024 02:15,72.44
21/03/2024 02:30,61.12
21/03/2024 02:45,58.77
21/03/2024 03:00,63.81
21/03/2024 03:15,59.66
21/03/2024 03:30,54.83
21/03/2024 03:45,52.79
21/03/2024 04:00,58.61
21/03/2024 04:15,64.64
21/03/2024 04:30,64.63
21/03/2024 04:45,72.83
21/03/2024 05:00,52.98
21/03/2024 05:15,62.86
21/03/2024 05:30,68.38
21/03/2024 05:45,85.06
21/03/2024 06:00,62.28
21/03/2024 06:15,71.35
21/03/2024 06:30,81.78
21/03/2024 06:45,83.25
21/03/2024 07:00,79.89
21/03/2024 07:15,88.54
21/03/2024 07:30,97.42
21/03/2024 07:45,90.66
21/03/2024 08:00,110.8
21/03/2024 08:15,103.13
21/03/2024 08:30,87.38
21/03/2024 08:45,83
21/03/2024 09:00,86.78
21/03/2024 09:15,80.17
21/03/2024 09:30,76.51
21/03/2024 09:45,73.45
21/03/2024 10:00,92.39
21/03/2024 10:15,79.89
21/03/2024 10:30,70.95
21/03/2024 10:45,64.26
21/03/2024 11:00,68.64
21/03/2024 11:15,73.22
21/03/2024 11:30,72.06
21/03/2024 11:45,71.22
21/03/2024 12:00,86.93
21/03/2024 12:15,78.07
21/03/2024 12:30,80.8
21/03/2024 12:45,74.31
21/03/2024 13:00,74.41
21/03/2024 13:15,78.46
21/03/2024 13:30,74.99
21/03/2024 13:45,60.41
21/03/2024 14:00,47.14
21/03/2024 14:15,58.84
21/03/2024 14:30,74.32
21/03/2024 14:45,73.5
21/03/2024 15:00,63.85
21/03/2024 15:15,65.32
21/03/2024 15:30,73.12
21/03/2024 15:45,78.3
21/03/2024 16:00,45.68
21/03/2024 16:15,61.61
21/03/2024 16:30,73.72
21/03/2024 16:45,84.3
21/03/2024 17:00,60.56
21/03/2024 17:15,79.93
21/03/2024 17:30,90.01
21/03/2024 17:45,95.48
21/03/2024 18:00,75.03
21/03/2024 18:15,86.26
21/03/2024 18:30,90.38
21/03/2024 18:45,84.67
21/03/2024 19:00,86.17
21/03/2024 19:15,82.63
21/03/2024 19:30,76.02
21/03/2024 19:45,78.89
21/03/2024 20:00,111.3
21/03/2024 20:15,99.1
21/03/2024 20:30,70.68
21/03/2024 20:45,59.28
21/03/2024 21:00,84.44
21/03/2024 21:15,76.33
21/03/2024 21:30,55.73
21/03/2024 21:45,67.4
21/03/2024 22:00,95.44
21/03/2024 22:15,82.38
21/03/2024 22:30,68.66
21/03/2024 22:45,60.9
21/03/2024 23:00,83.35
21/03/2024 23:15,63.35
21/03/2024 23:30,51.1
21/03/2024 23:45,42.14
22/03/2024 00:00,65.01
22/03/2024 00:15,66.85
22/03/2024 00:30,55.9
22/03/2024 00:45,46.65
22/03/2024 01:00,60.07
22/03/2024 01:15,51.91
22/03/2024 01:30,54.31
22/03/2024 01:45,46.37
22/03/2024 02:00,55.72
22/03/2024 02:15,51.82
22/03/2024 02:30,40.56
22/03/2024 02:45,34.24
22/03/2024 03:00,53.86
22/03/2024 03:15,51.54
22/03/2024 03:30,48.76
22/03/2024 03:45,47.31
22/03/2024 04:00,47.97
22/03/2024 04:15,46.51
22/03/2024 04:30,51
22/03/2024 04:45,56.69
22/03/2024 05:00,59.71
22/03/2024 05:15,60.59
22/03/2024 05:30,57.28
22/03/2024 05:45,73.16
22/03/2024 06:00,72.13
22/03/2024 06:15,84.26
22/03/2024 06:30,83.05
22/03/2024 06:45,86.78
22/03/2024 07:00,78.74
22/03/2024 07:15,72.03
22/03/2024 07:30,71.29
22/03/2024 07:45,72.05
22/03/2024 08:00,82.36
22/03/2024 08:15,73.95
22/03/2024 08:30,73.72
22/03/2024 08:45,60.61
22/03/2024 09:00,60.95
22/03/2024 09:15,61.21
22/03/2024 09:30,58.35
22/03/2024 09:45,53.36
22/03/2024 10:00,60.24
22/03/2024 10:15,62.14
22/03/2024 10:30,53.99
22/03/2024 10:45,35.62
22/03/2024 11:00,39.63
22/03/2024 11:15,41.56
22/03/2024 11:30,40.69
22/03/2024 11:45,43.77
22/03/2024 12:00,55.23
22/03/2024 12:15,59.8
22/03/2024 12:30,62.35
22/03/2024 12:45,58.41
22/03/2024 13:00,52.49
22/03/2024 13:15,53.66
22/03/2024 13:30,62.32
22/03/2024 13:45,63.45
22/03/2024 14:00,54.91
22/03/2024 14:15,65.99
22/03/2024 14:30,70.29
22/03/2024 14:45,69.38
22/03/2024 15:00,68.77
22/03/2024 15:15,71.57
22/03/2024 15:30,71.44
22/03/2024 15:45,70.78
22/03/2024 16:00,51.4
22/03/2024 16:15,59.59
22/03/2024 16:30,70.21
22/03/2024 16:45,72.19
22/03/2024 17:00,60.07
22/03/2024 17:15,85.05
22/03/2024 17:30,78.98
22/03/2024 17:45,82.76
22/03/2024 18:00,68.12
22/03/2024 18:15,72.66
22/03/2024 18:30,79.31
22/03/2024 18:45,96.46
22/03/2024 19:00,109.91
22/03/2024 19:15,115.3
22/03/2024 19:30,148
22/03/2024 19:45,112.43
22/03/2024 20:00,94
22/03/2024 20:15,62.53
22/03/2024 20:30,68.72
22/03/2024 20:45,65.05
22/03/2024 21:00,78.64
22/03/2024 21:15,76.34
22/03/2024 21:30,69.58
22/03/2024 21:45,72.23
22/03/2024 22:00,109.08
22/03/2024 22:15,101.12
22/03/2024 22:30,80.93
22/03/2024 22:45,91.68
22/03/2024 23:00,98.52
22/03/2024 23:15,88.76
22/03/2024 23:30,70.69
22/03/2024 23:45,61.8
23/03/2024 00:00,96.41
23/03/2024 00:15,100.28
23/03/2024 00:30,115.62
23/03/2024 00:45,108.09
23/03/2024 01:00,146.86
23/03/2024 01:15,145.63
23/03/2024 01:30,84.91
23/03/2024 01:45,68.27
23/03/2024 02:00,92.88
23/03/2024 02:15,79.42
23/03/2024 02:30,68.5
23/03/2024 02:45,65.6
23/03/2024 03:00,90.19
23/03/2024 03:15,81.5
23/03/2024 03:30,64.04
23/03/2024 03:45,71.47
23/03/2024 04:00,109.04
23/03/2024 04:15,86.95
23/03/2024 04:30,57.15
23/03/2024 04:45,55.25
23/03/2024 05:00,74.84
23/03/2024 05:15,63.2
23/03/2024 05:30,57.7
23/03/2024 05:45,52.12
23/03/2024 06:00,65.52
23/03/2024 06:15,51.92
23/03/2024 06:30,39.47
23/03/2024 06:45,18.55
23/03/2024 07:00,61.46
23/03/2024 07:15,52.17
23/03/2024 07:30,42.22
23/03/2024 07:45,33.32
23/03/2024 08:00,46.68
23/03/2024 08:15,43.33
23/03/2024 08:30,44.61
23/03/2024 08:45,46.55
23/03/2024 09:00,91.29
23/03/2024 09:15,54.77
23/03/2024 09:30,39.79
23/03/2024 09:45,20.13
23/03/2024 10:00,47.21
23/03/2024 10:15,6.92
23/03/2024 10:30,-12.77
23/03/2024 10:45,-26.17
23/03/2024 11:00,19.72
23/03/2024 11:15,2.36
23/03/2024 11:30,-11.57
23/03/2024 11:45,-28.38
23/03/2024 12:00,15.9
23/03/2024 12:15,-3.18
23/03/2024 12:30,-5.49
23/03/2024 12:45,-10.53
23/03/2024 13:00,4.62
23/03/2024 13:15,-6.34
23/03/2024 13:30,-20.84
23/03/2024 13:45,-31
23/03/2024 14:00,-20.89
23/03/2024 14:15,-5.46
23/03/2024 14:30,0.2
23/03/2024 14:45,3.16
23/03/2024 15:00,-32.59
23/03/2024 15:15,-13.48
23/03/2024 15:30,-0.84
23/03/2024 15:45,17.61
23/03/2024 16:00,-41.42
23/03/2024 16:15,-9.04
23/03/2024 16:30,11.77
23/03/2024 16:45,40.76
23/03/2024 17:00,18.62
23/03/2024 17:15,45.16
23/03/2024 17:30,54.99
23/03/2024 17:45,76.13
23/03/2024 18:00,30.83
23/03/2024 18:15,65.32
23/03/2024 18:30,102.99
23/03/2024 18:45,320.9
23/03/2024 19:00,114.8
23/03/2024 19:15,84.66
23/03/2024 19:30,74.12
23/03/2024 19:45,58.02
23/03/2024 20:00,88.29
23/03/2024 20:15,70.29
23/03/2024 20:30,55.08
23/03/2024 20:45,24.32
23/03/2024 21:00,84.5
23/03/2024 21:15,71.66
23/03/2024 21:30,46.28
23/03/2024 21:45,24.38
23/03/2024 22:00,83.15
23/03/2024 22:15,55.8
23/03/2024 22:30,47.48
23/03/2024 22:45,19.34
23/03/2024 23:00,43.82
23/03/2024 23:15,37.93
23/03/2024 23:30,29.72
23/03/2024 23:45,-2.02
24/03/2024 00:00,12.87
24/03/2024 00:15,4.63
24/03/2024 00:30,-3
24/03/2024 00:45,-15.98
24/03/2024 01:00,9.95
24/03/2024 01:15,-1.63
24/03/2024 01:30,-6.51
24/03/2024 01:45,-17.14
24/03/2024 02:00,-11.61
24/03/2024 02:15,-19.59
24/03/2024 02:30,-16.43
24/03/2024 02:45,-17.8
24/03/2024 03:00,-19.12
24/03/2024 03:15,-26.17
24/03/2024 03:30,-27.68
24/03/2024 03:45,-31.12
24/03/2024 04:00,-24.08
24/03/2024 04:15,-16.24
24/03/2024 04:30,-15.54
24/03/2024 04:45,-9.54
24/03/2024 05:00,-15.99
24/03/2024 05:15,-9.32
24/03/2024 05:30,-0.94
24/03/2024 05:45,-4.88
24/03/2024 06:00,-2.93
24/03/2024 06:15,-4.64
24/03/2024 06:30,-3.5
24/03/2024 06:45,0.99
24/03/2024 07:00,12.31
24/03/2024 07:15,1.2
24/03/2024 07:30,-4.01
24/03/2024 07:45,-7.8
24/03/2024 08:00,10.38
24/03/2024 08:15,-2.19
24/03/2024 08:30,-14.36
24/03/2024 08:45,-27.62
24/03/2024 09:00,-1.83
24/03/2024 09:15,-1.57
24/03/2024 09:30,-3.82
24/03/2024 09:45,-11.52
24/03/2024 10:00,-2.02
24/03/2024 10:15,-6.6
24/03/2024 10:30,-15.78
24/03/2024 10:45,-18.04
24/03/2024 11:00,-16.3
24/03/2024 11:15,-19.63
24/03/2024 11:30,-17.16
24/03/2024 11:45,-19.85
24/03/2024 12:00,-1.87
24/03/2024 12:15,-6.04
24/03/2024 12:30,-6.08
24/03/2024 12:45,-3.15
24/03/2024 13:00,-4.51
24/03/2024 13:15,-10.72
24/03/2024 13:30,-7.82
24/03/2024 13:45,-8.84
24/03/2024 14:00,-23.97
24/03/2024 14:15,-18.91
24/03/2024 14:30,-6
24/03/2024 14:45,-3.34
24/03/2024 15:00,-26.35
24/03/2024 15:15,-13.83
24/03/2024 15:30,-2.48
24/03/2024 15:45,13.69
24/03/2024 16:00,-23.48
24/03/2024 16:15,-0.64
24/03/2024 16:30,44.15
24/03/2024 16:45,66.91
24/03/2024 17:00,33.73
24/03/2024 17:15,53.68
24/03/2024 17:30,66.88
24/03/2024 17:45,70.09
24/03/2024 18:00,46.8
24/03/2024 18:15,67.76
24/03/2024 18:30,77.98
24/03/2024 18:45,76.5
24/03/2024 19:00,74.08
24/03/2024 19:15,67.92
24/03/2024 19:30,63.61
24/03/2024 19:45,68.8
24/03/2024 20:00,75.16
24/03/2024 20:15,71.01
24/03/2024 20:30,55.55
24/03/2024 20:45,43.92
24/03/2024 21:00,46.73
24/03/2024 21:15,50.39
24/03/2024 21:30,41.76
24/03/2024 21:45,29.38
24/03/2024 22:00,61.13
24/03/2024 22:15,59.15
24/03/2024 22:30,65.07
24/03/2024 22:45,58.93
24/03/2024 23:00,59.53
24/03/2024 23:15,61.93
24/03/2024 23:30,53.02
24/03/2024 23:45,47.07
25/03/2024 00:00,53.39
25/03/2024 00:15,62.1
25/03/2024 00:30,46.24
25/03/2024 00:45,49.53
25/03/2024 01:00,54.28
25/03/2024 01:15,46.13
25/03/2024 01:30,41.17
25/03/2024 01:45,52.26
25/03/2024 02:00,50.62
25/03/2024 02:15,51.3
25/03/2024 02:30,51.93
25/03/2024 02:45,58.2
25/03/2024 03:00,66.48
25/03/2024 03:15,65.07
25/03/2024 03:30,59.95
25/03/2024 03:45,56.8
25/03/2024 04:00,34.62
25/03/2024 04:15,48.4
25/03/2024 04:30,65.3
25/03/2024 04:45,70.51
25/03/2024 05:00,33.94
25/03/2024 05:15,56.24
25/03/2024 05:30,63.56
25/03/2024 05:45,77.88
25/03/2024 06:00,49
25/03/2024 06:15,62.72
25/03/2024 06:30,84.96
25/03/2024 06:45,97.48
25/03/2024 07:00,80.31
25/03/2024 07:15,87.99
25/03/2024 07:30,94.95
25/03/2024 07:45,70.62
25/03/2024 08:00,109.61
25/03/2024 08:15,84.33
25/03/2024 08:30,69.43
25/03/2024 08:45,70.29
25/03/2024 09:00,80.97
25/03/2024 09:15,75.33
25/03/2024 09:30,66.8
25/03/2024 09:45,64.06
25/03/2024 10:00,68.21
25/03/2024 10:15,54.3
25/03/2024 10:30,53.68
25/03/2024 10:45,65.79
25/03/2024 11:00,87.38
25/03/2024 11:15,67.76
25/03/2024 11:30,59.88
25/03/2024 11:45,52.58
25/03/2024 12:00,69.48
25/03/2024 12:15,67.99
25/03/2024 12:30,64.16
25/03/2024 12:45,57.81
25/03/2024 13:00,60.23
25/03/2024 13:15,58.03
25/03/2024 13:30,66.06
25/03/2024 13:45,55.9
25/03/2024 14:00,45.8
25/03/2024 14:15,54.27
25/03/2024 14:30,56.89
25/03/2024 14:45,54.93
25/03/2024 15:00,43.86
25/03/2024 15:15,46.24
25/03/2024 15:30,61.87
25/03/2024 15:45,64.71
25/03/2024 16:00,20.2
25/03/2024 16:15,54.23
25/03/2024 16:30,74.06
25/03/2024 16:45,78.97
25/03/2024 17:00,48.05
25/03/2024 17:15,58.28
25/03/2024 17:30,65.06
25/03/2024 17:45,93.99
25/03/2024 18:00,67.93
25/03/2024 18:15,120.65
25/03/2024 18:30,161.76
25/03/2024 18:45,207.81
25/03/2024 19:00,260.24
25/03/2024 19:15,125.02
25/03/2024 19:30,85.48
25/03/2024 19:45,83.97
25/03/2024 20:00,142.82
25/03/2024 20:15,74.04
25/03/2024 20:30,71.58
25/03/2024 20:45,68.22
25/03/2024 21:00,118.8
25/03/2024 21:15,71.37
25/03/2024 21:30,59.01
25/03/2024 21:45,58.36
25/03/2024 22:00,80.1
25/03/2024 22:15,87.73
25/03/2024 22:30,78.59
25/03/2024 22:45,61.85
25/03/2024 23:00,82.54
25/03/2024 23:15,79.63
25/03/2024 23:30,67.89
25/03/2024 23:45,53.39
26/03/2024 00:00,86.07
26/03/2024 00:15,86.78
26/03/2024 00:30,68.74
26/03/2024 00:45,58.09
26/03/2024 01:00,83.36
26/03/2024 01:15,62.54
26/03/2024 01:30,61.83
26/03/2024 01:45,57.92
26/03/2024 02:00,83.09
26/03/2024 02:15,61.11
26/03/2024 02:30,56.11
26/03/2024 02:45,44.99
26/03/2024 03:00,55.02
26/03/2024 03:15,54.24
26/03/2024 03:30,57.62
26/03/2024 03:45,55.73
26/03/2024 04:00,51.39
26/03/2024 04:15,59.09
26/03/2024 04:30,69.42
26/03/2024 04:45,70.62
26/03/2024 05:00,51.79
26/03/2024 05:15,51.2
26/03/2024 05:30,54.35
26/03/2024 05:45,68.99
26/03/2024 06:00,63.51
26/03/2024 06:15,71.88
26/03/2024 06:30,90.25
26/03/2024 06:45,77.64
26/03/2024 07:00,82.63
26/03/2024 07:15,75.02
26/03/2024 07:30,76.61
26/03/2024 07:45,58.15
26/03/2024 08:00,85.47
26/03/2024 08:15,91.45
26/03/2024 08:30,85.69
26/03/2024 08:45,97.34
26/03/2024 09:00,100.28
26/03/2024 09:15,89.42
26/03/2024 09:30,77.97
26/03/2024 09:45,62.46
26/03/2024 10:00,74.52
26/03/2024 10:15,92.35
26/03/2024 10:30,67.63
26/03/2024 10:45,63.53
26/03/2024 11:00,77.4
26/03/2024 11:15,79.56
26/03/2024 11:30,91.29
26/03/2024 11:45,63.66
26/03/2024 12:00,70.61
26/03/2024 12:15,71.85
26/03/2024 12:30,69.96
26/03/2024 12:45,89.79
26/03/2024 13:00,85.95
26/03/2024 13:15,88.26
26/03/2024 13:30,70.77
26/03/2024 13:45,66.6
26/03/2024 14:00,35.7
26/03/2024 14:15,72.57
26/03/2024 14:30,76.33
26/03/2024 14:45,87.17
26/03/2024 15:00,76.35
26/03/2024 15:15,94.64
26/03/2024 15:30,86.76
26/03/2024 15:45,103.8
26/03/2024 16:00,73.66
26/03/2024 16:15,83.48
26/03/2024 16:30,96.43
26/03/2024 16:45,103.69
26/03/2024 17:00,66.21
26/03/2024 17:15,70.95
26/03/2024 17:30,102.09
26/03/2024 17:45,140.99
26/03/2024 18:00,210.64
26/03/2024 18:15,372.15
26/03/2024 18:30,525.72
26/03/2024 18:45,366.77
26/03/2024 19:00,285.94
26/03/2024 19:15,177.57
26/03/2024 19:30,148.78
26/03/2024 19:45,120.56
26/03/2024 20:00,121.61
26/03/2024 20:15,80.94
26/03/2024 20:30,66.76
26/03/2024 20:45,71.16
26/03/2024 21:00,86.62
26/03/2024 21:15,81.59
26/03/2024 21:30,74.18
26/03/2024 21:45,80.03
26/03/2024 22:00,110.16
26/03/2024 22:15,113.66
26/03/2024 22:30,82.98
26/03/2024 22:45,65.18
26/03/2024 23:00,91.52
26/03/2024 23:15,81.16
26/03/2024 23:30,72.25
26/03/2024 23:45,68.03
27/03/2024 00:00,55.39
27/03/2024 00:15,56.67
27/03/2024 00:30,46.94
27/03/2024 00:45,31.88
27/03/2024 01:00,69.88
27/03/2024 01:15,62.31
27/03/2024 01:30,54.79
27/03/2024 01:45,61.84
27/03/2024 02:00,58.01
27/03/2024 02:15,57.5
27/03/2024 02:30,69.13
27/03/2024 02:45,71.2
27/03/2024 03:00,66.36
27/03/2024 03:15,72.82
27/03/2024 03:30,88.12
27/03/2024 03:45,83.04
27/03/2024 04:00,68.46
27/03/2024 04:15,67.73
27/03/2024 04:30,70.58
27/03/2024 04:45,69.36
27/03/2024 05:00,66.69
27/03/2024 05:15,78.35
27/03/2024 05:30,94.96
27/03/2024 05:45,114.07
27/03/2024 06:00,99.91
27/03/2024 06:15,119.95
27/03/2024 06:30,290.41
27/03/2024 06:45,521.67
27/03/2024 07:00,268.52
27/03/2024 07:15,168.58
27/03/2024 07:30,160.24
27/03/2024 07:45,101.23
27/03/2024 08:00,154.74
27/03/2024 08:15,173.75
27/03/2024 08:30,185.03
27/03/2024 08:45,147.92
27/03/2024 09:00,189.27
27/03/2024 09:15,118.99
27/03/2024 09:30,75.69
27/03/2024 09:45,66.69
27/03/2024 10:00,92
27/03/2024 10:15,74.22
27/03/2024 10:30,58.55
27/03/2024 10:45,59.39
27/03/2024 11:00,87.15
27/03/2024 11:15,77.15
27/03/2024 11:30,65.14
27/03/2024 11:45,62.52
27/03/2024 12:00,97.82
27/03/2024 12:15,96.76
27/03/2024 12:30,91.67
27/03/2024 12:45,76.53
27/03/2024 13:00,72.46
27/03/2024 13:15,60.91
27/03/2024 13:30,55.21
27/03/2024 13:45,52.96
27/03/2024 14:00,57.14
27/03/2024 14:15,64.37
27/03/2024 14:30,72.58
27/03/2024 14:45,95.75
27/03/2024 15:00,86.18
27/03/2024 15:15,86.92
27/03/2024 15:30,103.52
27/03/2024 15:45,111.83
27/03/2024 16:00,92.82
27/03/2024 16:15,92.36
27/03/2024 16:30,100.48
27/03/2024 16:45,118.35
27/03/2024 17:00,94.32
27/03/2024 17:15,92.65
27/03/2024 17:30,93.75
27/03/2024 17:45,93.44
27/03/2024 18:00,105.5
27/03/2024 18:15,103.36
27/03/2024 18:30,131.34
27/03/2024 18:45,121.99
27/03/2024 19:00,122.13
27/03/2024 19:15,99.67
27/03/2024 19:30,98.23
27/03/2024 19:45,104.97
27/03/2024 20:00,133.97
27/03/2024 20:15,131.73
27/03/2024 20:30,138.45
27/03/2024 20:45,136.97
27/03/2024 21:00,255.65
27/03/2024 21:15,290.85
27/03/2024 21:30,309.82
27/03/2024 21:45,172.4
27/03/2024 22:00,173.98
27/03/2024 22:15,169.42
27/03/2024 22:30,123.72
27/03/2024 22:45,84.14
27/03/2024 23:00,118.22
27/03/2024 23:15,82.9
27/03/2024 23:30,79.45
27/03/2024 23:45,73.39
28/03/2024 00:00,89.38
28/03/2024 00:15,83.96
28/03/2024 00:30,75.58
28/03/2024 00:45,74.36
28/03/2024 01:00,134.5
28/03/2024 01:15,105.84
28/03/2024 01:30,83.71
28/03/2024 01:45,78.9
28/03/2024 02:00,95.92
28/03/2024 02:15,87.04
28/03/2024 02:30,83.22
28/03/2024 02:45,82.62
28/03/2024 03:00,103.15
28/03/2024 03:15,89.26
28/03/2024 03:30,81.97
28/03/2024 03:45,64.9
28/03/2024 04:00,68.81
28/03/2024 04:15,51.4
28/03/2024 04:30,46.96
28/03/2024 04:45,35.96
28/03/2024 05:00,41.76
28/03/2024 05:15,58.21
28/03/2024 05:30,55.93
28/03/2024 05:45,64.02
28/03/2024 06:00,55.75
28/03/2024 06:15,67.78
28/03/2024 06:30,73.75
28/03/2024 06:45,76.55
28/03/2024 07:00,55.34
28/03/2024 07:15,53.13
28/03/2024 07:30,39.89
28/03/2024 07:45,48.26
28/03/2024 08:00,64.02
28/03/2024 08:15,65.65
28/03/2024 08:30,80.24
28/03/2024 08:45,87.14
28/03/2024 09:00,102.06
28/03/2024 09:15,87.34
28/03/2024 09:30,63.22
28/03/2024 09:45,56.39
28/03/2024 10:00,72.51
28/03/2024 10:15,61.88
28/03/2024 10:30,63.64
28/03/2024 10:45,84.94
28/03/2024 11:00,95.17
28/03/2024 11:15,78.67
28/03/2024 11:30,70.42
28/03/2024 11:45,50.3
28/03/2024 12:00,66.04
28/03/2024 12:15,63.14
28/03/2024 12:30,66.53
28/03/2024 12:45,55.55
28/03/2024 13:00,89.51
28/03/2024 13:15,69.89
28/03/2024 13:30,28.61
28/03/2024 13:45,-3.31
28/03/2024 14:00,50.29
28/03/2024 14:15,44.99
28/03/2024 14:30,12.05
28/03/2024 14:45,4.28
28/03/2024 15:00,-7.87
28/03/2024 15:15,-7.6
28/03/2024 15:30,4.84
28/03/2024 15:45,29.8
28/03/2024 16:00,-18.32
28/03/2024 16:15,0.6
28/03/2024 16:30,31.46
28/03/2024 16:45,57.44
28/03/2024 17:00,-4.47
28/03/2024 17:15,59.75
28/03/2024 17:30,75.27
28/03/2024 17:45,72.72
28/03/2024 18:00,9
28/03/2024 18:15,53.31
28/03/2024 18:30,81.19
28/03/2024 18:45,139.37
28/03/2024 19:00,72.76
28/03/2024 19:15,66.82
28/03/2024 19:30,61.6
28/03/2024 19:45,61.9
28/03/2024 20:00,74.6
28/03/2024 20:15,69.79
28/03/2024 20:30,66.6
28/03/2024 20:45,54.16
28/03/2024 21:00,96.23
28/03/2024 21:15,62.36
28/03/2024 21:30,31.75
28/03/2024 21:45,43.32
28/03/2024 22:00,98.84
28/03/2024 22:15,87.14
28/03/2024 22:30,72.24
28/03/2024 22:45,36.87
28/03/2024 23:00,64.66
28/03/2024 23:15,17.31
28/03/2024 23:30,3.77
28/03/2024 23:45,-18.61
29/03/2024 00:00,35.53
29/03/2024 00:15,71.86
29/03/2024 00:30,56.71
29/03/2024 00:45,44.98
29/03/2024 01:00,43.75
29/03/2024 01:15,20.17
29/03/2024 01:30,2.67
29/03/2024 01:45,5.01
29/03/2024 02:00,22.54
29/03/2024 02:15,22.8
29/03/2024 02:30,21.33
29/03/2024 02:45,21.22
29/03/2024 03:00,19.23
29/03/2024 03:15,24.43
29/03/2024 03:30,29.37
29/03/2024 03:45,26.7
29/03/2024 04:00,-0.37
29/03/2024 04:15,3.06
29/03/2024 04:30,0.21
29/03/2024 04:45,0.54
29/03/2024 05:00,-0.82
29/03/2024 05:15,-0.58
29/03/2024 05:30,20.69
29/03/2024 05:45,2.82
29/03/2024 06:00,-4.62
29/03/2024 06:15,-1.76
29/03/2024 06:30,12.78
29/03/2024 06:45,14.4
29/03/2024 07:00,-4.5
29/03/2024 07:15,-0.82
29/03/2024 07:30,-2.56
29/03/2024 07:45,5.23
29/03/2024 08:00,-7.53
29/03/2024 08:15,-5.02
29/03/2024 08:30,-4.72
29/03/2024 08:45,-2.98
29/03/2024 09:00,3.57
29/03/2024 09:15,-1.85
29/03/2024 09:30,-3.48
29/03/2024 09:45,-18.42
29/03/2024 10:00,-10.98
29/03/2024 10:15,-16.12
29/03/2024 10:30,-25.91
29/03/2024 10:45,-24.34
29/03/2024 11:00,-2.4
29/03/2024 11:15,-0.71
29/03/2024 11:30,-17.89
29/03/2024 11:45,-28.22
29/03/2024 12:00,8.08
29/03/2024 12:15,-5.85
29/03/2024 12:30,-19.2
29/03/2024 12:45,-22.49
29/03/2024 13:00,-6.62
29/03/2024 13:15,-16.84
29/03/2024 13:30,-28.61
29/03/2024 13:45,-32.12
29/03/2024 14:00,-25.49
29/03/2024 14:15,-18.99
29/03/2024 14:30,-13.93
29/03/2024 14:45,-19.49
29/03/2024 15:00,-42.91
29/03/2024 15:15,-22.35
29/03/2024 15:30,11.85
29/03/2024 15:45,57.16
29/03/2024 16:00,34.27
29/03/2024 16:15,68.25
29/03/2024 16:30,84.26
29/03/2024 16:45,90.34
29/03/2024 17:00,69.49
29/03/2024 17:15,85.24
29/03/2024 17:30,123.73
29/03/2024 17:45,390.71
29/03/2024 18:00,91.17
29/03/2024 18:15,93.51
29/03/2024 18:30,121.29
29/03/2024 18:45,156.87
29/03/2024 19:00,182.78
29/03/2024 19:15,120.13
29/03/2024 19:30,111.01
29/03/2024 19:45,107.81
29/03/2024 20:00,432.22
29/03/2024 20:15,200.38
29/03/2024 20:30,136.82
29/03/2024 20:45,130.14
29/03/2024 21:00,226.11
29/03/2024 21:15,119.39
29/03/2024 21:30,70.02
29/03/2024 21:45,55.61
29/03/2024 22:00,82.87
29/03/2024 22:15,68.81
29/03/2024 22:30,63.69
29/03/2024 22:45,62.77
29/03/2024 23:00,84.85
29/03/2024 23:15,79.37
29/03/2024 23:30,84.15
29/03/2024 23:45,81.78
30/03/2024 00:00,132.38
30/03/2024 00:15,138.84
30/03/2024 00:30,86.87
30/03/2024 00:45,74.99
30/03/2024 01:00,78.36
30/03/2024 01:15,60.17
30/03/2024 01:30,57
30/03/2024 01:45,65.34
30/03/2024 02:00,77.4
30/03/2024 02:15,72.8
30/03/2024 02:30,73.5
30/03/2024 02:45,76.23
30/03/2024 03:00,73.29
30/03/2024 03:15,73.29
30/03/2024 03:30,69.16
30/03/2024 03:45,54.18
30/03/2024 04:00,69.7
30/03/2024 04:15,66.35
30/03/2024 04:30,61.61
30/03/2024 04:45,49.19
30/03/2024 05:00,76.57
30/03/2024 05:15,76.72
30/03/2024 05:30,80.26
30/03/2024 05:45,81.43
30/03/2024 06:00,95.95
30/03/2024 06:15,91.92
30/03/2024 06:30,86.22
30/03/2024 06:45,58.75
30/03/2024 07:00,82.73
30/03/2024 07:15,68.65
30/03/2024 07:30,65.41
30/03/2024 07:45,78.62
30/03/2024 08:00,175.65
30/03/2024 08:15,127.54
30/03/2024 08:30,97.89
30/03/2024 08:45,86.72
30/03/2024 09:00,85.42
30/03/2024 09:15,88.78
30/03/2024 09:30,85.77
30/03/2024 09:45,84.57
30/03/2024 10:00,86.61
30/03/2024 10:15,79.5
30/03/2024 10:30,74.91
30/03/2024 10:45,61.34
30/03/2024 11:00,85.65
30/03/2024 11:15,77.18
30/03/2024 11:30,79.38
30/03/2024 11:45,90.3
30/03/2024 12:00,89.65
30/03/2024 12:15,76.44
30/03/2024 12:30,71.28
30/03/2024 12:45,72.39
30/03/2024 13:00,81.21
30/03/2024 13:15,92.94
30/03/2024 13:30,98.29
30/03/2024 13:45,106.87
30/03/2024 14:00,70.64
30/03/2024 14:15,86.27
30/03/2024 14:30,108.16
30/03/2024 14:45,153.37
30/03/2024 15:00,58.46
30/03/2024 15:15,76.95
30/03/2024 15:30,75.24
30/03/2024 15:45,83.25
30/03/2024 16:00,88.05
30/03/2024 16:15,141.84
30/03/2024 16:30,131.87
30/03/2024 16:45,94.44
30/03/2024 17:00,78.04
30/03/2024 17:15,74.71
30/03/2024 17:30,59.8
30/03/2024 17:45,19.04
30/03/2024 18:00,56.34
30/03/2024 18:15,54.08
30/03/2024 18:30,55.12
30/03/2024 18:45,56.02
30/03/2024 19:00,58.61
30/03/2024 19:15,74.55
30/03/2024 19:30,76.41
30/03/2024 19:45,82.96
30/03/2024 20:00,90.03
30/03/2024 20:15,83.96
30/03/2024 20:30,80.66
30/03/2024 20:45,87.03
30/03/2024 21:00,82.89
30/03/2024 21:15,79.09
30/03/2024 21:30,74.06
30/03/2024 21:45,71.41
30/03/2024 22:00,72.72
30/03/2024 22:15,84.87
30/03/2024 22:30,85
30/03/2024 22:45,86.71
30/03/2024 23:00,86.3
30/03/2024 23:15,87.67
30/03/2024 23:30,81.03
30/03/2024 23:45,78.98
31/03/2024 00:00,100.73
31/03/2024 00:15,87.12
31/03/2024 00:30,84.4
31/03/2024 00:45,83.82
31/03/2024 01:00,169.45
31/03/2024 01:15,90.16
31/03/2024 01:30,85.69
31/03/2024 01:45,57.91
31/03/2024 02:00,74.83
31/03/2024 02:15,59.56
31/03/2024 02:30,51.41
31/03/2024 02:45,42.94
31/03/2024 03:00,49.27
31/03/2024 03:15,49.67
31/03/2024 03:30,54.59
31/03/2024 03:45,47.67
31/03/2024 04:00,38.96
31/03/2024 04:15,41.37
31/03/2024 04:30,45.65
31/03/2024 04:45,43.06
31/03/2024 05:00,45.46
31/03/2024 05:15,56.45
31/03/2024 05:30,68.98
31/03/2024 05:45,80.65
31/03/2024 06:00,74.04
31/03/2024 06:15,28.58
31/03/2024 06:30,33.11
31/03/2024 06:45,52.11
31/03/2024 07:00,77.21
31/03/2024 07:15,64.14
31/03/2024 07:30,48.33
31/03/2024 07:45,29.24
31/03/2024 08:00,67.1
31/03/2024 08:15,55
31/03/2024 08:30,67.91
31/03/2024 08:45,63.35
31/03/2024 09:00,74.26
31/03/2024 09:15,38.84
31/03/2024 09:30,21.2
31/03/2024 09:45,8.52
31/03/2024 10:00,34.01
31/03/2024 10:15,35.99
31/03/2024 10:30,10.83
31/03/2024 10:45,-37.99
31/03/2024 11:00,49.96
31/03/2024 11:15,-4.27
31/03/2024 11:30,-44.02
31/03/2024 11:45,-63.22
31/03/2024 12:00,2.24
31/03/2024 12:15,-5.29
31/03/2024 12:30,-15.97
31/03/2024 12:45,-18.1
31/03/2024 13:00,-24.41
31/03/2024 13:15,-28.03
31/03/2024 13:30,-22.45
31/03/2024 13:45,-10.63
31/03/2024 14:00,-111.95
31/03/2024 14:15,-91.12
31/03/2024 14:30,-55.86
31/03/2024 14:45,-38.88
31/03/2024 15:00,-28.95
31/03/2024 15:15,3.12
31/03/2024 15:30,22.01
31/03/2024 15:45,10.3
31/03/2024 16:00,-23.77
31/03/2024 16:15,-20.71
31/03/2024 16:30,-14.97
31/03/2024 16:45,10.28
31/03/2024 17:00,3.64
31/03/2024 17:15,41.31
31/03/2024 17:30,71.42
31/03/2024 17:45,73.61
31/03/2024 18:00,54.11
31/03/2024 18:15,58.22
31/03/2024 18:30,67.24
31/03/2024 18:45,68.7
31/03/2024 19:00,71.69
31/03/2024 19:15,54.04
31/03/2024 19:30,46.67
31/03/2024 19:45,60.4
31/03/2024 20:00,69.2
31/03/2024 20:15,70.36
31/03/2024 20:30,58.87
31/03/2024 20:45,56.57
31/03/2024 21:00,84.01
31/03/2024 21:15,79.34
31/03/2024 21:30,64.57
31/03/2024 21:45,56.34
31/03/2024 22:00,85.81
31/03/2024 22:15,76.3
31/03/2024 22:30,53.82
31/03/2024 22:45,27.95
31/03/2024 23:00,49.28
31/03/2024 23:15,41.39
31/03/2024 23:30,34.61
31/03/2024 23:45,44.03
01/04/2024 00:00,69.91
01/04/2024 00:15,52.99
01/04/2024 00:30,53.27
01/04/2024 00:45,53.11
01/04/2024 01:00,62.17
01/04/2024 01:15,54.83
01/04/2024 01:30,50.91
01/04/2024 01:45,57.83
01/04/2024 02:00,52.34
01/04/2024 02:15,53.34
01/04/2024 02:30,60.64
01/04/2024 02:45,62.94
01/04/2024 03:00,64.17
01/04/2024 03:15,55.39
01/04/2024 03:30,52.19
01/04/2024 03:45,53.31
01/04/2024 04:00,42.07
01/04/2024 04:15,43.86
01/04/2024 04:30,45.15
01/04/2024 04:45,43.75
01/04/2024 05:00,54.7
01/04/2024 05:15,54.02
01/04/2024 05:30,55.14
01/04/2024 05:45,54.42
01/04/2024 06:00,57.83
01/04/2024 06:15,72.04
01/04/2024 06:30,66.89
01/04/2024 06:45,64.07
01/04/2024 07:00,47.94
01/04/2024 07:15,46.34
01/04/2024 07:30,49.99
01/04/2024 07:45,52.5
01/04/2024 08:00,62.28
01/04/2024 08:15,59.64
01/04/2024 08:30,54.68
01/04/2024 08:45,53.66
01/04/2024 09:00,70.03
01/04/2024 09:15,62.71
01/04/2024 09:30,56.88
01/04/2024 09:45,63.59
01/04/2024 10:00,75.81
01/04/2024 10:15,81.77
01/04/2024 10:30,73.44
01/04/2024 10:45,76.38
01/04/2024 11:00,94.45
01/04/2024 11:15,76.22
01/04/2024 11:30,60.72
01/04/2024 11:45,51.06
01/04/2024 12:00,109.42
01/04/2024 12:15,80.52
01/04/2024 12:30,69.47
01/04/2024 12:45,58.4
01/04/2024 13:00,78.06
01/04/2024 13:15,54.35
01/04/2024 13:30,6.57
01/04/2024 13:45,-5.98
01/04/2024 14:00,52.6
01/04/2024 14:15,12.4
01/04/2024 14:30,8.9
01/04/2024 14:45,11.68
01/04/2024 15:00,7.13
01/04/2024 15:15,41.21
01/04/2024 15:30,56.85
01/04/2024 15:45,60.35
01/04/2024 16:00,8.15
01/04/2024 16:15,56.9
01/04/2024 16:30,61.46
01/04/2024 16:45,53.85
01/04/2024 17:00,53.61
01/04/2024 17:15,61.96
01/04/2024 17:30,82.14
01/04/2024 17:45,134.11
01/04/2024 18:00,93.13
01/04/2024 18:15,63.7
01/04/2024 18:30,55.45
01/04/2024 18:45,47.02
01/04/2024 19:00,74.54
01/04/2024 19:15,77.76
01/04/2024 19:30,60
01/04/2024 19:45,53.8
01/04/2024 20:00,85.64
01/04/2024 20:15,76
01/04/2024 20:30,44.9
01/04/2024 20:45,37.78
01/04/2024 21:00,59.22
01/04/2024 21:15,42.87
01/04/2024 21:30,33.79
01/04/2024 21:45,23.28
01/04/2024 22:00,65.87
01/04/2024 22:15,56.86
01/04/2024 22:30,47.34
01/04/2024 22:45,28.38
01/04/2024 23:00,43.73
01/04/2024 23:15,36.76
01/04/2024 23:30,9.53
01/04/2024 23:45,-3.03
02/04/2024 00:00,34.39
02/04/2024 00:15,13.91
02/04/2024 00:30,-4.11
02/04/2024 00:45,-24.41
02/04/2024 01:00,12.58
02/04/2024 01:15,-1.9
02/04/2024 01:30,-20.11
02/04/2024 01:45,-29.69
02/04/2024 02:00,0.98
02/04/2024 02:15,-23.51
02/04/2024 02:30,-11.99
02/04/2024 02:45,-2.46
02/04/2024 03:00,-14.09
02/04/2024 03:15,-7.9
02/04/2024 03:30,0.37
02/04/2024 03:45,-0.21
02/04/2024 04:00,2.48
02/04/2024 04:15,14.92
02/04/2024 04:30,12.62
02/04/2024 04:45,31.57
02/04/2024 05:00,47.01
02/04/2024 05:15,60.93
02/04/2024 05:30,60.89
02/04/2024 05:45,73.66
02/04/2024 06:00,63.73
02/04/2024 06:15,76.21
02/04/2024 06:30,93.7
02/04/2024 06:45,86.42
02/04/2024 07:00,107.48
02/04/2024 07:15,62.91
02/04/2024 07:30,62.53
02/04/2024 07:45,56.69
02/04/2024 08:00,57.29
02/04/2024 08:15,31.49
02/04/2024 08:30,19.32
02/04/2024 08:45,-7.81
02/04/2024 09:00,5.6
02/04/2024 09:15,11.37
02/04/2024 09:30,2.54
02/04/2024 09:45,1.14
02/04/2024 10:00,42.18
02/04/2024 10:15,27.03
02/04/2024 10:30,10.32
02/04/2024 10:45,-1.66
02/04/2024 11:00,3.64
02/04/2024 11:15,-6.24
02/04/2024 11:30,-1.2
02/04/2024 11:45,-3.36
02/04/2024 12:00,27.6
02/04/2024 12:15,7.04
02/04/2024 12:30,-2.94
02/04/2024 12:45,-9.49
02/04/2024 13:00,-12.28
02/04/2024 13:15,-8.72
02/04/2024 13:30,-14.28
02/04/2024 13:45,-2.59
02/04/2024 14:00,-38.08
02/04/2024 14:15,-30.42
02/04/2024 14:30,-25.84
02/04/2024 14:45,-8.15
02/04/2024 15:00,-36.75
02/04/2024 15:15,-23.84
02/04/2024 15:30,-6.52
02/04/2024 15:45,9.12
02/04/2024 16:00,-18.77
02/04/2024 16:15,8.78
02/04/2024 16:30,52.53
02/04/2024 16:45,75.13
02/04/2024 17:00,39.61
02/04/2024 17:15,53.82
02/04/2024 17:30,70.56
02/04/2024 17:45,91.98
02/04/2024 18:00,72.05
02/04/2024 18:15,97.92
02/04/2024 18:30,169.09
02/04/2024 18:45,971.03
02/04/2024 19:00,200.96
02/04/2024 19:15,195.78
02/04/2024 19:30,116.51
02/04/2024 19:45,127.4
02/04/2024 20:00,176.9
02/04/2024 20:15,131.07
02/04/2024 20:30,98.51
02/04/2024 20:45,77.68
02/04/2024 21:00,125.11
02/04/2024 21:15,109.05
02/04/2024 21:30,106.24
02/04/2024 21:45,95.35
02/04/2024 22:00,88.97
02/04/2024 22:15,84.61
02/04/2024 22:30,81.51
02/04/2024 22:45,72.68
02/04/2024 23:00,91.64
02/04/2024 23:15,62.49
02/04/2024 23:30,58.6
02/04/2024 23:45,65.17
03/04/2024 00:00,81.9
03/04/2024 00:15,73.22
03/04/2024 00:30,48.93
03/04/2024 00:45,47.99
03/04/2024 01:00,69.79
03/04/2024 01:15,62.19
03/04/2024 01:30,60.04
03/04/2024 01:45,62.77
03/04/2024 02:00,60.09
03/04/2024 02:15,63.37
03/04/2024 02:30,70.57
03/04/2024 02:45,68.06
03/04/2024 03:00,59.51
03/04/2024 03:15,60.5
03/04/2024 03:30,62.97
03/04/2024 03:45,64.87
03/04/2024 04:00,48.22
03/04/2024 04:15,50.09
03/04/2024 04:30,61.62
03/04/2024 04:45,78.26
03/04/2024 05:00,40.39
03/04/2024 05:15,59.47
03/04/2024 05:30,78.93
03/04/2024 05:45,85.37
03/04/2024 06:00,76.85
03/04/2024 06:15,82.81
03/04/2024 06:30,75.75
03/04/2024 06:45,78.19
03/04/2024 07:00,84.31
03/04/2024 07:15,69.97
03/04/2024 07:30,67.11
03/04/2024 07:45,71.34
03/04/2024 08:00,87.86
03/04/2024 08:15,80.5
03/04/2024 08:30,68.05
03/04/2024 08:45,62.28
03/04/2024 09:00,80.42
03/04/2024 09:15,71.57
03/04/2024 09:30,70.51
03/04/2024 09:45,63.71
03/04/2024 10:00,75.15
03/04/2024 10:15,63.76
03/04/2024 10:30,60.87
03/04/2024 10:45,56.69
03/04/2024 11:00,73.57
03/04/2024 11:15,65.21
03/04/2024 11:30,68.08
03/04/2024 11:45,73.25
03/04/2024 12:00,76.86
03/04/2024 12:15,63.67
03/04/2024 12:30,64.69
03/04/2024 12:45,70.07
03/04/2024 13:00,70.98
03/04/2024 13:15,67.87
03/04/2024 13:30,64.57
03/04/2024 13:45,70.18
03/04/2024 14:00,57.27
03/04/2024 14:15,60.82
03/04/2024 14:30,72
03/04/2024 14:45,73.58
03/04/2024 15:00,60.23
03/04/2024 15:15,64.39
03/04/2024 15:30,72.33
03/04/2024 15:45,87.71
03/04/2024 16:00,63.07
03/04/2024 16:15,75.09
03/04/2024 16:30,74.53
03/04/2024 16:45,76.91
03/04/2024 17:00,55.36
03/04/2024 17:15,63.04
03/04/2024 17:30,79.17
03/04/2024 17:45,72.37
03/04/2024 18:00,79.97
03/04/2024 18:15,88.29
03/04/2024 18:30,85.49
03/04/2024 18:45,74.46
03/04/2024 19:00,100.67
03/04/2024 19:15,65.68
03/04/2024 19:30,65.9
03/04/2024 19:45,62.06
03/04/2024 20:00,84.21
03/04/2024 20:15,85.35
03/04/2024 20:30,70.46
03/04/2024 20:45,54.69
03/04/2024 21:00,85.09
03/04/2024 21:15,72.39
03/04/2024 21:30,48.16
03/04/2024 21:45,37.74
03/04/2024 22:00,80.47
03/04/2024 22:15,64.35
03/04/2024 22:30,48.59
03/04/2024 22:45,34.92
03/04/2024 23:00,63.69
03/04/2024 23:15,66.93
03/04/2024 23:30,58.19
03/04/2024 23:45,56
04/04/2024 00:00,76.86
04/04/2024 00:15,67.16
04/04/2024 00:30,58.24
04/04/2024 00:45,54.96
04/04/2024 01:00,57.46
04/04/2024 01:15,48.14
04/04/2024 01:30,56.06
04/04/2024 01:45,54.89
04/04/2024 02:00,60.16
04/04/2024 02:15,55.47
04/04/2024 02:30,57.01
04/04/2024 02:45,49.86
04/04/2024 03:00,44.84
04/04/2024 03:15,50.1
04/04/2024 03:30,60.77
04/04/2024 03:45,67.61
04/04/2024 04:00,48.25
04/04/2024 04:15,60.08
04/04/2024 04:30,66.5
04/04/2024 04:45,83.12
04/04/2024 05:00,55.94
04/04/2024 05:15,77.03
04/04/2024 05:30,73.26
04/04/2024 05:45,79.51
04/04/2024 06:00,61.98
04/04/2024 06:15,63.22
04/04/2024 06:30,59.76
04/04/2024 06:45,60.69
04/04/2024 07:00,68.37
04/04/2024 07:15,66.91
04/04/2024 07:30,66.85
04/04/2024 07:45,56.61
04/04/2024 08:00,61.97
04/04/2024 08:15,54.8
04/04/2024 08:30,51.58
04/04/2024 08:45,58.28
04/04/2024 09:00,70.5
04/04/2024 09:15,60.84
04/04/2024 09:30,49.12
04/04/2024 09:45,47.67
04/04/2024 10:00,58.04
04/04/2024 10:15,59.92
04/04/2024 10:30,64.73
04/04/2024 10:45,67.21
04/04/2024 11:00,61.63
04/04/2024 11:15,53.73
04/04/2024 11:30,53.84
04/04/2024 11:45,49.76
04/04/2024 12:00,53.54
04/04/2024 12:15,50.53
04/04/2024 12:30,42.58
04/04/2024 12:45,35.35
04/04/2024 13:00,61.6
04/04/2024 13:15,50.41
04/04/2024 13:30,44.89
04/04/2024 13:45,43.83
04/04/2024 14:00,49.99
04/04/2024 14:15,46.47
04/04/2024 14:30,17.42
04/04/2024 14:45,2.26
04/04/2024 15:00,12.03
04/04/2024 15:15,5.35
04/04/2024 15:30,7.04
04/04/2024 15:45,27.29
04/04/2024 16:00,9.62
04/04/2024 16:15,30.72
04/04/2024 16:30,38.55
04/04/2024 16:45,56.73
04/04/2024 17:00,21.39
04/04/2024 17:15,36.21
04/04/2024 17:30,43.63
04/04/2024 17:45,55.74
04/04/2024 18:00,37.14
04/04/2024 18:15,44.55
04/04/2024 18:30,68.16
04/04/2024 18:45,94.19
04/04/2024 19:00,86.54
04/04/2024 19:15,82.77
04/04/2024 19:30,57.73
04/04/2024 19:45,50.71
04/04/2024 20:00,63.44
04/04/2024 20:15,56.32
04/04/2024 20:30,36.52
04/04/2024 20:45,32.6
04/04/2024 21:00,60.42
04/04/2024 21:15,52.06
04/04/2024 21:30,48.47
04/04/2024 21:45,51.91
04/04/2024 22:00,66.14
04/04/2024 22:15,55.2
04/04/2024 22:30,40.2
04/04/2024 22:45,19.49
04/04/2024 23:00,44.18
04/04/2024 23:15,35.96
04/04/2024 23:30,30.45
04/04/2024 23:45,23.55
05/04/2024 00:00,34.92
05/04/2024 00:15,47.38
05/04/2024 00:30,57.89
05/04/2024 00:45,61.56
05/04/2024 01:00,65.76
05/04/2024 01:15,67.64
05/04/2024 01:30,60.79
05/04/2024 01:45,63.27
05/04/2024 02:00,55.9
05/04/2024 02:15,55.55
05/04/2024 02:30,61.84
05/04/2024 02:45,68.88
05/04/2024 03:00,69.96
05/04/2024 03:15,70.98
05/04/2024 03:30,76.18
05/04/2024 03:45,74.79
05/04/2024 04:00,42.49
05/04/2024 04:15,61.85
05/04/2024 04:30,69.38
05/04/2024 04:45,74.96
05/04/2024 05:00,62.97
05/04/2024 05:15,91.89
05/04/2024 05:30,93.69
05/04/2024 05:45,102.87
05/04/2024 06:00,109.55
05/04/2024 06:15,132.84
05/04/2024 06:30,128.51
05/04/2024 06:45,97.7
05/04/2024 07:00,109.22
05/04/2024 07:15,135.61
05/04/2024 07:30,164.73
05/04/2024 07:45,83.4
05/04/2024 08:00,74.25
05/04/2024 08:15,56.82
05/04/2024 08:30,56.74
05/04/2024 08:45,55.81
05/04/2024 09:00,70.99
05/04/2024 09:15,61.27
05/04/2024 09:30,61.44
05/04/2024 09:45,51.09
05/04/2024 10:00,111.52
05/04/2024 10:15,69.17
05/04/2024 10:30,50.83
05/04/2024 10:45,31.56
05/04/2024 11:00,66.6
05/04/2024 11:15,48.63
05/04/2024 11:30,41.4
05/04/2024 11:45,49.4
05/04/2024 12:00,69.26
05/04/2024 12:15,46.89
05/04/2024 12:30,-3.65
05/04/2024 12:45,-16.9
05/04/2024 13:00,59.59
05/04/2024 13:15,51.8
05/04/2024 13:30,16.13
05/04/2024 13:45,6.34
05/04/2024 14:00,1.41
05/04/2024 14:15,29.14
05/04/2024 14:30,51.11
05/04/2024 14:45,62.33
05/04/2024 15:00,-12.58
05/04/2024 15:15,47.46
05/04/2024 15:30,59.08
05/04/2024 15:45,65.38
05/04/2024 16:00,51.93
05/04/2024 16:15,57.77
05/04/2024 16:30,71.43
05/04/2024 16:45,66.99
05/04/2024 17:00,42.39
05/04/2024 17:15,60.59
05/04/2024 17:30,68.56
05/04/2024 17:45,61.1
05/04/2024 18:00,49.43
05/04/2024 18:15,64.5
05/04/2024 18:30,75.21
05/04/2024 18:45,80.58
05/04/2024 19:00,64.5
05/04/2024 19:15,73.41
05/04/2024 19:30,78.24
05/04/2024 19:45,73.43
05/04/2024 20:00,58
05/04/2024 20:15,67.29
05/04/2024 20:30,43.08
05/04/2024 20:45,32.79
05/04/2024 21:00,75.17
05/04/2024 21:15,73.18
05/04/2024 21:30,63.14
05/04/2024 21:45,58.41
05/04/2024 22:00,67.9
05/04/2024 22:15,53.86
05/04/2024 22:30,51.92
05/04/2024 22:45,54.58
05/04/2024 23:00,72.36
05/04/2024 23:15,73.8
05/04/2024 23:30,67.01
05/04/2024 23:45,70.03
06/04/2024 00:00,81
06/04/2024 00:15,76.91
06/04/2024 00:30,75.54
06/04/2024 00:45,82.21
06/04/2024 01:00,61.34
06/04/2024 01:15,57.67
06/04/2024 01:30,57
06/04/2024 01:45,59.8
06/04/2024 02:00,57.9
06/04/2024 02:15,54.3
06/04/2024 02:30,64.7
06/04/2024 02:45,87.96
06/04/2024 03:00,60.01
06/04/2024 03:15,68.07
06/04/2024 03:30,89.02
06/04/2024 03:45,101.47
06/04/2024 04:00,68
06/04/2024 04:15,73.81
06/04/2024 04:30,79.08
06/04/2024 04:45,100.58
06/04/2024 05:00,67.02
06/04/2024 05:15,97.76
06/04/2024 05:30,108.2
06/04/2024 05:45,104.39
06/04/2024 06:00,78.33
06/04/2024 06:15,64.46
06/04/2024 06:30,53.83
06/04/2024 06:45,39.89
06/04/2024 07:00,66.5
06/04/2024 07:15,61.8
06/04/2024 07:30,50.57
06/04/2024 07:45,5.56
06/04/2024 08:00,26.62
06/04/2024 08:15,14.02
06/04/2024 08:30,2.41
06/04/2024 08:45,-1.56
06/04/2024 09:00,48.59
06/04/2024 09:15,30.69
06/04/2024 09:30,-2.28
06/04/2024 09:45,-47.22
06/04/2024 10:00,27.32
06/04/2024 10:15,-2.66
06/04/2024 10:30,-5.84
06/04/2024 10:45,-43.42
06/04/2024 11:00,28.6
06/04/2024 11:15,-1.28
06/04/2024 11:30,-34.52
06/04/2024 11:45,-95.28
06/04/2024 12:00,-37.66
06/04/2024 12:15,-88.57
06/04/2024 12:30,-167.66
06/04/2024 12:45,-176.84
06/04/2024 13:00,-90.05
06/04/2024 13:15,-59.46
06/04/2024 13:30,-41.7
06/04/2024 13:45,-22.89
06/04/2024 14:00,-79.19
06/04/2024 14:15,-44.23
06/04/2024 14:30,-6.42
06/04/2024 14:45,-1.4
06/04/2024 15:00,-37.16
06/04/2024 15:15,3.82
06/04/2024 15:30,29.12
06/04/2024 15:45,48.72
06/04/2024 16:00,-26.4
06/04/2024 16:15,23.96
06/04/2024 16:30,52.68
06/04/2024 16:45,66.64
06/04/2024 17:00,48.04
06/04/2024 17:15,54.93
06/04/2024 17:30,75
06/04/2024 17:45,83.86
06/04/2024 18:00,101.84
06/04/2024 18:15,94.39
06/04/2024 18:30,86.27
06/04/2024 18:45,62.75
06/04/2024 19:00,69.93
06/04/2024 19:15,73.73
06/04/2024 19:30,65.94
06/04/2024 19:45,70.27
06/04/2024 20:00,73.32
06/04/2024 20:15,63.45
06/04/2024 20:30,45.34
06/04/2024 20:45,39.18
06/04/2024 21:00,48.08
06/04/2024 21:15,37.7
06/04/2024 21:30,26.32
06/04/2024 21:45,28.21
06/04/2024 22:00,41.28
06/04/2024 22:15,25.49
06/04/2024 22:30,29.89
06/04/2024 22:45,22.96
06/04/2024 23:00,31.82
06/04/2024 23:15,25.13
06/04/2024 23:30,14.73
06/04/2024 23:45,2.79
07/04/2024 00:00,24.34
07/04/2024 00:15,-1.04
07/04/2024 00:30,-12.47
07/04/2024 00:45,-9.47
07/04/2024 01:00,6.55
07/04/2024 01:15,-4.53
07/04/2024 01:30,-9.15
07/04/2024 01:45,-13.26
07/04/2024 02:00,9.65
07/04/2024 02:15,-3.54
07/04/2024 02:30,-13.66
07/04/2024 02:45,-19.83
07/04/2024 03:00,0.99
07/04/2024 03:15,-1.68
07/04/2024 03:30,-10.94
07/04/2024 03:45,-16.24
07/04/2024 04:00,-16.71
07/04/2024 04:15,-15.73
07/04/2024 04:30,-9.92
07/04/2024 04:45,-7.44
07/04/2024 05:00,-30.84
07/04/2024 05:15,-29.39
07/04/2024 05:30,-25
07/04/2024 05:45,-21.47
07/04/2024 06:00,-35.55
07/04/2024 06:15,-31.1
07/04/2024 06:30,-32.57
07/04/2024 06:45,-27.14
07/04/2024 07:00,-38.29
07/04/2024 07:15,-28.78
07/04/2024 07:30,-28.81
07/04/2024 07:45,-25.43
07/04/2024 08:00,2.25
07/04/2024 08:15,-1.97
07/04/2024 08:30,-2.29
07/04/2024 08:45,-12.3
07/04/2024 09:00,-7.59
07/04/2024 09:15,-24.76
07/04/2024 09:30,-38.02
07/04/2024 09:45,-109.13
07/04/2024 10:00,-37.26
07/04/2024 10:15,-60.67
07/04/2024 10:30,-78.19
07/04/2024 10:45,-167.69
07/04/2024 11:00,-84.89
07/04/2024 11:15,-112.63
07/04/2024 11:30,-118.39
07/04/2024 11:45,-216.39
07/04/2024 12:00,-141.57
07/04/2024 12:15,-198.48
07/04/2024 12:30,-301.86
07/04/2024 12:45,-500.41
07/04/2024 13:00,-561.23
07/04/2024 13:15,-281.95
07/04/2024 13:30,-277.04
07/04/2024 13:45,-215.06
07/04/2024 14:00,-907.21
07/04/2024 14:15,-539.34
07/04/2024 14:30,-105.73
07/04/2024 14:45,-51.93
07/04/2024 15:00,-146.52
07/04/2024 15:15,-50.9
07/04/2024 15:30,1.93
07/04/2024 15:45,83.62
07/04/2024 16:00,-61.97
07/04/2024 16:15,16.64
07/04/2024 16:30,62.03
07/04/2024 16:45,78.53
07/04/2024 17:00,21.11
07/04/2024 17:15,54.77
07/04/2024 17:30,78.41
07/04/2024 17:45,74.44
07/04/2024 18:00,69.85
07/04/2024 18:15,111.4
07/04/2024 18:30,177.04
07/04/2024 18:45,255.73
07/04/2024 19:00,256.6
07/04/2024 19:15,113.77
07/04/2024 19:30,97.05
07/04/2024 19:45,100.56
07/04/2024 20:00,156.66
07/04/2024 20:15,94.48
07/04/2024 20:30,76.63
07/04/2024 20:45,61.91
07/04/2024 21:00,105.38
07/04/2024 21:15,70.42
07/04/2024 21:30,63.28
07/04/2024 21:45,58.41
07/04/2024 22:00,81.74
07/04/2024 22:15,69.48
07/04/2024 22:30,57.65
07/04/2024 22:45,43.42
07/04/2024 23:00,76.89
07/04/2024 23:15,52.27
07/04/2024 23:30,39.66
07/04/2024 23:45,25.55
08/04/2024 00:00,56.41
08/04/2024 00:15,57.93
08/04/2024 00:30,49.23
08/04/2024 00:45,45.21
08/04/2024 01:00,49.1
08/04/2024 01:15,49.69
08/04/2024 01:30,56.98
08/04/2024 01:45,59.5
08/04/2024 02:00,63.67
08/04/2024 02:15,65.16
08/04/2024 02:30,66.49
08/04/2024 02:45,80.76
08/04/2024 03:00,54.54
08/04/2024 03:15,63.72
08/04/2024 03:30,79.58
08/04/2024 03:45,79.04
08/04/2024 04:00,60.69
08/04/2024 04:15,65.83
08/04/2024 04:30,91.24
08/04/2024 04:45,113.03
08/04/2024 05:00,75.95
08/04/2024 05:15,76.08
08/04/2024 05:30,79.44
08/04/2024 05:45,76.34
08/04/2024 06:00,98.78
08/04/2024 06:15,169.77
08/04/2024 06:30,147.32
08/04/2024 06:45,87.78
08/04/2024 07:00,127.15
08/04/2024 07:15,83.45
08/04/2024 07:30,79.02
08/04/2024 07:45,67.61
08/04/2024 08:00,93.59
08/04/2024 08:15,88.08
08/04/2024 08:30,66.57
08/04/2024 08:45,51.13
08/04/2024 09:00,89.04
08/04/2024 09:15,82.62
08/04/2024 09:30,55.48
08/04/2024 09:45,20.34
08/04/2024 10:00,68.65
08/04/2024 10:15,52.64
08/04/2024 10:30,34.85
08/04/2024 10:45,19.04
08/04/2024 11:00,50.71
08/04/2024 11:15,55.73
08/04/2024 11:30,57.12
08/04/2024 11:45,60.91
08/04/2024 12:00,62.19
08/04/2024 12:15,55.19
08/04/2024 12:30,50.97
08/04/2024 12:45,23.38
08/04/2024 13:00,20.53
08/04/2024 13:15,44.79
08/04/2024 13:30,54.22
08/04/2024 13:45,59.63
08/04/2024 14:00,34.98
08/04/2024 14:15,52.95
08/04/2024 14:30,71.13
08/04/2024 14:45,66.92
08/04/2024 15:00,45.79
08/04/2024 15:15,70.44
08/04/2024 15:30,76.86
08/04/2024 15:45,94
08/04/2024 16:00,79.84
08/04/2024 16:15,85.16
08/04/2024 16:30,89.57
08/04/2024 16:45,90.07
08/04/2024 17:00,83.19
08/04/2024 17:15,75.57
08/04/2024 17:30,71.07
08/04/2024 17:45,124.6
08/04/2024 18:00,259.49
08/04/2024 18:15,214.56
08/04/2024 18:30,176.75
08/04/2024 18:45,175.36
08/04/2024 19:00,841.06
08/04/2024 19:15,217.28
08/04/2024 19:30,115.53
08/04/2024 19:45,79.3
08/04/2024 20:00,148.35
08/04/2024 20:15,85.22
08/04/2024 20:30,62.71
08/04/2024 20:45,66.37
08/04/2024 21:00,95.55
08/04/2024 21:15,79.29
08/04/2024 21:30,75.5
08/04/2024 21:45,66.48
08/04/2024 22:00,87.77
08/04/2024 22:15,80.14
08/04/2024 22:30,71.04
08/04/2024 22:45,66.5
08/04/2024 23:00,64.37
08/04/2024 23:15,60.38
08/04/2024 23:30,57.13
08/04/2024 23:45,52.62
09/04/2024 00:00,80.48
09/04/2024 00:15,64.92
09/04/2024 00:30,57.2
09/04/2024 00:45,54.54
09/04/2024 01:00,75.27
09/04/2024 01:15,55.48
09/04/2024 01:30,50
09/04/2024 01:45,29.38
09/04/2024 02:00,50.07
09/04/2024 02:15,44.51
09/04/2024 02:30,46.92
09/04/2024 02:45,56.73
09/04/2024 03:00,53.5
09/04/2024 03:15,49.2
09/04/2024 03:30,58.94
09/04/2024 03:45,65.15
09/04/2024 04:00,55.83
09/04/2024 04:15,58.67
09/04/2024 04:30,81.63
09/04/2024 04:45,76.8
09/04/2024 05:00,69.17
09/04/2024 05:15,71.62
09/04/2024 05:30,86.92
09/04/2024 05:45,101.45
09/04/2024 06:00,85.94
09/04/2024 06:15,75.08
09/04/2024 06:30,65.31
09/04/2024 06:45,61.31
09/04/2024 07:00,94.85
09/04/2024 07:15,85.08
09/04/2024 07:30,75.89
09/04/2024 07:45,97.39
09/04/2024 08:00,151.17
09/04/2024 08:15,101.03
09/04/2024 08:30,64.72
09/04/2024 08:45,49.86
09/04/2024 09:00,82.87
09/04/2024 09:15,79.59
09/04/2024 09:30,67.79
09/04/2024 09:45,61.26
09/04/2024 10:00,83.35
09/04/2024 10:15,62.04
09/04/2024 10:30,119.12
09/04/2024 10:45,75.45
09/04/2024 11:00,62.8
09/04/2024 11:15,51.64
09/04/2024 11:30,49.66
09/04/2024 11:45,48.54
09/04/2024 12:00,74.92
09/04/2024 12:15,48.28
09/04/2024 12:30,10.61
09/04/2024 12:45,37.39
09/04/2024 13:00,56.46
09/04/2024 13:15,50.03
09/04/2024 13:30,49.41
09/04/2024 13:45,41.09
09/04/2024 14:00,14.71
09/04/2024 14:15,22.89
09/04/2024 14:30,46.62
09/04/2024 14:45,61.6
09/04/2024 15:00,38.1
09/04/2024 15:15,50.99
09/04/2024 15:30,57.56
09/04/2024 15:45,64.15
09/04/2024 16:00,34.99
09/04/2024 16:15,52.23
09/04/2024 16:30,68.37
09/04/2024 16:45,89.62
09/04/2024 17:00,64.36
09/04/2024 17:15,69.9
09/04/2024 17:30,82.22
09/04/2024 17:45,78.19
09/04/2024 18:00,73.47
09/04/2024 18:15,62.92
09/04/2024 18:30,72.25
09/04/2024 18:45,69.85
09/04/2024 19:00,78.36
09/04/2024 19:15,78.47
09/04/2024 19:30,67.07
09/04/2024 19:45,57.07
09/04/2024 20:00,64.73
09/04/2024 20:15,68.42
09/04/2024 20:30,55.31
09/04/2024 20:45,36.35
09/04/2024 21:00,65.32
09/04/2024 21:15,49.07
09/04/2024 21:30,24.88
09/04/2024 21:45,40.44
09/04/2024 22:00,67.55
09/04/2024 22:15,50.72
09/04/2024 22:30,50.44
09/04/2024 22:45,44.26
09/04/2024 23:00,49.45
09/04/2024 23:15,52.4
09/04/2024 23:30,57.22
09/04/2024 23:45,56.38
10/04/2024 00:00,71.18
10/04/2024 00:15,70.41
10/04/2024 00:30,60.84
10/04/2024 00:45,49.43
10/04/2024 01:00,55.82
10/04/2024 01:15,61.98
10/04/2024 01:30,84.8
10/04/2024 01:45,104.81
10/04/2024 02:00,69.41
10/04/2024 02:15,67.78
10/04/2024 02:30,75.59
10/04/2024 02:45,77.18
10/04/2024 03:00,51.52
10/04/2024 03:15,70.3
10/04/2024 03:30,72.88
10/04/2024 03:45,80.14
10/04/2024 04:00,52.56
10/04/2024 04:15,74.55
10/04/2024 04:30,90.92
10/04/2024 04:45,102.98
10/04/2024 05:00,45.27
10/04/2024 05:15,51.8
10/04/2024 05:30,68.25
10/04/2024 05:45,88.69
10/04/2024 06:00,65.55
10/04/2024 06:15,73.1
10/04/2024 06:30,98.46
10/04/2024 06:45,112.38
10/04/2024 07:00,159.2
10/04/2024 07:15,95.34
10/04/2024 07:30,88.52
10/04/2024 07:45,72.72
10/04/2024 08:00,135.92
10/04/2024 08:15,89.73
10/04/2024 08:30,69.86
10/04/2024 08:45,55.65
10/04/2024 09:00,71.28
10/04/2024 09:15,61.95
10/04/2024 09:30,52.98
10/04/2024 09:45,55.09
10/04/2024 10:00,67.53
10/04/2024 10:15,57.7
10/04/2024 10:30,48.18
10/04/2024 10:45,38.92
10/04/2024 11:00,47.43
10/04/2024 11:15,42.82
10/04/2024 11:30,25.49
10/04/2024 11:45,10.13
10/04/2024 12:00,6.42
10/04/2024 12:15,-12.02
10/04/2024 12:30,-10.13
10/04/2024 12:45,-13.16
10/04/2024 13:00,-26.12
10/04/2024 13:15,-29.64
10/04/2024 13:30,-27.85
10/04/2024 13:45,-13.59
10/04/2024 14:00,-29.13
10/04/2024 14:15,-19.1
10/04/2024 14:30,-2.07
10/04/2024 14:45,30.03
10/04/2024 15:00,-1.85
10/04/2024 15:15,3.75
10/04/2024 15:30,34.5
10/04/2024 15:45,53.03
10/04/2024 16:00,29.63
10/04/2024 16:15,53.74
10/04/2024 16:30,74.1
10/04/2024 16:45,82.11
10/04/2024 17:00,32.21
10/04/2024 17:15,47.8
10/04/2024 17:30,59.15
10/04/2024 17:45,68.86
10/04/2024 18:00,15.7
10/04/2024 18:15,60.1
10/04/2024 18:30,68.49
10/04/2024 18:45,74.4
10/04/2024 19:00,94.95
10/04/2024 19:15,83.45
10/04/2024 19:30,88.75
10/04/2024 19:45,78.7
10/04/2024 20:00,97.95
10/04/2024 20:15,75.46
10/04/2024 20:30,76.77
10/04/2024 20:45,81.7
10/04/2024 21:00,136.44
10/04/2024 21:15,103.9
10/04/2024 21:30,79.86
10/04/2024 21:45,60.44
10/04/2024 22:00,83.69
10/04/2024 22:15,69.97
10/04/2024 22:30,54.78
10/04/2024 22:45,50.53
10/04/2024 23:00,82.61
10/04/2024 23:15,66.22
10/04/2024 23:30,51.46
10/04/2024 23:45,41.7
11/04/2024 00:00,63.77
11/04/2024 00:15,55.36
11/04/2024 00:30,44.47
11/04/2024 00:45,30.46
11/04/2024 01:00,45.35
11/04/2024 01:15,33.82
11/04/2024 01:30,38.62
11/04/2024 01:45,31.36
11/04/2024 02:00,53.5
11/04/2024 02:15,52.87
11/04/2024 02:30,46.62
11/04/2024 02:45,44.26
11/04/2024 03:00,50.06
11/04/2024 03:15,50.63
11/04/2024 03:30,57.18
11/04/2024 03:45,63.68
11/04/2024 04:00,62.46
11/04/2024 04:15,58.25
11/04/2024 04:30,64.18
11/04/2024 04:45,75.29
11/04/2024 05:00,60.77
11/04/2024 05:15,68.77
11/04/2024 05:30,80.4
11/04/2024 05:45,75.98
11/04/2024 06:00,78.18
11/04/2024 06:15,75.03
11/04/2024 06:30,76.16
11/04/2024 06:45,76.23
11/04/2024 07:00,78.2
11/04/2024 07:15,70.01
11/04/2024 07:30,58.11
11/04/2024 07:45,89.72
11/04/2024 08:00,122.36
11/04/2024 08:15,89.27
11/04/2024 08:30,65.59
11/04/2024 08:45,57.16
11/04/2024 09:00,82.05
11/04/2024 09:15,66.75
11/04/2024 09:30,59.03
11/04/2024 09:45,38.72
11/04/2024 10:00,26.74
11/04/2024 10:15,-4.16
11/04/2024 10:30,-10.54
11/04/2024 10:45,-16.86
11/04/2024 11:00,-2.08
11/04/2024 11:15,-5.65
11/04/2024 11:30,13.55
11/04/2024 11:45,41.45
11/04/2024 12:00,57.51
11/04/2024 12:15,68.68
11/04/2024 12:30,72.67
11/04/2024 12:45,52.71
11/04/2024 13:00,-16.69
11/04/2024 13:15,1.83
11/04/2024 13:30,28.2
11/04/2024 13:45,55.49
11/04/2024 14:00,-13.53
11/04/2024 14:15,-7.28
11/04/2024 14:30,54.98
11/04/2024 14:45,56.44
11/04/2024 15:00,25.33
11/04/2024 15:15,39.59
11/04/2024 15:30,63.87
11/04/2024 15:45,76.73
11/04/2024 16:00,50.23
11/04/2024 16:15,64.59
11/04/2024 16:30,87.8
11/04/2024 16:45,104.93
11/04/2024 17:00,49.59
11/04/2024 17:15,64.14
11/04/2024 17:30,78.78
11/04/2024 17:45,95.83
11/04/2024 18:00,57.35
11/04/2024 18:15,71.73
11/04/2024 18:30,87.76
11/04/2024 18:45,113.12
11/04/2024 19:00,146.65
11/04/2024 19:15,88.12
11/04/2024 19:30,81.64
11/04/2024 19:45,75.67
11/04/2024 20:00,157.09
11/04/2024 20:15,140.26
11/04/2024 20:30,115.83
11/04/2024 20:45,97.31
11/04/2024 21:00,139.8
11/04/2024 21:15,94.38
11/04/2024 21:30,76.17
11/04/2024 21:45,58.37
11/04/2024 22:00,93.98
11/04/2024 22:15,82.79
11/04/2024 22:30,77.43
11/04/2024 22:45,69.09
11/04/2024 23:00,75.51
11/04/2024 23:15,67.08
11/04/2024 23:30,68.68
11/04/2024 23:45,57.56
12/04/2024 00:00,96.45
12/04/2024 00:15,78.27
12/04/2024 00:30,71.47
12/04/2024 00:45,64.86
12/04/2024 01:00,71.44
12/04/2024 01:15,59.36
12/04/2024 01:30,61.27
12/04/2024 01:45,61.36
12/04/2024 02:00,65.03
12/04/2024 02:15,54.52
12/04/2024 02:30,58.68
12/04/2024 02:45,54.66
12/04/2024 03:00,56.83
12/04/2024 03:15,55.35
12/04/2024 03:30,76.14
12/04/2024 03:45,83.37
12/04/2024 04:00,77.37
12/04/2024 04:15,76.25
12/04/2024 04:30,90.97
12/04/2024 04:45,93.31
12/04/2024 05:00,68.95
12/04/2024 05:15,74.48
12/04/2024 05:30,86.31
12/04/2024 05:45,92.97
12/04/2024 06:00,135.55
12/04/2024 06:15,126.31
12/04/2024 06:30,123.73
12/04/2024 06:45,113.82
12/04/2024 07:00,129.17
12/04/2024 07:15,109.79
12/04/2024 07:30,78.35
12/04/2024 07:45,65.5
12/04/2024 08:00,105.8
12/04/2024 08:15,62.77
12/04/2024 08:30,40.03
12/04/2024 08:45,41.45
12/04/2024 09:00,100.3
12/04/2024 09:15,64.6
12/04/2024 09:30,35.11
12/04/2024 09:45,-4.07
12/04/2024 10:00,51.83
12/04/2024 10:15,3.02
12/04/2024 10:30,-25.03
12/04/2024 10:45,-37.24
12/04/2024 11:00,52.9
12/04/2024 11:15,-2.1
12/04/2024 11:30,-27
12/04/2024 11:45,-23.86
12/04/2024 12:00,21.96
12/04/2024 12:15,0.87
12/04/2024 12:30,-16.61
12/04/2024 12:45,-24.83
12/04/2024 13:00,-20.43
12/04/2024 13:15,-24.49
12/04/2024 13:30,-25.87
12/04/2024 13:45,-14.36
12/04/2024 14:00,-46.77
12/04/2024 14:15,-35.1
12/04/2024 14:30,-13.21
12/04/2024 14:45,44.93
12/04/2024 15:00,-52.06
12/04/2024 15:15,-9.5
12/04/2024 15:30,-0.32
12/04/2024 15:45,61.32
12/04/2024 16:00,-10.66
12/04/2024 16:15,46.17
12/04/2024 16:30,101.04
12/04/2024 16:45,133.34
12/04/2024 17:00,47.51
12/04/2024 17:15,77.22
12/04/2024 17:30,73.86
12/04/2024 17:45,86.03
12/04/2024 18:00,50.48
12/04/2024 18:15,69.9
12/04/2024 18:30,129.28
12/04/2024 18:45,189.2
12/04/2024 19:00,220.41
12/04/2024 19:15,95.8
12/04/2024 19:30,60.42
12/04/2024 19:45,44.06
12/04/2024 20:00,86.96
12/04/2024 20:15,75.98
12/04/2024 20:30,58.42
12/04/2024 20:45,58.62
12/04/2024 21:00,77.65
12/04/2024 21:15,74.46
12/04/2024 21:30,65.48
12/04/2024 21:45,56.88
12/04/2024 22:00,75.09
12/04/2024 22:15,67.06
12/04/2024 22:30,50.98
12/04/2024 22:45,44.7
12/04/2024 23:00,92.51
12/04/2024 23:15,72.36
12/04/2024 23:30,53.37
12/04/2024 23:45,17.66
13/04/2024 00:00,51.56
13/04/2024 00:15,29.91
13/04/2024 00:30,7.67
13/04/2024 00:45,2.32
13/04/2024 01:00,40.67
13/04/2024 01:15,22.81
13/04/2024 01:30,19.76
13/04/2024 01:45,14.46
13/04/2024 02:00,38.21
13/04/2024 02:15,37.56
13/04/2024 02:30,37.9
13/04/2024 02:45,34.47
13/04/2024 03:00,21.25
13/04/2024 03:15,22.93
13/04/2024 03:30,30.36
13/04/2024 03:45,31.97
13/04/2024 04:00,12.16
13/04/2024 04:15,21.08
13/04/2024 04:30,31.37
13/04/2024 04:45,38.1
13/04/2024 05:00,21.38
13/04/2024 05:15,25.48
13/04/2024 05:30,37.67
13/04/2024 05:45,39.22
13/04/2024 06:00,33.34
13/04/2024 06:15,32.06
13/04/2024 06:30,19.84
13/04/2024 06:45,15.41
13/04/2024 07:00,27.95
13/04/2024 07:15,28.2
13/04/2024 07:30,21.5
13/04/2024 07:45,5.97
13/04/2024 08:00,59.03
13/04/2024 08:15,27.21
13/04/2024 08:30,-3.73
13/04/2024 08:45,-38.89
13/04/2024 09:00,59.25
13/04/2024 09:15,32.99
13/04/2024 09:30,-0.34
13/04/2024 09:45,-8.05
13/04/2024 10:00,45.59
13/04/2024 10:15,31.19
13/04/2024 10:30,3.15
13/04/2024 10:45,-24.3
13/04/2024 11:00,21.9
13/04/2024 11:15,-3.94
13/04/2024 11:30,-30.32
13/04/2024 11:45,-51.78
13/04/2024 12:00,-7.83
13/04/2024 12:15,-29.86
13/04/2024 12:30,-55.13
13/04/2024 12:45,-76.03
13/04/2024 13:00,-67.13
13/04/2024 13:15,-48.4
13/04/2024 13:30,-47.96
13/04/2024 13:45,-45.79
13/04/2024 14:00,-58.5
13/04/2024 14:15,-49.43
13/04/2024 14:30,-29.31
13/04/2024 14:45,2
13/04/2024 15:00,-41.75
13/04/2024 15:15,-22.35
13/04/2024 15:30,1.68
13/04/2024 15:45,34.85
13/04/2024 16:00,-22.8
13/04/2024 16:15,-1.79
13/04/2024 16:30,23.39
13/04/2024 16:45,52.01
13/04/2024 17:00,-1.6
13/04/2024 17:15,25.34
13/04/2024 17:30,47.85
13/04/2024 17:45,54.7
13/04/2024 18:00,35.38
13/04/2024 18:15,45.25
13/04/2024 18:30,59.47
13/04/2024 18:45,79.82
13/04/2024 19:00,193.64
13/04/2024 19:15,90.58
13/04/2024 19:30,61.06
13/04/2024 19:45,58.39
13/04/2024 20:00,135.18
13/04/2024 20:15,58.62
13/04/2024 20:30,35.21
13/04/2024 20:45,3.46
13/04/2024 21:00,52.98
13/04/2024 21:15,28.89
13/04/2024 21:30,10.96
13/04/2024 21:45,-3.16
13/04/2024 22:00,27.42
13/04/2024 22:15,15.02
13/04/2024 22:30,4.7
13/04/2024 22:45,-3.41
13/04/2024 23:00,20.15
13/04/2024 23:15,-2.03
13/04/2024 23:30,-7.62
13/04/2024 23:45,-6.28
14/04/2024 00:00,9.73
14/04/2024 00:15,12.31
14/04/2024 00:30,12.97
14/04/2024 00:45,12.61
14/04/2024 01:00,-4.83
14/04/2024 01:15,-2.39
14/04/2024 01:30,5.13
14/04/2024 01:45,16.72
14/04/2024 02:00,-0.6
14/04/2024 02:15,6.12
14/04/2024 02:30,20.26
14/04/2024 02:45,21.29
14/04/2024 03:00,-6.59
14/04/2024 03:15,2.99
14/04/2024 03:30,0.35
14/04/2024 03:45,4.92
14/04/2024 04:00,-14.96
14/04/2024 04:15,-13.55
14/04/2024 04:30,-0.71
14/04/2024 04:45,4.75
14/04/2024 05:00,-11.68
14/04/2024 05:15,0.97
14/04/2024 05:30,1.31
14/04/2024 05:45,4.39
14/04/2024 06:00,-0.79
14/04/2024 06:15,-2.24
14/04/2024 06:30,-3.35
14/04/2024 06:45,-11.34
14/04/2024 07:00,12.2
14/04/2024 07:15,-1.98
14/04/2024 07:30,-14.09
14/04/2024 07:45,-26.49
14/04/2024 08:00,14.7
14/04/2024 08:15,-5.09
14/04/2024 08:30,-22.51
14/04/2024 08:45,-36.59
14/04/2024 09:00,31.17
14/04/2024 09:15,3.49
14/04/2024 09:30,-12.72
14/04/2024 09:45,-38.2
14/04/2024 10:00,-4.97
14/04/2024 10:15,-29.1
14/04/2024 10:30,-62.22
14/04/2024 10:45,-52.26
14/04/2024 11:00,-21.3
14/04/2024 11:15,-37.27
14/04/2024 11:30,-55.13
14/04/2024 11:45,-92.13
14/04/2024 12:00,-51.92
14/04/2024 12:15,-83.11
14/04/2024 12:30,-109.3
14/04/2024 12:45,-126.78
14/04/2024 13:00,-153.43
14/04/2024 13:15,-148.89
14/04/2024 13:30,-97.96
14/04/2024 13:45,-48.42
14/04/2024 14:00,-154.68
14/04/2024 14:15,-118.91
14/04/2024 14:30,-77.24
14/04/2024 14:45,-34.3
14/04/2024 15:00,-74.39
14/04/2024 15:15,-34.41
14/04/2024 15:30,-1.59
14/04/2024 15:45,54.85
14/04/2024 16:00,-78.13
14/04/2024 16:15,-35.29
14/04/2024 16:30,-20.25
14/04/2024 16:45,24.22
14/04/2024 17:00,-38.5
14/04/2024 17:15,-14.63
14/04/2024 17:30,61.71
14/04/2024 17:45,69.2
14/04/2024 18:00,65.18
14/04/2024 18:15,82.59
14/04/2024 18:30,86.25
14/04/2024 18:45,107.51
14/04/2024 19:00,79.75
14/04/2024 19:15,85.49
14/04/2024 19:30,84.14
14/04/2024 19:45,103.99
14/04/2024 20:00,94.08
14/04/2024 20:15,84.1
14/04/2024 20:30,85.35
14/04/2024 20:45,84.28
14/04/2024 21:00,92.34
14/04/2024 21:15,84.7
14/04/2024 21:30,78.56
14/04/2024 21:45,64.59
14/04/2024 22:00,85.38
14/04/2024 22:15,78.46
14/04/2024 22:30,63.59
14/04/2024 22:45,66.52
14/04/2024 23:00,98.9
14/04/2024 23:15,95.48
14/04/2024 23:30,77.04
14/04/2024 23:45,65.18
15/04/2024 00:00,74.97
15/04/2024 00:15,72.28
15/04/2024 00:30,74.27
15/04/2024 00:45,76.52
15/04/2024 01:00,87.22
15/04/2024 01:15,73.88
15/04/2024 01:30,69.48
15/04/2024 01:45,61.39
15/04/2024 02:00,82.39
15/04/2024 02:15,77.22
15/04/2024 02:30,68.35
15/04/2024 02:45,56.83
15/04/2024 03:00,63.2
15/04/2024 03:15,62.01
15/04/2024 03:30,63.94
15/04/2024 03:45,44.76
15/04/2024 04:00,61.4
15/04/2024 04:15,55.95
15/04/2024 04:30,69.31
15/04/2024 04:45,82.89
15/04/2024 05:00,73.15
15/04/2024 05:15,81.8
15/04/2024 05:30,87.6
15/04/2024 05:45,90.89
15/04/2024 06:00,155.21
15/04/2024 06:15,270.39
15/04/2024 06:30,111.51
15/04/2024 06:45,79.14
15/04/2024 07:00,225.19
15/04/2024 07:15,124.79
15/04/2024 07:30,91.75
15/04/2024 07:45,76.15
15/04/2024 08:00,121.26
15/04/2024 08:15,86.54
15/04/2024 08:30,77.46
15/04/2024 08:45,80.14
15/04/2024 09:00,100.74
15/04/2024 09:15,72.68
15/04/2024 09:30,73.22
15/04/2024 09:45,75.6
15/04/2024 10:00,68.09
15/04/2024 10:15,65.67
15/04/2024 10:30,46.77
15/04/2024 10:45,25.87
15/04/2024 11:00,40.07
15/04/2024 11:15,33.93
15/04/2024 11:30,14.43
15/04/2024 11:45,-5.37
15/04/2024 12:00,37.77
15/04/2024 12:15,42.19
15/04/2024 12:30,29.93
15/04/2024 12:45,11.91
15/04/2024 13:00,50.18
15/04/2024 13:15,31.01
15/04/2024 13:30,30.92
15/04/2024 13:45,57.75
15/04/2024 14:00,62.8
15/04/2024 14:15,60.37
15/04/2024 14:30,63.78
15/04/2024 14:45,65.67
15/04/2024 15:00,47.93
15/04/2024 15:15,66.35
15/04/2024 15:30,73.6
15/04/2024 15:45,90.17
15/04/2024 16:00,71.43
15/04/2024 16:15,77.88
15/04/2024 16:30,87.53
15/04/2024 16:45,88.28
15/04/2024 17:00,76.64
15/04/2024 17:15,83.03
15/04/2024 17:30,97.46
15/04/2024 17:45,115.09
15/04/2024 18:00,123.34
15/04/2024 18:15,139.93
15/04/2024 18:30,141.08
15/04/2024 18:45,101.23
15/04/2024 19:00,105.65
15/04/2024 19:15,85.87
15/04/2024 19:30,75.68
15/04/2024 19:45,51.46
15/04/2024 20:00,76.57
15/04/2024 20:15,67.68
15/04/2024 20:30,56.41
15/04/2024 20:45,79.51
15/04/2024 21:00,105.97
15/04/2024 21:15,76.24
15/04/2024 21:30,42.27
15/04/2024 21:45,24.75
15/04/2024 22:00,90.98
15/04/2024 22:15,72.02
15/04/2024 22:30,61.36
15/04/2024 22:45,35.39
15/04/2024 23:00,60.81
15/04/2024 23:15,38.21
15/04/2024 23:30,10.16
15/04/2024 23:45,-4.4
16/04/2024 00:00,36.72
16/04/2024 00:15,13.78
16/04/2024 00:30,5.06
16/04/2024 00:45,-4.46
16/04/2024 01:00,6.1
16/04/2024 01:15,27.17
16/04/2024 01:30,58.22
16/04/2024 01:45,61.84
16/04/2024 02:00,19.85
16/04/2024 02:15,45.32
16/04/2024 02:30,68.75
16/04/2024 02:45,79.6
16/04/2024 03:00,47.01
16/04/2024 03:15,66.47
16/04/2024 03:30,72.66
16/04/2024 03:45,76.27
16/04/2024 04:00,48.9
16/04/2024 04:15,62.51
16/04/2024 04:30,83.76
16/04/2024 04:45,99.64
16/04/2024 05:00,68.55
16/04/2024 05:15,79.75
16/04/2024 05:30,86.33
16/04/2024 05:45,110.16
16/04/2024 06:00,78.31
16/04/2024 06:15,96.03
16/04/2024 06:30,92.01
16/04/2024 06:45,77.57
16/04/2024 07:00,109
16/04/2024 07:15,89.87
16/04/2024 07:30,79.36
16/04/2024 07:45,67.48
16/04/2024 08:00,91.75
16/04/2024 08:15,95.46
16/04/2024 08:30,89.21
16/04/2024 08:45,102.7
16/04/2024 09:00,88.66
16/04/2024 09:15,90.3
16/04/2024 09:30,77.16
16/04/2024 09:45,109.94
16/04/2024 10:00,83.18
16/04/2024 10:15,73.72
16/04/2024 10:30,69.16
16/04/2024 10:45,62.68
16/04/2024 11:00,62.65
16/04/2024 11:15,69.35
16/04/2024 11:30,89.15
16/04/2024 11:45,94.85
16/04/2024 12:00,89.5
16/04/2024 12:15,83.21
16/04/2024 12:30,72.62
16/04/2024 12:45,47.67
16/04/2024 13:00,22.3
16/04/2024 13:15,60.12
16/04/2024 13:30,51.77
16/04/2024 13:45,61.43
16/04/2024 14:00,58.06
16/04/2024 14:15,60.34
16/04/2024 14:30,54.97
16/04/2024 14:45,56.92
16/04/2024 15:00,50.4
16/04/2024 15:15,79.03
16/04/2024 15:30,93.61
16/04/2024 15:45,126.41
16/04/2024 16:00,63.35
16/04/2024 16:15,74.1
16/04/2024 16:30,78.39
16/04/2024 16:45,74.04
16/04/2024 17:00,62.64
16/04/2024 17:15,76.59
16/04/2024 17:30,88.23
16/04/2024 17:45,104.17
16/04/2024 18:00,80.69
16/04/2024 18:15,93.51
16/04/2024 18:30,98.72
16/04/2024 18:45,105.75
16/04/2024 19:00,99.97
16/04/2024 19:15,82.45
16/04/2024 19:30,80.86
16/04/2024 19:45,83.2
16/04/2024 20:00,94.15
16/04/2024 20:15,88.34
16/04/2024 20:30,87.99
16/04/2024 20:45,79.7
16/04/2024 21:00,99.97
16/04/2024 21:15,93.87
16/04/2024 21:30,93.43
16/04/2024 21:45,91.22
16/04/2024 22:00,97.18
16/04/2024 22:15,83.36
16/04/2024 22:30,74.15
16/04/2024 22:45,76.76
16/04/2024 23:00,78.89
16/04/2024 23:15,89.78
16/04/2024 23:30,91.3
16/04/2024 23:45,87.98
17/04/2024 00:00,89.6
17/04/2024 00:15,89.21
17/04/2024 00:30,81.21
17/04/2024 00:45,79.35
17/04/2024 01:00,87.99
17/04/2024 01:15,81.03
17/04/2024 01:30,79.66
17/04/2024 01:45,76.23
17/04/2024 02:00,70.81
17/04/2024 02:15,74.74
17/04/2024 02:30,82.53
17/04/2024 02:45,78.93
17/04/2024 03:00,66.54
17/04/2024 03:15,70.96
17/04/2024 03:30,83.41
17/04/2024 03:45,86.39
17/04/2024 04:00,71.7
17/04/2024 04:15,74.51
17/04/2024 04:30,82.66
17/04/2024 04:45,90.29
17/04/2024 05:00,87.97
17/04/2024 05:15,94.71
17/04/2024 05:30,105.28
17/04/2024 05:45,113.47
17/04/2024 06:00,96.23
17/04/2024 06:15,99.68
17/04/2024 06:30,120.2
17/04/2024 06:45,108.94
17/04/2024 07:00,108.47
17/04/2024 07:15,100.57
17/04/2024 07:30,96.01
17/04/2024 07:45,93.03
17/04/2024 08:00,96.22
17/04/2024 08:15,89.71
17/04/2024 08:30,83.41
17/04/2024 08:45,77.67
17/04/2024 09:00,95.78
17/04/2024 09:15,83.57
17/04/2024 09:30,75.81
17/04/2024 09:45,82.15
17/04/2024 10:00,79.84
17/04/2024 10:15,81.07
17/04/2024 10:30,82.3
17/04/2024 10:45,70.2
17/04/2024 11:00,74.88
17/04/2024 11:15,68.09
17/04/2024 11:30,65.48
17/04/2024 11:45,39.63
17/04/2024 12:00,76.93
17/04/2024 12:15,65.54
17/04/2024 12:30,59.98
17/04/2024 12:45,44.12
17/04/2024 13:00,50.52
17/04/2024 13:15,58.66
17/04/2024 13:30,60.75
17/04/2024 13:45,53.7
17/04/2024 14:00,43.75
17/04/2024 14:15,48.01
17/04/2024 14:30,76.52
17/04/2024 14:45,82.75
17/04/2024 15:00,56.37
17/04/2024 15:15,69.83
17/04/2024 15:30,81.3
17/04/2024 15:45,85.02
17/04/2024 16:00,60.87
17/04/2024 16:15,68.33
17/04/2024 16:30,77.27
17/04/2024 16:45,83.8
17/04/2024 17:00,80.01
17/04/2024 17:15,82.63
17/04/2024 17:30,95.54
17/04/2024 17:45,112.93
17/04/2024 18:00,80.79
17/04/2024 18:15,90.37
17/04/2024 18:30,98.28
17/04/2024 18:45,109.63
17/04/2024 19:00,141.53
17/04/2024 19:15,118.63
17/04/2024 19:30,99.12
17/04/2024 19:45,98.84
17/04/2024 20:00,123.17
17/04/2024 20:15,114.12
17/04/2024 20:30,95.83
17/04/2024 20:45,89.28
17/04/2024 21:00,117.67
17/04/2024 21:15,101.55
17/04/2024 21:30,95.51
17/04/2024 21:45,89.11
17/04/2024 22:00,106.26
17/04/2024 22:15,107.92
17/04/2024 22:30,93.78
17/04/2024 22:45,79.16
17/04/2024 23:00,102.43
17/04/2024 23:15,93.46
17/04/2024 23:30,80.91
17/04/2024 23:45,81.5
18/04/2024 00:00,104.32
18/04/2024 00:15,96.3
18/04/2024 00:30,92.66
18/04/2024 00:45,82.76
18/04/2024 01:00,86.62
18/04/2024 01:15,80.84
18/04/2024 01:30,83.12
18/04/2024 01:45,77.19
18/04/2024 02:00,81.35
18/04/2024 02:15,75.88
18/04/2024 02:30,82.41
18/04/2024 02:45,85.05
18/04/2024 03:00,80.95
18/04/2024 03:15,81.02
18/04/2024 03:30,79.87
18/04/2024 03:45,83.83
18/04/2024 04:00,84.66
18/04/2024 04:15,90.86
18/04/2024 04:30,103.78
18/04/2024 04:45,114.9
18/04/2024 05:00,95.73
18/04/2024 05:15,97.86
18/04/2024 05:30,107.09
18/04/2024 05:45,120.73
18/04/2024 06:00,114.32
18/04/2024 06:15,127.02
18/04/2024 06:30,122.26
18/04/2024 06:45,98.54
18/04/2024 07:00,235.36
18/04/2024 07:15,108.55
18/04/2024 07:30,99.63
18/04/2024 07:45,84.62
18/04/2024 08:00,113.59
18/04/2024 08:15,106.44
18/04/2024 08:30,100.47
18/04/2024 08:45,98.93
18/04/2024 09:00,97.32
18/04/2024 09:15,88.52
18/04/2024 09:30,78.3
18/04/2024 09:45,69.21
18/04/2024 10:00,86.81
18/04/2024 10:15,71.43
18/04/2024 10:30,75.52
18/04/2024 10:45,81
18/04/2024 11:00,100.63
18/04/2024 11:15,89.44
18/04/2024 11:30,83.2
18/04/2024 11:45,73.87
18/04/2024 12:00,73.12
18/04/2024 12:15,66.69
18/04/2024 12:30,61.47
18/04/2024 12:45,58.7
18/04/2024 13:00,74.94
18/04/2024 13:15,66.05
18/04/2024 13:30,61.54
18/04/2024 13:45,56.97
18/04/2024 14:00,50
18/04/2024 14:15,50.11
18/04/2024 14:30,46.94
18/04/2024 14:45,53.06
18/04/2024 15:00,8.75
18/04/2024 15:15,28.28
18/04/2024 15:30,50.24
18/04/2024 15:45,62.95
18/04/2024 16:00,27.58
18/04/2024 16:15,61.76
18/04/2024 16:30,70.32
18/04/2024 16:45,87.82
18/04/2024 17:00,43.26
18/04/2024 17:15,61.29
18/04/2024 17:30,72.99
18/04/2024 17:45,76.66
18/04/2024 18:00,76.49
18/04/2024 18:15,84.97
18/04/2024 18:30,88.37
18/04/2024 18:45,106.52
18/04/2024 19:00,100.25
18/04/2024 19:15,87.76
18/04/2024 19:30,71.83
18/04/2024 19:45,77.98
18/04/2024 20:00,89.68
18/04/2024 20:15,89.29
18/04/2024 20:30,78.39
18/04/2024 20:45,77.85
18/04/2024 21:00,93.91
18/04/2024 21:15,83
18/04/2024 21:30,85.22
18/04/2024 21:45,72.4
18/04/2024 22:00,96.16
18/04/2024 22:15,84.15
18/04/2024 22:30,68.7
18/04/2024 22:45,67.71
18/04/2024 23:00,88.31
18/04/2024 23:15,84.56
18/04/2024 23:30,74.75
18/04/2024 23:45,69.74
19/04/2024 00:00,83.42
19/04/2024 00:15,67.47
19/04/2024 00:30,46.57
19/04/2024 00:45,35.09
19/04/2024 01:00,61.17
19/04/2024 01:15,58.32
19/04/2024 01:30,52.67
19/04/2024 01:45,36.5
19/04/2024 02:00,62.72
19/04/2024 02:15,55.51
19/04/2024 02:30,31.78
19/04/2024 02:45,-10.56
19/04/2024 03:00,40.19
19/04/2024 03:15,30.1
19/04/2024 03:30,28.33
19/04/2024 03:45,37.09
19/04/2024 04:00,30.86
19/04/2024 04:15,37.19
19/04/2024 04:30,52.5
19/04/2024 04:45,55.52
19/04/2024 05:00,37.33
19/04/2024 05:15,49.18
19/04/2024 05:30,56.45
19/04/2024 05:45,57.83
19/04/2024 06:00,60.49
19/04/2024 06:15,62.97
19/04/2024 06:30,65.1
19/04/2024 06:45,71.84
19/04/2024 07:00,76.16
19/04/2024 07:15,67.55
19/04/2024 07:30,67.06
19/04/2024 07:45,58.58
19/04/2024 08:00,72.17
19/04/2024 08:15,67.7
19/04/2024 08:30,59.54
19/04/2024 08:45,44.08
19/04/2024 09:00,48.53
19/04/2024 09:15,49.74
19/04/2024 09:30,46.43
19/04/2024 09:45,50.34
19/04/2024 10:00,63.69
19/04/2024 10:15,61.94
19/04/2024 10:30,56.18
19/04/2024 10:45,41.71
19/04/2024 11:00,61.34
19/04/2024 11:15,56.05
19/04/2024 11:30,35.48
19/04/2024 11:45,40.93
19/04/2024 12:00,53.43
19/04/2024 12:15,45.66
19/04/2024 12:30,41.5
19/04/2024 12:45,43.34
19/04/2024 13:00,52.44
19/04/2024 13:15,42.34
19/04/2024 13:30,46.08
19/04/2024 13:45,33.26
19/04/2024 14:00,6.13
19/04/2024 14:15,19.69
19/04/2024 14:30,49.75
19/04/2024 14:45,59.19
19/04/2024 15:00,31.61
19/04/2024 15:15,36.97
19/04/2024 15:30,42.4
19/04/2024 15:45,59
19/04/2024 16:00,36.05
19/04/2024 16:15,54.39
19/04/2024 16:30,62.07
19/04/2024 16:45,72.84
19/04/2024 17:00,39.35
19/04/2024 17:15,51.86
19/04/2024 17:30,76.23
19/04/2024 17:45,76.14
19/04/2024 18:00,52.8
19/04/2024 18:15,57.97
19/04/2024 18:30,67.64
19/04/2024 18:45,75.17
19/04/2024 19:00,72.84
19/04/2024 19:15,73.09
19/04/2024 19:30,72.96
19/04/2024 19:45,68.03
19/04/2024 20:00,70.68
19/04/2024 20:15,73.28
19/04/2024 20:30,69.11
19/04/2024 20:45,63.25
19/04/2024 21:00,80.93
19/04/2024 21:15,71.76
19/04/2024 21:30,64.65
19/04/2024 21:45,56.82
19/04/2024 22:00,70.4
19/04/2024 22:15,67.51
19/04/2024 22:30,52.13
19/04/2024 22:45,49.43
19/04/2024 23:00,68.3
19/04/2024 23:15,61.71
19/04/2024 23:30,48.29
19/04/2024 23:45,34.59
20/04/2024 00:00,50.42
20/04/2024 00:15,48.76
20/04/2024 00:30,51.32
20/04/2024 00:45,49.68
20/04/2024 01:00,45.3
20/04/2024 01:15,40.59
20/04/2024 01:30,46.46
20/04/2024 01:45,45.67
20/04/2024 02:00,39.31
20/04/2024 02:15,47.79
20/04/2024 02:30,36.45
20/04/2024 02:45,38.54
20/04/2024 03:00,32.02
20/04/2024 03:15,46.63
20/04/2024 03:30,48.13
20/04/2024 03:45,59.41
20/04/2024 04:00,34.62
20/04/2024 04:15,35.51
20/04/2024 04:30,40.91
20/04/2024 04:45,58.5
20/04/2024 05:00,42.21
20/04/2024 05:15,39.8
20/04/2024 05:30,57.69
20/04/2024 05:45,61.13
20/04/2024 06:00,33.45
20/04/2024 06:15,57.79
20/04/2024 06:30,67.26
20/04/2024 06:45,74.92
20/04/2024 07:00,78.02
20/04/2024 07:15,71.79
20/04/2024 07:30,66.57
20/04/2024 07:45,57.49
20/04/2024 08:00,63.01
20/04/2024 08:15,60.11
20/04/2024 08:30,54.95
20/04/2024 08:45,57.88
20/04/2024 09:00,75.27
20/04/2024 09:15,57.55
20/04/2024 09:30,50.86
20/04/2024 09:45,20.9
20/04/2024 10:00,49.51
20/04/2024 10:15,36.63
20/04/2024 10:30,35.19
20/04/2024 10:45,26.25
20/04/2024 11:00,47.42
20/04/2024 11:15,48.01
20/04/2024 11:30,47.95
20/04/2024 11:45,45.3
20/04/2024 12:00,51.42
20/04/2024 12:15,32.47
20/04/2024 12:30,4.46
20/04/2024 12:45,-9.21
20/04/2024 13:00,-7.21
20/04/2024 13:15,-22.93
20/04/2024 13:30,-12.21
20/04/2024 13:45,-8.16
20/04/2024 14:00,-25.81
20/04/2024 14:15,-32.5
20/04/2024 14:30,-33.37
20/04/2024 14:45,0.44
20/04/2024 15:00,-30.08
20/04/2024 15:15,-5.1
20/04/2024 15:30,27.44
20/04/2024 15:45,30.59
20/04/2024 16:00,-25.17
20/04/2024 16:15,-10.83
20/04/2024 16:30,59.62
20/04/2024 16:45,69.81
20/04/2024 17:00,18.24
20/04/2024 17:15,43.42
20/04/2024 17:30,65.8
20/04/2024 17:45,101.28
20/04/2024 18:00,91.56
20/04/2024 18:15,83.92
20/04/2024 18:30,76.34
20/04/2024 18:45,72.66
20/04/2024 19:00,82.12
20/04/2024 19:15,71.63
20/04/2024 19:30,71.5
20/04/2024 19:45,67.98
20/04/2024 20:00,82.2
20/04/2024 20:15,88.66
20/04/2024 20:30,77.13
20/04/2024 20:45,69
20/04/2024 21:00,92.78
20/04/2024 21:15,84.75
20/04/2024 21:30,68.8
20/04/2024 21:45,70.83
20/04/2024 22:00,89.02
20/04/2024 22:15,88.6
20/04/2024 22:30,83.43
20/04/2024 22:45,66.28
20/04/2024 23:00,79.61
20/04/2024 23:15,72.88
20/04/2024 23:30,54.56
20/04/2024 23:45,53.58
21/04/2024 00:00,82.2
21/04/2024 00:15,73.3
21/04/2024 00:30,80.83
21/04/2024 00:45,79.44
21/04/2024 01:00,67.01
21/04/2024 01:15,54.62
21/04/2024 01:30,41.78
21/04/2024 01:45,26.96
21/04/2024 02:00,56.82
21/04/2024 02:15,47.68
21/04/2024 02:30,36.4
21/04/2024 02:45,27.78
21/04/2024 03:00,41.49
21/04/2024 03:15,41.4
21/04/2024 03:30,42.02
21/04/2024 03:45,58.94
21/04/2024 04:00,50.88
21/04/2024 04:15,53.45
21/04/2024 04:30,59.21
21/04/2024 04:45,53.77
21/04/2024 05:00,61.16
21/04/2024 05:15,59.46
21/04/2024 05:30,59.28
21/04/2024 05:45,50.81
21/04/2024 06:00,52.31
21/04/2024 06:15,58.42
21/04/2024 06:30,55.68
21/04/2024 06:45,58.96
21/04/2024 07:00,73.27
21/04/2024 07:15,75.85
21/04/2024 07:30,68
21/04/2024 07:45,58.52
21/04/2024 08:00,94.71
21/04/2024 08:15,65.39
21/04/2024 08:30,53.98
21/04/2024 08:45,15.47
21/04/2024 09:00,36.11
21/04/2024 09:15,-1.68
21/04/2024 09:30,-29.94
21/04/2024 09:45,-51.91
21/04/2024 10:00,24.31
21/04/2024 10:15,20.19
21/04/2024 10:30,6.58
21/04/2024 10:45,20.07
21/04/2024 11:00,22.58
21/04/2024 11:15,-2.18
21/04/2024 11:30,7.92
21/04/2024 11:45,-0.01
21/04/2024 12:00,42.59
21/04/2024 12:15,37.19
21/04/2024 12:30,20.23
21/04/2024 12:45,-0.38
21/04/2024 13:00,0.31
21/04/2024 13:15,12.05
21/04/2024 13:30,3.11
21/04/2024 13:45,16.42
21/04/2024 14:00,-14.4
21/04/2024 14:15,-12.59
21/04/2024 14:30,-6.67
21/04/2024 14:45,32.43
21/04/2024 15:00,-32.61
21/04/2024 15:15,13.34
21/04/2024 15:30,50.8
21/04/2024 15:45,78.49
21/04/2024 16:00,7.11
21/04/2024 16:15,33.02
21/04/2024 16:30,57.26
21/04/2024 16:45,83.13
21/04/2024 17:00,7.1
21/04/2024 17:15,56.68
21/04/2024 17:30,72.17
21/04/2024 17:45,101.5
21/04/2024 18:00,87.85
21/04/2024 18:15,105.32
21/04/2024 18:30,96.5
21/04/2024 18:45,89.44
21/04/2024 19:00,78.5
21/04/2024 19:15,70.58
21/04/2024 19:30,74.8
21/04/2024 19:45,76.52
21/04/2024 20:00,108.08
21/04/2024 20:15,102.93
21/04/2024 20:30,74.9
21/04/2024 20:45,76.76
21/04/2024 21:00,114.22
21/04/2024 21:15,107.19
21/04/2024 21:30,97.19
21/04/2024 21:45,82.66
21/04/2024 22:00,80.59
21/04/2024 22:15,80.86
21/04/2024 22:30,95.46
21/04/2024 22:45,90.98
21/04/2024 23:00,101.45
21/04/2024 23:15,86.55
21/04/2024 23:30,72.8
21/04/2024 23:45,72.71
22/04/2024 00:00,76.8
22/04/2024 00:15,71.1
22/04/2024 00:30,71.66
22/04/2024 00:45,72.99
22/04/2024 01:00,77.39
22/04/2024 01:15,77.51
22/04/2024 01:30,70.04
22/04/2024 01:45,79.85
22/04/2024 02:00,70.49
22/04/2024 02:15,74.53
22/04/2024 02:30,89.09
22/04/2024 02:45,88.88
22/04/2024 03:00,85.7
22/04/2024 03:15,83.3
22/04/2024 03:30,88.25
22/04/2024 03:45,84.07
22/04/2024 04:00,63
22/04/2024 04:15,61.38
22/04/2024 04:30,78.27
22/04/2024 04:45,75.92
22/04/2024 05:00,97.51
22/04/2024 05:15,101.49
22/04/2024 05:30,107.93
22/04/2024 05:45,107.55
22/04/2024 06:00,109.25
22/04/2024 06:15,112.53
22/04/2024 06:30,105.17
22/04/2024 06:45,87.24
22/04/2024 07:00,183.64
22/04/2024 07:15,95.95
22/04/2024 07:30,89.78
22/04/2024 07:45,93.55
22/04/2024 08:00,132.16
22/04/2024 08:15,124.93
22/04/2024 08:30,87.73
22/04/2024 08:45,64.06
22/04/2024 09:00,84.47
22/04/2024 09:15,79.26
22/04/2024 09:30,71.47
22/04/2024 09:45,66.59
22/04/2024 10:00,79.89
22/04/2024 10:15,68.09
22/04/2024 10:30,66.11
22/04/2024 10:45,68.27
22/04/2024 11:00,81.33
22/04/2024 11:15,79.1
22/04/2024 11:30,92.37
22/04/2024 11:45,79.02
22/04/2024 12:00,78.57
22/04/2024 12:15,75.33
22/04/2024 12:30,78.23
22/04/2024 12:45,61.82
22/04/2024 13:00,72.05
22/04/2024 13:15,72.99
22/04/2024 13:30,82.82
22/04/2024 13:45,72.98
22/04/2024 14:00,68.55
22/04/2024 14:15,77.32
22/04/2024 14:30,77.35
22/04/2024 14:45,80.1
22/04/2024 15:00,68.37
22/04/2024 15:15,70.89
22/04/2024 15:30,78.52
22/04/2024 15:45,80.92
22/04/2024 16:00,45.79
22/04/2024 16:15,67.51
22/04/2024 16:30,87.96
22/04/2024 16:45,142.77
22/04/2024 17:00,95.53
22/04/2024 17:15,111.06
22/04/2024 17:30,129.34
22/04/2024 17:45,239.1
22/04/2024 18:00,111.2
22/04/2024 18:15,141.35
22/04/2024 18:30,222.67
22/04/2024 18:45,285.16
22/04/2024 19:00,594.71
22/04/2024 19:15,145.09
22/04/2024 19:30,105.94
22/04/2024 19:45,126.73
22/04/2024 20:00,311.9
22/04/2024 20:15,123.16
22/04/2024 20:30,109.96
22/04/2024 20:45,112.97
22/04/2024 21:00,162.65
22/04/2024 21:15,138.87
22/04/2024 21:30,126.67
22/04/2024 21:45,111.7
22/04/2024 22:00,134.25
22/04/2024 22:15,119.15
22/04/2024 22:30,94.09
22/04/2024 22:45,83.65
22/04/2024 23:00,121.38
22/04/2024 23:15,113.3
22/04/2024 23:30,107.14
22/04/2024 23:45,95.93
23/04/2024 00:00,100.71
23/04/2024 00:15,94.61
23/04/2024 00:30,107.49
23/04/2024 00:45,88.58
23/04/2024 01:00,107.08
23/04/2024 01:15,105.24
23/04/2024 01:30,108.03
23/04/2024 01:45,108.88
23/04/2024 02:00,87.66
23/04/2024 02:15,89.36
23/04/2024 02:30,99.32
23/04/2024 02:45,103.99
23/04/2024 03:00,89.97
23/04/2024 03:15,103.14
23/04/2024 03:30,93.51
23/04/2024 03:45,94.64
23/04/2024 04:00,85.82
23/04/2024 04:15,111.41
23/04/2024 04:30,121.82
23/04/2024 04:45,123.8
23/04/2024 05:00,211.61
23/04/2024 05:15,323.58
23/04/2024 05:30,275.17
23/04/2024 05:45,255.79
23/04/2024 06:00,475.81
23/04/2024 06:15,269.09
23/04/2024 06:30,223.69
23/04/2024 06:45,146.72
23/04/2024 07:00,370.35
23/04/2024 07:15,188.46
23/04/2024 07:30,96.59
23/04/2024 07:45,82.25
23/04/2024 08:00,125.27
23/04/2024 08:15,98.19
23/04/2024 08:30,80.59
23/04/2024 08:45,76.98
23/04/2024 09:00,82.71
23/04/2024 09:15,70.95
23/04/2024 09:30,72.23
23/04/2024 09:45,66.56
23/04/2024 10:00,64.82
23/04/2024 10:15,64.21
23/04/2024 10:30,46.96
23/04/2024 10:45,42.12
23/04/2024 11:00,71.91
23/04/2024 11:15,66.15
23/04/2024 11:30,74.51
23/04/2024 11:45,79.92
23/04/2024 12:00,76.1
23/04/2024 12:15,72.88
23/04/2024 12:30,58.48
23/04/2024 12:45,63.93
23/04/2024 13:00,65.89
23/04/2024 13:15,69.37
23/04/2024 13:30,56.17
23/04/2024 13:45,65.94
23/04/2024 14:00,66.71
23/04/2024 14:15,75.19
23/04/2024 14:30,82.37
23/04/2024 14:45,89.81
23/04/2024 15:00,80.59
23/04/2024 15:15,75.72
23/04/2024 15:30,65.82
23/04/2024 15:45,82.04
23/04/2024 16:00,65.9
23/04/2024 16:15,76.97
23/04/2024 16:30,104.75
23/04/2024 16:45,111.79
23/04/2024 17:00,75.76
23/04/2024 17:15,88.97
23/04/2024 17:30,103.49
23/04/2024 17:45,112.14
23/04/2024 18:00,85.84
23/04/2024 18:15,87.06
23/04/2024 18:30,107.37
23/04/2024 18:45,112.45
23/04/2024 19:00,106.25
23/04/2024 19:15,90.71
23/04/2024 19:30,104.32
23/04/2024 19:45,90.82
23/04/2024 20:00,106.49
23/04/2024 20:15,101.85
23/04/2024 20:30,84.43
23/04/2024 20:45,77.08
23/04/2024 21:00,106.6
23/04/2024 21:15,112.1
23/04/2024 21:30,95.73
23/04/2024 21:45,68.92
23/04/2024 22:00,67.98
23/04/2024 22:15,61.52
23/04/2024 22:30,79.5
23/04/2024 22:45,66.87
23/04/2024 23:00,66.02
23/04/2024 23:15,90.5
23/04/2024 23:30,84.51
23/04/2024 23:45,76.49
24/04/2024 00:00,80.03
24/04/2024 00:15,71.67
24/04/2024 00:30,69.21
24/04/2024 00:45,42.23
24/04/2024 01:00,76.77
24/04/2024 01:15,72.02
24/04/2024 01:30,77.03
24/04/2024 01:45,78.41
24/04/2024 02:00,85.37
24/04/2024 02:15,68.39
24/04/2024 02:30,62.43
24/04/2024 02:45,49.5
24/04/2024 03:00,68.01
24/04/2024 03:15,66.32
24/04/2024 03:30,67.89
24/04/2024 03:45,73.16
24/04/2024 04:00,73.15
24/04/2024 04:15,78.72
24/04/2024 04:30,92.29
24/04/2024 04:45,82.26
24/04/2024 05:00,76.38
24/04/2024 05:15,102.18
24/04/2024 05:30,109.75
24/04/2024 05:45,111.96
24/04/2024 06:00,92.1
24/04/2024 06:15,95.83
24/04/2024 06:30,103.52
24/04/2024 06:45,93.4
24/04/2024 07:00,140.92
24/04/2024 07:15,110.85
24/04/2024 07:30,101.11
24/04/2024 07:45,100.41
24/04/2024 08:00,115.87
24/04/2024 08:15,96.23
24/04/2024 08:30,80.28
24/04/2024 08:45,72.58
24/04/2024 09:00,92.72
24/04/2024 09:15,80.34
24/04/2024 09:30,73.6
24/04/2024 09:45,68.91
24/04/2024 10:00,89.81
24/04/2024 10:15,83.67
24/04/2024 10:30,81.65
24/04/2024 10:45,69.14
24/04/2024 11:00,89.16
24/04/2024 11:15,74.3
24/04/2024 11:30,67.11
24/04/2024 11:45,66.4
24/04/2024 12:00,84.9
24/04/2024 12:15,66.11
24/04/2024 12:30,57.73
24/04/2024 12:45,50.03
24/04/2024 13:00,59.23
24/04/2024 13:15,61.24
24/04/2024 13:30,68.62
24/04/2024 13:45,54.67
24/04/2024 14:00,60.32
24/04/2024 14:15,57.21
24/04/2024 14:30,64.62
24/04/2024 14:45,69.81
24/04/2024 15:00,53
24/04/2024 15:15,56.65
24/04/2024 15:30,58.06
24/04/2024 15:45,71.76
24/04/2024 16:00,56.15
24/04/2024 16:15,75.74
24/04/2024 16:30,111.3
24/04/2024 16:45,129.5
24/04/2024 17:00,69.23
24/04/2024 17:15,97.87
24/04/2024 17:30,108.6
24/04/2024 17:45,102.66
24/04/2024 18:00,73.64
24/04/2024 18:15,102.31
24/04/2024 18:30,129.74
24/04/2024 18:45,206.77
24/04/2024 19:00,166.3
24/04/2024 19:15,165.95
24/04/2024 19:30,165.12
24/04/2024 19:45,128.65
24/04/2024 20:00,108.96
24/04/2024 20:15,92.75
24/04/2024 20:30,81.13
24/04/2024 20:45,79.58
24/04/2024 21:00,96.95
24/04/2024 21:15,93.02
24/04/2024 21:30,105.42
24/04/2024 21:45,91.3
24/04/2024 22:00,107.03
24/04/2024 22:15,82.39
24/04/2024 22:30,79.52
24/04/2024 22:45,69.22
24/04/2024 23:00,86.96
24/04/2024 23:15,81.78
24/04/2024 23:30,68.15
24/04/2024 23:45,72.34
25/04/2024 00:00,81.49
25/04/2024 00:15,85.72
25/04/2024 00:30,89.51
25/04/2024 00:45,78.64
25/04/2024 01:00,81.71
25/04/2024 01:15,84.07
25/04/2024 01:30,83.89
25/04/2024 01:45,76.98
25/04/2024 02:00,71.86
25/04/2024 02:15,70.59
25/04/2024 02:30,68.48
25/04/2024 02:45,69.29
25/04/2024 03:00,70.58
25/04/2024 03:15,74.36
25/04/2024 03:30,79.99
25/04/2024 03:45,88.5
25/04/2024 04:00,68.83
25/04/2024 04:15,68.95
25/04/2024 04:30,82.29
25/04/2024 04:45,94.33
25/04/2024 05:00,93.42
25/04/2024 05:15,101.34
25/04/2024 05:30,111.66
25/04/2024 05:45,121.49
25/04/2024 06:00,129.38
25/04/2024 06:15,137.07
25/04/2024 06:30,130.06
25/04/2024 06:45,117.75
25/04/2024 07:00,212.33
25/04/2024 07:15,108.01
25/04/2024 07:30,106.21
25/04/2024 07:45,88.96
25/04/2024 08:00,116.36
25/04/2024 08:15,99.3
25/04/2024 08:30,87.37
25/04/2024 08:45,80.22
25/04/2024 09:00,84.9
25/04/2024 09:15,74.13
25/04/2024 09:30,75.81
25/04/2024 09:45,75.91
25/04/2024 10:00,93.1
25/04/2024 10:15,72.75
25/04/2024 10:30,68.16
25/04/2024 10:45,52.49
25/04/2024 11:00,79.71
25/04/2024 11:15,74.32
25/04/2024 11:30,69.44
25/04/2024 11:45,43.59
25/04/2024 12:00,79.7
25/04/2024 12:15,72.72
25/04/2024 12:30,70.93
25/04/2024 12:45,58.98
25/04/2024 13:00,69.39
25/04/2024 13:15,54.3
25/04/2024 13:30,49.83
25/04/2024 13:45,51.41
25/04/2024 14:00,40.28
25/04/2024 14:15,63.01
25/04/2024 14:30,74.23
25/04/2024 14:45,72.94
25/04/2024 15:00,62.19
25/04/2024 15:15,68.27
25/04/2024 15:30,74.1
25/04/2024 15:45,82.46
25/04/2024 16:00,58.15
25/04/2024 16:15,68.42
25/04/2024 16:30,85.13
25/04/2024 16:45,105.4
25/04/2024 17:00,62.49
25/04/2024 17:15,68.89
25/04/2024 17:30,97.82
25/04/2024 17:45,126.45
25/04/2024 18:00,84.7
25/04/2024 18:15,32.65
25/04/2024 18:30,49.95
25/04/2024 18:45,60.16
25/04/2024 19:00,209.56
25/04/2024 19:15,89.93
25/04/2024 19:30,83.86
25/04/2024 19:45,84.05
25/04/2024 20:00,133.21
25/04/2024 20:15,86.85
25/04/2024 20:30,76.7
25/04/2024 20:45,67.7
25/04/2024 21:00,88.34
25/04/2024 21:15,84.74
25/04/2024 21:30,85.51
25/04/2024 21:45,59.92
25/04/2024 22:00,89.92
25/04/2024 22:15,75.46
25/04/2024 22:30,68.69
25/04/2024 22:45,48
25/04/2024 23:00,86.29
25/04/2024 23:15,81.16
25/04/2024 23:30,73.46
25/04/2024 23:45,62.02
26/04/2024 00:00,86.35
26/04/2024 00:15,79.57
26/04/2024 00:30,68.07
26/04/2024 00:45,69.26
26/04/2024 01:00,84.05
26/04/2024 01:15,72.04
26/04/2024 01:30,66.26
26/04/2024 01:45,63.66
26/04/2024 02:00,73.1
26/04/2024 02:15,72.19
26/04/2024 02:30,72.16
26/04/2024 02:45,72.35
26/04/2024 03:00,65.29
26/04/2024 03:15,70.58
26/04/2024 03:30,73.15
26/04/2024 03:45,82.8
26/04/2024 04:00,70.57
26/04/2024 04:15,76.08
26/04/2024 04:30,90.41
26/04/2024 04:45,101.76
26/04/2024 05:00,74.01
26/04/2024 05:15,84.65
26/04/2024 05:30,88.68
26/04/2024 05:45,96.9
26/04/2024 06:00,82.49
26/04/2024 06:15,77.26
26/04/2024 06:30,96.27
26/04/2024 06:45,85.99
26/04/2024 07:00,93.11
26/04/2024 07:15,97.56
26/04/2024 07:30,96.18
26/04/2024 07:45,81.83
26/04/2024 08:00,100.31
26/04/2024 08:15,86.23
26/04/2024 08:30,61.68
26/04/2024 08:45,33.83
26/04/2024 09:00,79.56
26/04/2024 09:15,65.43
26/04/2024 09:30,70.16
26/04/2024 09:45,63.97
26/04/2024 10:00,69.11
26/04/2024 10:15,47.75
26/04/2024 10:30,47.05
26/04/2024 10:45,37.85
26/04/2024 11:00,63.17
26/04/2024 11:15,67.5
26/04/2024 11:30,61.83
26/04/2024 11:45,64.64
26/04/2024 12:00,59.51
26/04/2024 12:15,52.71
26/04/2024 12:30,60.4
26/04/2024 12:45,55.76
26/04/2024 13:00,57.43
26/04/2024 13:15,57.96
26/04/2024 13:30,62.91
26/04/2024 13:45,69.08
26/04/2024 14:00,34.67
26/04/2024 14:15,52.69
26/04/2024 14:30,68.9
26/04/2024 14:45,74.07
26/04/2024 15:00,28.89
26/04/2024 15:15,55.66
26/04/2024 15:30,71.48
26/04/2024 15:45,74.97
26/04/2024 16:00,41.85
26/04/2024 16:15,64.38
26/04/2024 16:30,87.19
26/04/2024 16:45,78.06
26/04/2024 17:00,39.37
26/04/2024 17:15,64.62
26/04/2024 17:30,91.67
26/04/2024 17:45,111.7
26/04/2024 18:00,83.93
26/04/2024 18:15,78.48
26/04/2024 18:30,115.08
26/04/2024 18:45,162.2
26/04/2024 19:00,110.2
26/04/2024 19:15,86.97
26/04/2024 19:30,81.26
26/04/2024 19:45,78.64
26/04/2024 20:00,170.15
26/04/2024 20:15,101.36
26/04/2024 20:30,83.29
26/04/2024 20:45,75.81
26/04/2024 21:00,88.38
26/04/2024 21:15,82.97
26/04/2024 21:30,95.85
26/04/2024 21:45,93.13
26/04/2024 22:00,131.99
26/04/2024 22:15,140.07
26/04/2024 22:30,123.07
26/04/2024 22:45,104.62
26/04/2024 23:00,90.1
26/04/2024 23:15,84.74
26/04/2024 23:30,84.54
26/04/2024 23:45,85.08
27/04/2024 00:00,110.67
27/04/2024 00:15,95.77
27/04/2024 00:30,87.7
27/04/2024 00:45,77.4
27/04/2024 01:00,88.25
27/04/2024 01:15,89.34
27/04/2024 01:30,83.41
27/04/2024 01:45,84.34
27/04/2024 02:00,77.56
27/04/2024 02:15,87.39
27/04/2024 02:30,89.13
27/04/2024 02:45,88.4
27/04/2024 03:00,81.27
27/04/2024 03:15,67.14
27/04/2024 03:30,72.27
27/04/2024 03:45,81.99
27/04/2024 04:00,80.7
27/04/2024 04:15,85.54
27/04/2024 04:30,95.69
27/04/2024 04:45,95.92
27/04/2024 05:00,82.75
27/04/2024 05:15,102.53
27/04/2024 05:30,98.05
27/04/2024 05:45,74.92
27/04/2024 06:00,78.92
27/04/2024 06:15,78.25
27/04/2024 06:30,61.04
27/04/2024 06:45,34.24
27/04/2024 07:00,93.16
27/04/2024 07:15,76.2
27/04/2024 07:30,59.63
27/04/2024 07:45,44.49
27/04/2024 08:00,111.99
27/04/2024 08:15,80.56
27/04/2024 08:30,60.61
27/04/2024 08:45,69.06
27/04/2024 09:00,134.27
27/04/2024 09:15,83.72
27/04/2024 09:30,54.08
27/04/2024 09:45,-0.85
27/04/2024 10:00,22.61
27/04/2024 10:15,-2.65
27/04/2024 10:30,-3.25
27/04/2024 10:45,-17.68
27/04/2024 11:00,56.67
27/04/2024 11:15,32.3
27/04/2024 11:30,30.8
27/04/2024 11:45,19.79
27/04/2024 12:00,37.56
27/04/2024 12:15,3.61
27/04/2024 12:30,1.56
27/04/2024 12:45,-7.43
27/04/2024 13:00,-12.12
27/04/2024 13:15,-6.35
27/04/2024 13:30,-5.37
27/04/2024 13:45,8.61
27/04/2024 14:00,-45.82
27/04/2024 14:15,-19.64
27/04/2024 14:30,-14.27
27/04/2024 14:45,30.44
27/04/2024 15:00,-83.52
27/04/2024 15:15,-41.78
27/04/2024 15:30,12.37
27/04/2024 15:45,51.19
27/04/2024 16:00,11.6
27/04/2024 16:15,30.87
27/04/2024 16:30,54.64
27/04/2024 16:45,65.45
27/04/2024 17:00,45.6
27/04/2024 17:15,75.55
27/04/2024 17:30,91.66
27/04/2024 17:45,202.81
27/04/2024 18:00,64.45
27/04/2024 18:15,70.36
27/04/2024 18:30,101.15
27/04/2024 18:45,140.95
27/04/2024 19:00,658.31
27/04/2024 19:15,286.47
27/04/2024 19:30,185.81
27/04/2024 19:45,112.03
27/04/2024 20:00,202.46
27/04/2024 20:15,121.13
27/04/2024 20:30,77.84
27/04/2024 20:45,74.75
27/04/2024 21:00,105.65
27/04/2024 21:15,91.56
27/04/2024 21:30,91.53
27/04/2024 21:45,75.92
27/04/2024 22:00,93.84
27/04/2024 22:15,73.91
27/04/2024 22:30,59.78
27/04/2024 22:45,54.7
27/04/2024 23:00,81.12
27/04/2024 23:15,66.61
27/04/2024 23:30,43.25
27/04/2024 23:45,32.13
28/04/2024 00:00,98.02
28/04/2024 00:15,82.46
28/04/2024 00:30,67.25
28/04/2024 00:45,42.15
28/04/2024 01:00,85.11
28/04/2024 01:15,63.27
28/04/2024 01:30,39.69
28/04/2024 01:45,45.13
28/04/2024 02:00,67.22
28/04/2024 02:15,34.87
28/04/2024 02:30,18.05
28/04/2024 02:45,22.78
28/04/2024 03:00,20.46
28/04/2024 03:15,14.29
28/04/2024 03:30,10.75
28/04/2024 03:45,15.76
28/04/2024 04:00,12.74
28/04/2024 04:15,33.54
28/04/2024 04:30,53.03
28/04/2024 04:45,61.08
28/04/2024 05:00,67.26
28/04/2024 05:15,58
28/04/2024 05:30,40.27
28/04/2024 05:45,31.27
28/04/2024 06:00,35.79
28/04/2024 06:15,-2.88
28/04/2024 06:30,-20.6
28/04/2024 06:45,-21.51
28/04/2024 07:00,51.35
28/04/2024 07:15,11.47
28/04/2024 07:30,1.98
28/04/2024 07:45,2.02
28/04/2024 08:00,45.78
28/04/2024 08:15,38.48
28/04/2024 08:30,23.23
28/04/2024 08:45,9.41
28/04/2024 09:00,27.3
28/04/2024 09:15,3.07
28/04/2024 09:30,-1.87
28/04/2024 09:45,-13.32
28/04/2024 10:00,12.96
28/04/2024 10:15,-3.98
28/04/2024 10:30,-5.27
28/04/2024 10:45,-24.34
28/04/2024 11:00,1.8
28/04/2024 11:15,-22.38
28/04/2024 11:30,-24.69
28/04/2024 11:45,-32.9
28/04/2024 12:00,-11.9
28/04/2024 12:15,-40.65
28/04/2024 12:30,-47.91
28/04/2024 12:45,-49.12
28/04/2024 13:00,-47.74
28/04/2024 13:15,-33.18
28/04/2024 13:30,-33.51
28/04/2024 13:45,-17.24
28/04/2024 14:00,-29.43
28/04/2024 14:15,-19.54
28/04/2024 14:30,-19.57
28/04/2024 14:45,-6.82
28/04/2024 15:00,-21.42
28/04/2024 15:15,-3.51
28/04/2024 15:30,1.49
28/04/2024 15:45,4.38
28/04/2024 16:00,-21.04
28/04/2024 16:15,-3.69
28/04/2024 16:30,7.01
28/04/2024 16:45,40.57
28/04/2024 17:00,-8.07
28/04/2024 17:15,40.07
28/04/2024 17:30,68.73
28/04/2024 17:45,89.71
28/04/2024 18:00,62.97
28/04/2024 18:15,70.23
28/04/2024 18:30,79.1
28/04/2024 18:45,69.9
28/04/2024 19:00,78.58
28/04/2024 19:15,99.41
28/04/2024 19:30,93.9
28/04/2024 19:45,88.12
28/04/2024 20:00,80.64
28/04/2024 20:15,80.08
28/04/2024 20:30,80.81
28/04/2024 20:45,82.1
28/04/2024 21:00,76.01
28/04/2024 21:15,68.5
28/04/2024 21:30,80.19
28/04/2024 21:45,62
28/04/2024 22:00,70.52
28/04/2024 22:15,64.21
28/04/2024 22:30,64.98
28/04/2024 22:45,73.19
28/04/2024 23:00,66.49
28/04/2024 23:15,78.29
28/04/2024 23:30,72.2
28/04/2024 23:45,75.54
29/04/2024 00:00,69.64
29/04/2024 00:15,78.04
29/04/2024 00:30,80.41
29/04/2024 00:45,84.46
29/04/2024 01:00,70.38
29/04/2024 01:15,80.13
29/04/2024 01:30,77.87
29/04/2024 01:45,75.64
29/04/2024 02:00,49.64
29/04/2024 02:15,53.16
29/04/2024 02:30,50.8
29/04/2024 02:45,55.35
29/04/2024 03:00,58.67
29/04/2024 03:15,62.15
29/04/2024 03:30,83.89
29/04/2024 03:45,94.24
29/04/2024 04:00,74.21
29/04/2024 04:15,76.45
29/04/2024 04:30,94.23
29/04/2024 04:45,83.56
29/04/2024 05:00,59.79
29/04/2024 05:15,62.41
29/04/2024 05:30,75.74
29/04/2024 05:45,114.01
29/04/2024 06:00,169.59
29/04/2024 06:15,117.26
29/04/2024 06:30,110.74
29/04/2024 06:45,74.64
29/04/2024 07:00,169.83
29/04/2024 07:15,85.88
29/04/2024 07:30,62.58
29/04/2024 07:45,64.55
29/04/2024 08:00,81.09
29/04/2024 08:15,86.47
29/04/2024 08:30,65.47
29/04/2024 08:45,60.47
29/04/2024 09:00,74.58
29/04/2024 09:15,58.05
29/04/2024 09:30,54.64
29/04/2024 09:45,23.68
29/04/2024 10:00,73.62
29/04/2024 10:15,42.82
29/04/2024 10:30,6.02
29/04/2024 10:45,-36.82
29/04/2024 11:00,9.25
29/04/2024 11:15,-19.39
29/04/2024 11:30,-14.7
29/04/2024 11:45,-27.87
29/04/2024 12:00,-13.8
29/04/2024 12:15,-33.02
29/04/2024 12:30,-30.55
29/04/2024 12:45,-36.12
29/04/2024 13:00,-40.7
29/04/2024 13:15,-6.37
29/04/2024 13:30,30.1
29/04/2024 13:45,61.82
29/04/2024 14:00,-44.69
29/04/2024 14:15,-3.05
29/04/2024 14:30,9.99
29/04/2024 14:45,52.51
29/04/2024 15:00,-50.57
29/04/2024 15:15,29.02
29/04/2024 15:30,53.21
29/04/2024 15:45,78.75
29/04/2024 16:00,41.44
29/04/2024 16:15,59.21
29/04/2024 16:30,84.68
29/04/2024 16:45,99.06
29/04/2024 17:00,42.38
29/04/2024 17:15,68.3
29/04/2024 17:30,87.4
29/04/2024 17:45,225.55
29/04/2024 18:00,74.33
29/04/2024 18:15,74.61
29/04/2024 18:30,87.78
29/04/2024 18:45,124.59
29/04/2024 19:00,258.83
29/04/2024 19:15,95.14
29/04/2024 19:30,82.22
29/04/2024 19:45,75.48
29/04/2024 20:00,126.91
29/04/2024 20:15,84.76
29/04/2024 20:30,80.11
29/04/2024 20:45,80.92
29/04/2024 21:00,123.32
29/04/2024 21:15,105.36
29/04/2024 21:30,93.61
29/04/2024 21:45,78.71
29/04/2024 22:00,106.34
29/04/2024 22:15,95.61
29/04/2024 22:30,78.87
29/04/2024 22:45,71.59
29/04/2024 23:00,91.92
29/04/2024 23:15,78.98
29/04/2024 23:30,71.89
29/04/2024 23:45,71.34
30/04/2024 00:00,74.74
30/04/2024 00:15,81.07
30/04/2024 00:30,82.94
30/04/2024 00:45,75.89
30/04/2024 01:00,78.37
30/04/2024 01:15,68.8
30/04/2024 01:30,81.82
30/04/2024 01:45,79.59
30/04/2024 02:00,69.57
30/04/2024 02:15,78.07
30/04/2024 02:30,94.94
30/04/2024 02:45,103.88
30/04/2024 03:00,81.95
30/04/2024 03:15,81.02
30/04/2024 03:30,81.36
30/04/2024 03:45,98.04
30/04/2024 04:00,73.22
30/04/2024 04:15,87.38
30/04/2024 04:30,89.8
30/04/2024 04:45,106.25
30/04/2024 05:00,83.24
30/04/2024 05:15,104.38
30/04/2024 05:30,126.88
30/04/2024 05:45,165.82
30/04/2024 06:00,207.62
30/04/2024 06:15,150.5
30/04/2024 06:30,143.34
30/04/2024 06:45,103.85
30/04/2024 07:00,89.32
30/04/2024 07:15,89.25
30/04/2024 07:30,82.53
30/04/2024 07:45,83.48
30/04/2024 08:00,140.95
30/04/2024 08:15,76.93
30/04/2024 08:30,52.69
30/04/2024 08:45,36.24
30/04/2024 09:00,82.46
30/04/2024 09:15,65.37
30/04/2024 09:30,54.38
30/04/2024 09:45,26.88
30/04/2024 10:00,109.68
30/04/2024 10:15,74.51
30/04/2024 10:30,62.17
30/04/2024 10:45,33.38
30/04/2024 11:00,101.14
30/04/2024 11:15,45.41
30/04/2024 11:30,34.43
30/04/2024 11:45,1.65
30/04/2024 12:00,63.29
30/04/2024 12:15,32.36
30/04/2024 12:30,6.17
30/04/2024 12:45,-16.27
30/04/2024 13:00,-29.09
30/04/2024 13:15,-14.78
30/04/2024 13:30,-10.34
30/04/2024 13:45,-0.45
30/04/2024 14:00,-29.53
30/04/2024 14:15,14.95
30/04/2024 14:30,37.01
30/04/2024 14:45,61.07
30/04/2024 15:00,-29.24
30/04/2024 15:15,38.79
30/04/2024 15:30,54.24
30/04/2024 15:45,70.65
30/04/2024 16:00,31.75
30/04/2024 16:15,55
30/04/2024 16:30,81.65
30/04/2024 16:45,82.69
30/04/2024 17:00,33.71
30/04/2024 17:15,55.11
30/04/2024 17:30,90.34
30/04/2024 17:45,167.17
30/04/2024 18:00,128.38
30/04/2024 18:15,200.35
30/04/2024 18:30,181.13
30/04/2024 18:45,368.69
30/04/2024 19:00,314.67
30/04/2024 19:15,131.95
30/04/2024 19:30,103.98
30/04/2024 19:45,107.56
30/04/2024 20:00,271.03
30/04/2024 20:15,138.69
30/04/2024 20:30,93.52
30/04/2024 20:45,76.46
30/04/2024 21:00,81.2
30/04/2024 21:15,86.06
30/04/2024 21:30,69.57
30/04/2024 21:45,74.54
30/04/2024 22:00,77.33
30/04/2024 22:15,76.56
30/04/2024 22:30,70.18
30/04/2024 22:45,76.26
30/04/2024 23:00,86.21
30/04/2024 23:15,85.58
30/04/2024 23:30,74.39
30/04/2024 23:45,84.34
01/05/2024 00:00,83.82
01/05/2024 00:15,110.41
01/05/2024 00:30,118.55
01/05/2024 00:45,180.39
01/05/2024 01:00,130.82
01/05/2024 01:15,117.42
01/05/2024 01:30,116.73
01/05/2024 01:45,124.91
01/05/2024 02:00,89.92
01/05/2024 02:15,81.21
01/05/2024 02:30,77.06
01/05/2024 02:45,78.93
01/05/2024 03:00,101.76
01/05/2024 03:15,80.12
01/05/2024 03:30,72.44
01/05/2024 03:45,62.28
01/05/2024 04:00,82.01
01/05/2024 04:15,74.88
01/05/2024 04:30,78.85
01/05/2024 04:45,77.67
01/05/2024 05:00,90.53
01/05/2024 05:15,100.62
01/05/2024 05:30,86.77
01/05/2024 05:45,64.81
01/05/2024 06:00,64.84
01/05/2024 06:15,66.79
01/05/2024 06:30,39.09
01/05/2024 06:45,15.82
01/05/2024 07:00,55.53
01/05/2024 07:15,67.9
01/05/2024 07:30,65.09
01/05/2024 07:45,87.51
01/05/2024 08:00,143.94
01/05/2024 08:15,66.82
01/05/2024 08:30,19.78
01/05/2024 08:45,-37.61
01/05/2024 09:00,133.94
01/05/2024 09:15,75.88
01/05/2024 09:30,52.3
01/05/2024 09:45,107.24
01/05/2024 10:00,106.42
01/05/2024 10:15,37.73
01/05/2024 10:30,5.52
01/05/2024 10:45,-14.07
01/05/2024 11:00,13.93
01/05/2024 11:15,-7.51
01/05/2024 11:30,-11.12
01/05/2024 11:45,-32.36
01/05/2024 12:00,-3.59
01/05/2024 12:15,-7.66
01/05/2024 12:30,-10.62
01/05/2024 12:45,-45.76
01/05/2024 13:00,-51.58
01/05/2024 13:15,-48.36
01/05/2024 13:30,-41.35
01/05/2024 13:45,-37.11
01/05/2024 14:00,-52.49
01/05/2024 14:15,-32.18
01/05/2024 14:30,-19.86
01/05/2024 14:45,-7.33
01/05/2024 15:00,-56.54
01/05/2024 15:15,-23.11
01/05/2024 15:30,-2.04
01/05/2024 15:45,35.48
01/05/2024 16:00,-61.17
01/05/2024 16:15,-3.52
01/05/2024 16:30,17.29
01/05/2024 16:45,50.26
01/05/2024 17:00,-33.27
01/05/2024 17:15,9.23
01/05/2024 17:30,29.74
01/05/2024 17:45,36.89
01/05/2024 18:00,3.06
01/05/2024 18:15,22.03
01/05/2024 18:30,56.02
01/05/2024 18:45,65.7
01/05/2024 19:00,58.91
01/05/2024 19:15,60.71
01/05/2024 19:30,60.29
01/05/2024 19:45,58.13
01/05/2024 20:00,69.49
01/05/2024 20:15,64.64
01/05/2024 20:30,53.85
01/05/2024 20:45,40.53
01/05/2024 21:00,55.18
01/05/2024 21:15,59.44
01/05/2024 21:30,47.62
01/05/2024 21:45,46.24
01/05/2024 22:00,50.87
01/05/2024 22:15,38.86
01/05/2024 22:30,30.49
01/05/2024 22:45,28.58
01/05/2024 23:00,62.49
01/05/2024 23:15,44.28
01/05/2024 23:30,47.31
01/05/2024 23:45,40.47
02/05/2024 00:00,30.03
02/05/2024 00:15,25.51
02/05/2024 00:30,31.07
02/05/2024 00:45,36.76
02/05/2024 01:00,54.99
02/05/2024 01:15,55.81
02/05/2024 01:30,45.73
02/05/2024 01:45,40.74
02/05/2024 02:00,19.74
02/05/2024 02:15,15.29
02/05/2024 02:30,31.09
02/05/2024 02:45,41.07
02/05/2024 03:00,36.05
02/05/2024 03:15,41.88
02/05/2024 03:30,41.11
02/05/2024 03:45,32.55
02/05/2024 04:00,19.09
02/05/2024 04:15,31.73
02/05/2024 04:30,49.43
02/05/2024 04:45,66.69
02/05/2024 05:00,30.28
02/05/2024 05:15,52.8
02/05/2024 05:30,66.67
02/05/2024 05:45,67.62
02/05/2024 06:00,86.09
02/05/2024 06:15,75.5
02/05/2024 06:30,72.87
02/05/2024 06:45,73.4
02/05/2024 07:00,215.01
02/05/2024 07:15,71.42
02/05/2024 07:30,63.78
02/05/2024 07:45,44.29
02/05/2024 08:00,81.52
02/05/2024 08:15,59.5
02/05/2024 08:30,26.83
02/05/2024 08:45,-21.76
02/05/2024 09:00,43.45
02/05/2024 09:15,9.69
02/05/2024 09:30,-2.32
02/05/2024 09:45,-43.64
02/05/2024 10:00,29.1
02/05/2024 10:15,-19.47
02/05/2024 10:30,-17.17
02/05/2024 10:45,-31.3
02/05/2024 11:00,10.53
02/05/2024 11:15,-14.89
02/05/2024 11:30,-20.4
02/05/2024 11:45,-18.47
02/05/2024 12:00,-5.02
02/05/2024 12:15,-6.45
02/05/2024 12:30,-13.09
02/05/2024 12:45,-16.45
02/05/2024 13:00,-28.54
02/05/2024 13:15,-4.88
02/05/2024 13:30,-0.86
02/05/2024 13:45,27.69
02/05/2024 14:00,-33.67
02/05/2024 14:15,-3.81
02/05/2024 14:30,-1.87
02/05/2024 14:45,12.98
02/05/2024 15:00,-39.16
02/05/2024 15:15,4.13
02/05/2024 15:30,39.68
02/05/2024 15:45,60.31
02/05/2024 16:00,14.25
02/05/2024 16:15,36.12
02/05/2024 16:30,71.68
02/05/2024 16:45,71.81
02/05/2024 17:00,9.36
02/05/2024 17:15,55.45
02/05/2024 17:30,79.47
02/05/2024 17:45,88.07
02/05/2024 18:00,67.33
02/05/2024 18:15,80.65
02/05/2024 18:30,80.57
02/05/2024 18:45,84.45
02/05/2024 19:00,79.42
02/05/2024 19:15,75.13
02/05/2024 19:30,74.31
02/05/2024 19:45,77.75
02/05/2024 20:00,107.98
02/05/2024 20:15,97.79
02/05/2024 20:30,80.7
02/05/2024 20:45,65.74
02/05/2024 21:00,87.02
02/05/2024 21:15,85.42
02/05/2024 21:30,63.36
02/05/2024 21:45,63.49
02/05/2024 22:00,56.53
02/05/2024 22:15,50.8
02/05/2024 22:30,43.35
02/05/2024 22:45,42.53
02/05/2024 23:00,73.9
02/05/2024 23:15,65.89
02/05/2024 23:30,84.16
02/05/2024 23:45,85.36
03/05/2024 00:00,62.04
03/05/2024 00:15,69.06
03/05/2024 00:30,68.86
03/05/2024 00:45,81.34
03/05/2024 01:00,67.73
03/05/2024 01:15,59.69
03/05/2024 01:30,64.07
03/05/2024 01:45,65.59
03/05/2024 02:00,72.8
03/05/2024 02:15,75.24
03/05/2024 02:30,73.44
03/05/2024 02:45,67.84
03/05/2024 03:00,59.95
03/05/2024 03:15,67.04
03/05/2024 03:30,78.08
03/05/2024 03:45,84.02
03/05/2024 04:00,77.08
03/05/2024 04:15,86.01
03/05/2024 04:30,89.29
03/05/2024 04:45,116.09
03/05/2024 05:00,93.19
03/05/2024 05:15,125.69
03/05/2024 05:30,131.49
03/05/2024 05:45,156.97
03/05/2024 06:00,111.25
03/05/2024 06:15,114.14
03/05/2024 06:30,113.55
03/05/2024 06:45,110.58
03/05/2024 07:00,105.53
03/05/2024 07:15,90.5
03/05/2024 07:30,91.57
03/05/2024 07:45,95.61
03/05/2024 08:00,115.16
03/05/2024 08:15,114
03/05/2024 08:30,106.11
03/05/2024 08:45,74.23
03/05/2024 09:00,97.91
03/05/2024 09:15,83.25
03/05/2024 09:30,72.78
03/05/2024 09:45,84.11
03/05/2024 10:00,115.4
03/05/2024 10:15,93.92
03/05/2024 10:30,97.41
03/05/2024 10:45,103.7
03/05/2024 11:00,92.95
03/05/2024 11:15,97.75
03/05/2024 11:30,83.96
03/05/2024 11:45,79.66
03/05/2024 12:00,103.55
03/05/2024 12:15,101.5
03/05/2024 12:30,79.14
03/05/2024 12:45,78.24
03/05/2024 13:00,79.26
03/05/2024 13:15,80.65
03/05/2024 13:30,85.3
03/05/2024 13:45,96.12
03/05/2024 14:00,83
03/05/2024 14:15,93.84
03/05/2024 14:30,93.66
03/05/2024 14:45,90.18
03/05/2024 15:00,72.68
03/05/2024 15:15,85.07
03/05/2024 15:30,82.21
03/05/2024 15:45,97.5
03/05/2024 16:00,75.73
03/05/2024 16:15,85.93
03/05/2024 16:30,83.98
03/05/2024 16:45,96.64
03/05/2024 17:00,91.61
03/05/2024 17:15,97.36
03/05/2024 17:30,87.85
03/05/2024 17:45,89.11
03/05/2024 18:00,53.92
03/05/2024 18:15,67.86
03/05/2024 18:30,80.37
03/05/2024 18:45,91.02
03/05/2024 19:00,103.74
03/05/2024 19:15,98.34
03/05/2024 19:30,92.36
03/05/2024 19:45,90.24
03/05/2024 20:00,132.19
03/05/2024 20:15,103.86
03/05/2024 20:30,90.09
03/05/2024 20:45,88.62
03/05/2024 21:00,95.52
03/05/2024 21:15,86.2
03/05/2024 21:30,81.22
03/05/2024 21:45,80.84
03/05/2024 22:00,102.67
03/05/2024 22:15,95.74
03/05/2024 22:30,94.42
03/05/2024 22:45,90.73
03/05/2024 23:00,90.35
03/05/2024 23:15,92.35
03/05/2024 23:30,85.15
03/05/2024 23:45,75.26
04/05/2024 00:00,76.47
04/05/2024 00:15,72.88
04/05/2024 00:30,65.25
04/05/2024 00:45,64.39
04/05/2024 01:00,83.94
04/05/2024 01:15,70.61
04/05/2024 01:30,90.3
04/05/2024 01:45,100.37
04/05/2024 02:00,69.94
04/05/2024 02:15,72.51
04/05/2024 02:30,72.21
04/05/2024 02:45,69.6
04/05/2024 03:00,72.53
04/05/2024 03:15,81.79
04/05/2024 03:30,91.36
04/05/2024 03:45,89.88
04/05/2024 04:00,70.16
04/05/2024 04:15,82.98
04/05/2024 04:30,86.32
04/05/2024 04:45,93.24
04/05/2024 05:00,78.54
04/05/2024 05:15,89.12
04/05/2024 05:30,91.17
04/05/2024 05:45,83.83
04/05/2024 06:00,85.88
04/05/2024 06:15,86.47
04/05/2024 06:30,90.01
04/05/2024 06:45,72.07
04/05/2024 07:00,95.95
04/05/2024 07:15,103.08
04/05/2024 07:30,91.42
04/05/2024 07:45,90.08
04/05/2024 08:00,92.87
04/05/2024 08:15,69.17
04/05/2024 08:30,69.16
04/05/2024 08:45,55.41
04/05/2024 09:00,67.59
04/05/2024 09:15,72.4
04/05/2024 09:30,23.64
04/05/2024 09:45,-38.8
04/05/2024 10:00,25.32
04/05/2024 10:15,-13.05
04/05/2024 10:30,-11.8
04/05/2024 10:45,-54.81
04/05/2024 11:00,-18.51
04/05/2024 11:15,-55.73
04/05/2024 11:30,-25.77
04/05/2024 11:45,-43.04
04/05/2024 12:00,-27.43
04/05/2024 12:15,-51.87
04/05/2024 12:30,-51.5
04/05/2024 12:45,-41.35
04/05/2024 13:00,-51.73
04/05/2024 13:15,-15.47
04/05/2024 13:30,-9.8
04/05/2024 13:45,52.31
04/05/2024 14:00,-38.49
04/05/2024 14:15,40.86
04/05/2024 14:30,34.71
04/05/2024 14:45,60.57
04/05/2024 15:00,-72.19
04/05/2024 15:15,13.59
04/05/2024 15:30,50.89
04/05/2024 15:45,58.26
04/05/2024 16:00,51.97
04/05/2024 16:15,58.57
04/05/2024 16:30,78.6
04/05/2024 16:45,74.84
04/05/2024 17:00,64.42
04/05/2024 17:15,89.79
04/05/2024 17:30,91.55
04/05/2024 17:45,107.35
04/05/2024 18:00,81.74
04/05/2024 18:15,88.73
04/05/2024 18:30,130.93
04/05/2024 18:45,285.96
04/05/2024 19:00,222.9
04/05/2024 19:15,127.77
04/05/2024 19:30,111.66
04/05/2024 19:45,88.21
04/05/2024 20:00,593.64
04/05/2024 20:15,165.58
04/05/2024 20:30,147.76
04/05/2024 20:45,105.24
04/05/2024 21:00,217.32
04/05/2024 21:15,97.4
04/05/2024 21:30,78.56
04/05/2024 21:45,71.43
04/05/2024 22:00,90.6
04/05/2024 22:15,80.03
04/05/2024 22:30,76.92
04/05/2024 22:45,75.47
04/05/2024 23:00,75.39
04/05/2024 23:15,76.01
04/05/2024 23:30,77.68
04/05/2024 23:45,75.3
05/05/2024 00:00,77.57
05/05/2024 00:15,75.9
05/05/2024 00:30,80.91
05/05/2024 00:45,87.16
05/05/2024 01:00,84.53
05/05/2024 01:15,76.87
05/05/2024 01:30,70.67
05/05/2024 01:45,61.45
05/05/2024 02:00,75.33
05/05/2024 02:15,74.26
05/05/2024 02:30,72.39
05/05/2024 02:45,60.57
05/05/2024 03:00,72.79
05/05/2024 03:15,71.43
05/05/2024 03:30,72.86
05/05/2024 03:45,85.37
05/05/2024 04:00,93.2
05/05/2024 04:15,87.92
05/05/2024 04:30,76.79
05/05/2024 04:45,66.46
05/05/2024 05:00,73.79
05/05/2024 05:15,73.89
05/05/2024 05:30,56.55
05/05/2024 05:45,52.48
05/05/2024 06:00,56.67
05/05/2024 06:15,41.8
05/05/2024 06:30,20.98
05/05/2024 06:45,3.5
05/05/2024 07:00,11.53
05/05/2024 07:15,-4.7
05/05/2024 07:30,-15.72
05/05/2024 07:45,-34.46
05/05/2024 08:00,8.02
05/05/2024 08:15,-1.14
05/05/2024 08:30,-21.34
05/05/2024 08:45,-29.47
05/05/2024 09:00,35.62
05/05/2024 09:15,27.76
05/05/2024 09:30,9.12
05/05/2024 09:45,-11.75
05/05/2024 10:00,67.81
05/05/2024 10:15,39.43
05/05/2024 10:30,9.27
05/05/2024 10:45,-13.99
05/05/2024 11:00,75.99
05/05/2024 11:15,15.54
05/05/2024 11:30,9.69
05/05/2024 11:45,-35.17
05/05/2024 12:00,69.25
05/05/2024 12:15,33.35
05/05/2024 12:30,-3.03
05/05/2024 12:45,-14.76
05/05/2024 13:00,-8.32
05/05/2024 13:15,-21.16
05/05/2024 13:30,0.3
05/05/2024 13:45,18.12
05/05/2024 14:00,-23.21
05/05/2024 14:15,-6.72
05/05/2024 14:30,16.44
05/05/2024 14:45,69.28
05/05/2024 15:00,-53.79
05/05/2024 15:15,-16.45
05/05/2024 15:30,-7.8
05/05/2024 15:45,34.01
05/05/2024 16:00,-64.59
05/05/2024 16:15,-20.18
05/05/2024 16:30,34.25
05/05/2024 16:45,75.58
05/05/2024 17:00,1.87
05/05/2024 17:15,42.52
05/05/2024 17:30,68.2
05/05/2024 17:45,59.43
05/05/2024 18:00,64.8
05/05/2024 18:15,74.56
05/05/2024 18:30,90.76
05/05/2024 18:45,100.1
05/05/2024 19:00,83.03
05/05/2024 19:15,88.96
05/05/2024 19:30,90.85
05/05/2024 19:45,79.26
05/05/2024 20:00,84.98
05/05/2024 20:15,85.31
05/05/2024 20:30,89.47
05/05/2024 20:45,88.93
05/05/2024 21:00,103.42
05/05/2024 21:15,95.77
05/05/2024 21:30,94.18
05/05/2024 21:45,99.83
05/05/2024 22:00,94.37
05/05/2024 22:15,97.63
05/05/2024 22:30,90.57
05/05/2024 22:45,91.11
05/05/2024 23:00,88.79
05/05/2024 23:15,88.21
05/05/2024 23:30,77.65
05/05/2024 23:45,74.83
06/05/2024 00:00,97.07
06/05/2024 00:15,89.06
06/05/2024 00:30,89.05
06/05/2024 00:45,82.67
06/05/2024 01:00,71.77
06/05/2024 01:15,70.41
06/05/2024 01:30,70.49
06/05/2024 01:45,62.61
06/05/2024 02:00,61.68
06/05/2024 02:15,64.4
06/05/2024 02:30,64.32
06/05/2024 02:45,72.46
06/05/2024 03:00,73.48
06/05/2024 03:15,79.63
06/05/2024 03:30,76.11
06/05/2024 03:45,83.67
06/05/2024 04:00,74.49
06/05/2024 04:15,90.33
06/05/2024 04:30,101.43
06/05/2024 04:45,108.52
06/05/2024 05:00,102.64
06/05/2024 05:15,144.15
06/05/2024 05:30,224.38
06/05/2024 05:45,273.27
06/05/2024 06:00,159.97
06/05/2024 06:15,149.65
06/05/2024 06:30,132.71
06/05/2024 06:45,116.72
06/05/2024 07:00,138.73
06/05/2024 07:15,109.06
06/05/2024 07:30,100.09
06/05/2024 07:45,82.76
06/05/2024 08:00,114.05
06/05/2024 08:15,89.94
06/05/2024 08:30,74.75
06/05/2024 08:45,70.88
06/05/2024 09:00,106.34
06/05/2024 09:15,93.99
06/05/2024 09:30,90.33
06/05/2024 09:45,78.5
06/05/2024 10:00,82.79
06/05/2024 10:15,78.43
06/05/2024 10:30,74.72
06/05/2024 10:45,56.47
06/05/2024 11:00,71.96
06/05/2024 11:15,66.39
06/05/2024 11:30,68.05
06/05/2024 11:45,50.22
06/05/2024 12:00,66.53
06/05/2024 12:15,60.87
06/05/2024 12:30,72.14
06/05/2024 12:45,83.71
06/05/2024 13:00,69.32
06/05/2024 13:15,78.04
06/05/2024 13:30,83.25
06/05/2024 13:45,85.19
06/05/2024 14:00,77.63
06/05/2024 14:15,75.21
06/05/2024 14:30,79.17
06/05/2024 14:45,82.52
06/05/2024 15:00,69.66
06/05/2024 15:15,70.87
06/05/2024 15:30,77.55
06/05/2024 15:45,105.71
06/05/2024 16:00,76.35
06/05/2024 16:15,82.01
06/05/2024 16:30,97.61
06/05/2024 16:45,105.43
06/05/2024 17:00,83.88
06/05/2024 17:15,82.27
06/05/2024 17:30,90.61
06/05/2024 17:45,118.14
06/05/2024 18:00,117.37
06/05/2024 18:15,126.18
06/05/2024 18:30,130.7
06/05/2024 18:45,154.15
06/05/2024 19:00,172.41
06/05/2024 19:15,117.47
06/05/2024 19:30,97.32
06/05/2024 19:45,83.01
06/05/2024 20:00,105.77
06/05/2024 20:15,98.88
06/05/2024 20:30,86.45
06/05/2024 20:45,89.53
06/05/2024 21:00,104.74
06/05/2024 21:15,82.9
06/05/2024 21:30,78.33
06/05/2024 21:45,72.65
06/05/2024 22:00,94.05
06/05/2024 22:15,76.69
06/05/2024 22:30,70.84
06/05/2024 22:45,70.88
06/05/2024 23:00,90.97
06/05/2024 23:15,84.7
06/05/2024 23:30,81.49
06/05/2024 23:45,78
07/05/2024 00:00,73.33
07/05/2024 00:15,65.28
07/05/2024 00:30,72.14
07/05/2024 00:45,72.81
07/05/2024 01:00,71.22
07/05/2024 01:15,68.29
07/05/2024 01:30,68.23
07/05/2024 01:45,66.64
07/05/2024 02:00,63.6
07/05/2024 02:15,67.84
07/05/2024 02:30,74.85
07/05/2024 02:45,76.36
07/05/2024 03:00,71.24
07/05/2024 03:15,76.92
07/05/2024 03:30,69.47
07/05/2024 03:45,74.67
07/05/2024 04:00,71.45
07/05/2024 04:15,72.37
07/05/2024 04:30,86.26
07/05/2024 04:45,87.77
07/05/2024 05:00,82.15
07/05/2024 05:15,84.05
07/05/2024 05:30,82.86
07/05/2024 05:45,89.96
07/05/2024 06:00,96.11
07/05/2024 06:15,105.54
07/05/2024 06:30,105.22
07/05/2024 06:45,93.25
07/05/2024 07:00,110.98
07/05/2024 07:15,98.8
07/05/2024 07:30,97.48
07/05/2024 07:45,93.22
07/05/2024 08:00,123.36
07/05/2024 08:15,111.47
07/05/2024 08:30,104.15
07/05/2024 08:45,92.49
07/05/2024 09:00,142.58
07/05/2024 09:15,118.21
07/05/2024 09:30,96.85
07/05/2024 09:45,97.87
07/05/2024 10:00,83.72
07/05/2024 10:15,77.55
07/05/2024 10:30,80.53
07/05/2024 10:45,79.89
07/05/2024 11:00,89.36
07/05/2024 11:15,81.84
07/05/2024 11:30,81.06
07/05/2024 11:45,80.76
07/05/2024 12:00,92.8
07/05/2024 12:15,92.82
07/05/2024 12:30,80.63
07/05/2024 12:45,77.84
07/05/2024 13:00,81.79
07/05/2024 13:15,86.5
07/05/2024 13:30,88.3
07/05/2024 13:45,94.73
07/05/2024 14:00,105.11
07/05/2024 14:15,93.73
07/05/2024 14:30,94.79
07/05/2024 14:45,103.66
07/05/2024 15:00,93.21
07/05/2024 15:15,103.58
07/05/2024 15:30,118.87
07/05/2024 15:45,122.95
07/05/2024 16:00,86.4
07/05/2024 16:15,101.83
07/05/2024 16:30,107.5
07/05/2024 16:45,139.3
07/05/2024 17:00,107.91
07/05/2024 17:15,116.54
07/05/2024 17:30,115.25
07/05/2024 17:45,143.96
07/05/2024 18:00,140.14
07/05/2024 18:15,125.47
07/05/2024 18:30,121.44
07/05/2024 18:45,121.84
07/05/2024 19:00,192.19
07/05/2024 19:15,143.37
07/05/2024 19:30,133.82
07/05/2024 19:45,126.16
07/05/2024 20:00,136.74
07/05/2024 20:15,122.33
07/05/2024 20:30,121.62
07/05/2024 20:45,113.17
07/05/2024 21:00,130.52
07/05/2024 21:15,105.94
07/05/2024 21:30,85.9
07/05/2024 21:45,83.55
07/05/2024 22:00,101.85
07/05/2024 22:15,93.88
07/05/2024 22:30,81.65
07/05/2024 22:45,73.95
07/05/2024 23:00,95.1
07/05/2024 23:15,93.51
07/05/2024 23:30,87.91
07/05/2024 23:45,90.4
08/05/2024 00:00,87.35
08/05/2024 00:15,84.82
08/05/2024 00:30,84.17
08/05/2024 00:45,88.62
08/05/2024 01:00,86.81
08/05/2024 01:15,86.05
08/05/2024 01:30,83.81
08/05/2024 01:45,82.11
08/05/2024 02:00,81.86
08/05/2024 02:15,85.7
08/05/2024 02:30,84.97
08/05/2024 02:45,94.19
08/05/2024 03:00,88.56
08/05/2024 03:15,83.95
08/05/2024 03:30,80.58
08/05/2024 03:45,83.43
08/05/2024 04:00,79.35
08/05/2024 04:15,86.18
08/05/2024 04:30,84.67
08/05/2024 04:45,108.73
08/05/2024 05:00,94.03
08/05/2024 05:15,96.63
08/05/2024 05:30,102.52
08/05/2024 05:45,116.33
08/05/2024 06:00,87.52
08/05/2024 06:15,111.76
08/05/2024 06:30,108.12
08/05/2024 06:45,104.83
08/05/2024 07:00,119.03
08/05/2024 07:15,108.07
08/05/2024 07:30,100.39
08/05/2024 07:45,90.98
08/05/2024 08:00,106.43
08/05/2024 08:15,105.8
08/05/2024 08:30,96.77
08/05/2024 08:45,72.71
08/05/2024 09:00,88.4
08/05/2024 09:15,78.17
08/05/2024 09:30,73.91
08/05/2024 09:45,66.92
08/05/2024 10:00,85.31
08/05/2024 10:15,81.53
08/05/2024 10:30,71.67
08/05/2024 10:45,76.46
08/05/2024 11:00,93.17
08/05/2024 11:15,93.44
08/05/2024 11:30,79.03
08/05/2024 11:45,73.7
08/05/2024 12:00,86.13
08/05/2024 12:15,76.92
08/05/2024 12:30,79.38
08/05/2024 12:45,75.39
08/05/2024 13:00,74.66
08/05/2024 13:15,78.63
08/05/2024 13:30,76.44
08/05/2024 13:45,79.2
08/05/2024 14:00,70.88
08/05/2024 14:15,78.45
08/05/2024 14:30,77.14
08/05/2024 14:45,82.67
08/05/2024 15:00,65.98
08/05/2024 15:15,74.2
08/05/2024 15:30,77.18
08/05/2024 15:45,83.48
08/05/2024 16:00,65.87
08/05/2024 16:15,86.01
08/05/2024 16:30,89.15
08/05/2024 16:45,95.97
08/05/2024 17:00,64.84
08/05/2024 17:15,76.24
08/05/2024 17:30,87.42
08/05/2024 17:45,84.33
08/05/2024 18:00,79.4
08/05/2024 18:15,71.3
08/05/2024 18:30,78.02
08/05/2024 18:45,99.82
08/05/2024 19:00,117.52
08/05/2024 19:15,94.93
08/05/2024 19:30,91.71
08/05/2024 19:45,94.76
08/05/2024 20:00,188.53
08/05/2024 20:15,112.21
08/05/2024 20:30,92.31
08/05/2024 20:45,89.95
08/05/2024 21:00,101.32
08/05/2024 21:15,96.7
08/05/2024 21:30,82.57
08/05/2024 21:45,84.98
08/05/2024 22:00,95.79
08/05/2024 22:15,78.12
08/05/2024 22:30,74.58
08/05/2024 22:45,70.14
08/05/2024 23:00,106.8
08/05/2024 23:15,101.74
08/05/2024 23:30,92.91
08/05/2024 23:45,94.01
09/05/2024 00:00,78.28
09/05/2024 00:15,78.59
09/05/2024 00:30,84.91
09/05/2024 00:45,80.61
09/05/2024 01:00,86.55
09/05/2024 01:15,78.73
09/05/2024 01:30,85.36
09/05/2024 01:45,81.81
09/05/2024 02:00,85.8
09/05/2024 02:15,81.32
09/05/2024 02:30,77.94
09/05/2024 02:45,76.95
09/05/2024 03:00,83.83
09/05/2024 03:15,83.34
09/05/2024 03:30,82.79
09/05/2024 03:45,82.63
09/05/2024 04:00,89.6
09/05/2024 04:15,82.14
09/05/2024 04:30,81.32
09/05/2024 04:45,78.38
09/05/2024 05:00,97.9
09/05/2024 05:15,90.25
09/05/2024 05:30,77.47
09/05/2024 05:45,65.57
09/05/2024 06:00,97.47
09/05/2024 06:15,102.39
09/05/2024 06:30,95.39
09/05/2024 06:45,75.47
09/05/2024 07:00,100.49
09/05/2024 07:15,94.69
09/05/2024 07:30,73.8
09/05/2024 07:45,58.48
09/05/2024 08:00,88.58
09/05/2024 08:15,66.89
09/05/2024 08:30,36.55
09/05/2024 08:45,-42.26
09/05/2024 09:00,54.36
09/05/2024 09:15,1.93
09/05/2024 09:30,-15.83
09/05/2024 09:45,-86.04
09/05/2024 10:00,25.4
09/05/2024 10:15,-4.62
09/05/2024 10:30,-10.47
09/05/2024 10:45,-26.2
09/05/2024 11:00,51.27
09/05/2024 11:15,55.53
09/05/2024 11:30,61.09
09/05/2024 11:45,30.38
09/05/2024 12:00,12.75
09/05/2024 12:15,-3.7
09/05/2024 12:30,-14.24
09/05/2024 12:45,-14.86
09/05/2024 13:00,-40.39
09/05/2024 13:15,-20.55
09/05/2024 13:30,-21.15
09/05/2024 13:45,3.03
09/05/2024 14:00,-28.28
09/05/2024 14:15,0.28
09/05/2024 14:30,-16.75
09/05/2024 14:45,31.8
09/05/2024 15:00,-142.74
09/05/2024 15:15,-26.4
09/05/2024 15:30,7.45
09/05/2024 15:45,58.32
09/05/2024 16:00,-16.14
09/05/2024 16:15,63.13
09/05/2024 16:30,80.38
09/05/2024 16:45,110.11
09/05/2024 17:00,51.11
09/05/2024 17:15,61.33
09/05/2024 17:30,79.87
09/05/2024 17:45,88.47
09/05/2024 18:00,65.2
09/05/2024 18:15,76.02
09/05/2024 18:30,90.75
09/05/2024 18:45,112.13
09/05/2024 19:00,81.18
09/05/2024 19:15,91.38
09/05/2024 19:30,104.86
09/05/2024 19:45,100.11
09/05/2024 20:00,120.62
09/05/2024 20:15,106.95
09/05/2024 20:30,99.13
09/05/2024 20:45,103.3
09/05/2024 21:00,155.76
09/05/2024 21:15,143.57
09/05/2024 21:30,95.36
09/05/2024 21:45,90.69
09/05/2024 22:00,102.48
09/05/2024 22:15,93.18
09/05/2024 22:30,91.52
09/05/2024 22:45,74.11
09/05/2024 23:00,92.88
09/05/2024 23:15,86.39
09/05/2024 23:30,78.37
09/05/2024 23:45,76.47
10/05/2024 00:00,89.81
10/05/2024 00:15,81.22
10/05/2024 00:30,74.3
10/05/2024 00:45,70.45
10/05/2024 01:00,75.64
10/05/2024 01:15,74.31
10/05/2024 01:30,74.79
10/05/2024 01:45,76.92
10/05/2024 02:00,74.14
10/05/2024 02:15,73.5
10/05/2024 02:30,74.27
10/05/2024 02:45,74.86
10/05/2024 03:00,74.79
10/05/2024 03:15,76.68
10/05/2024 03:30,83.29
10/05/2024 03:45,86.73
10/05/2024 04:00,76.38
10/05/2024 04:15,77.45
10/05/2024 04:30,87.45
10/05/2024 04:45,95.05
10/05/2024 05:00,88.24
10/05/2024 05:15,93.21
10/05/2024 05:30,108.39
10/05/2024 05:45,111.37
10/05/2024 06:00,109.09
10/05/2024 06:15,92.5
10/05/2024 06:30,71.18
10/05/2024 06:45,66.33
10/05/2024 07:00,92.88
10/05/2024 07:15,91.31
10/05/2024 07:30,59
10/05/2024 07:45,59.76
10/05/2024 08:00,97.55
10/05/2024 08:15,59.87
10/05/2024 08:30,58.45
10/05/2024 08:45,41.05
10/05/2024 09:00,73.7
10/05/2024 09:15,-0.54
10/05/2024 09:30,-26.28
10/05/2024 09:45,-70.8
10/05/2024 10:00,-4.61
10/05/2024 10:15,-36.22
10/05/2024 10:30,-40.25
10/05/2024 10:45,-104.02
10/05/2024 11:00,-15.96
10/05/2024 11:15,-45.86
10/05/2024 11:30,-55.42
10/05/2024 11:45,-73.17
10/05/2024 12:00,-62.69
10/05/2024 12:15,-60.43
10/05/2024 12:30,-144.99
10/05/2024 12:45,-137.54
10/05/2024 13:00,-288.18
10/05/2024 13:15,-221.67
10/05/2024 13:30,-208.2
10/05/2024 13:45,-142.8
10/05/2024 14:00,-298.7
10/05/2024 14:15,-84.97
10/05/2024 14:30,-24.54
10/05/2024 14:45,12.84
10/05/2024 15:00,-193.31
10/05/2024 15:15,-29.27
10/05/2024 15:30,32.87
10/05/2024 15:45,60.71
10/05/2024 16:00,-25.36
10/05/2024 16:15,37.51
10/05/2024 16:30,64.11
10/05/2024 16:45,86.9
10/05/2024 17:00,59.29
10/05/2024 17:15,73.55
10/05/2024 17:30,89.94
10/05/2024 17:45,98.35
10/05/2024 18:00,68.8
10/05/2024 18:15,78.58
10/05/2024 18:30,89.48
10/05/2024 18:45,94.3
10/05/2024 19:00,97.99
10/05/2024 19:15,84.23
10/05/2024 19:30,83.49
10/05/2024 19:45,83.5
10/05/2024 20:00,158.58
10/05/2024 20:15,87.81
10/05/2024 20:30,76.75
10/05/2024 20:45,75.83
10/05/2024 21:00,102.61
10/05/2024 21:15,102.51
10/05/2024 21:30,78.67
10/05/2024 21:45,81.93
10/05/2024 22:00,93.48
10/05/2024 22:15,87.98
10/05/2024 22:30,84.72
10/05/2024 22:45,77.99
10/05/2024 23:00,95.85
10/05/2024 23:15,86.72
10/05/2024 23:30,78.18
10/05/2024 23:45,75.7
11/05/2024 00:00,112.67
11/05/2024 00:15,87.11
11/05/2024 00:30,78.8
11/05/2024 00:45,70.06
11/05/2024 01:00,100.77
11/05/2024 01:15,88.31
11/05/2024 01:30,86.13
11/05/2024 01:45,85.88
11/05/2024 02:00,75.6
11/05/2024 02:15,72.67
11/05/2024 02:30,71.14
11/05/2024 02:45,75.49
11/05/2024 03:00,77.62
11/05/2024 03:15,79.65
11/05/2024 03:30,92.49
11/05/2024 03:45,96.48
11/05/2024 04:00,74.53
11/05/2024 04:15,76.74
11/05/2024 04:30,80.4
11/05/2024 04:45,81.95
11/05/2024 05:00,96.7
11/05/2024 05:15,83.91
11/05/2024 05:30,74.91
11/05/2024 05:45,68.82
11/05/2024 06:00,109.99
11/05/2024 06:15,89.32
11/05/2024 06:30,70.09
11/05/2024 06:45,65.79
11/05/2024 07:00,94.91
11/05/2024 07:15,64.24
11/05/2024 07:30,42.11
11/05/2024 07:45,23.19
11/05/2024 08:00,85.58
11/05/2024 08:15,67.32
11/05/2024 08:30,41.89
11/05/2024 08:45,-46.87
11/05/2024 09:00,82.34
11/05/2024 09:15,46.62
11/05/2024 09:30,-28.23
11/05/2024 09:45,-101.46
11/05/2024 10:00,70.04
11/05/2024 10:15,7.57
11/05/2024 10:30,-20.83
11/05/2024 10:45,-99.42
11/05/2024 11:00,35.74
11/05/2024 11:15,-18.29
11/05/2024 11:30,-51.74
11/05/2024 11:45,-113.25
11/05/2024 12:00,-103.88
11/05/2024 12:15,-136.55
11/05/2024 12:30,-155.85
11/05/2024 12:45,-200.55
11/05/2024 13:00,-246.41
11/05/2024 13:15,-121.91
11/05/2024 13:30,-90.31
11/05/2024 13:45,-71.59
11/05/2024 14:00,-397.02
11/05/2024 14:15,-170.09
11/05/2024 14:30,-17.24
11/05/2024 14:45,0.51
11/05/2024 15:00,-154.38
11/05/2024 15:15,-0.89
11/05/2024 15:30,49.32
11/05/2024 15:45,75.34
11/05/2024 16:00,-76.47
11/05/2024 16:15,21.23
11/05/2024 16:30,32.6
11/05/2024 16:45,38.25
11/05/2024 17:00,13.67
11/05/2024 17:15,34.06
11/05/2024 17:30,69.17
11/05/2024 17:45,87.56
11/05/2024 18:00,50.14
11/05/2024 18:15,63.95
11/05/2024 18:30,84.91
11/05/2024 18:45,136.48
11/05/2024 19:00,147.02
11/05/2024 19:15,81.23
11/05/2024 19:30,83.41
11/05/2024 19:45,75.76
11/05/2024 20:00,196.09
11/05/2024 20:15,82.75
11/05/2024 20:30,68.44
11/05/2024 20:45,54.58
11/05/2024 21:00,88.8
11/05/2024 21:15,84.51
11/05/2024 21:30,64.87
11/05/2024 21:45,53.98
11/05/2024 22:00,67.21
11/05/2024 22:15,67.76
11/05/2024 22:30,57.6
11/05/2024 22:45,35.87
11/05/2024 23:00,48.09
11/05/2024 23:15,27.68
11/05/2024 23:30,21.28
11/05/2024 23:45,24.98
12/05/2024 00:00,51.79
12/05/2024 00:15,48.1
12/05/2024 00:30,52.07
12/05/2024 00:45,46.55
12/05/2024 01:00,62.01
12/05/2024 01:15,52.08
12/05/2024 01:30,49.88
12/05/2024 01:45,30.9
12/05/2024 02:00,43.63
12/05/2024 02:15,26.04
12/05/2024 02:30,22.9
12/05/2024 02:45,16.93
12/05/2024 03:00,30.75
12/05/2024 03:15,37.47
12/05/2024 03:30,39.97
12/05/2024 03:45,44.65
12/05/2024 04:00,50.12
12/05/2024 04:15,60.21
12/05/2024 04:30,56.36
12/05/2024 04:45,52.47
12/05/2024 05:00,45.9
12/05/2024 05:15,27.78
12/05/2024 05:30,26.59
12/05/2024 05:45,21.06
12/05/2024 06:00,50.48
12/05/2024 06:15,13.28
12/05/2024 06:30,12.6
12/05/2024 06:45,-25.65
12/05/2024 07:00,50.58
12/05/2024 07:15,2.1
12/05/2024 07:30,-4.9
12/05/2024 07:45,-86.78
12/05/2024 08:00,25.35
12/05/2024 08:15,-6.18
12/05/2024 08:30,-2.7
12/05/2024 08:45,-137.47
12/05/2024 09:00,45.61
12/05/2024 09:15,-13.23
12/05/2024 09:30,-150.18
12/05/2024 09:45,-362.06
12/05/2024 10:00,-126.56
12/05/2024 10:15,-325.89
12/05/2024 10:30,-332.42
12/05/2024 10:45,-561.17
12/05/2024 11:00,-295.08
12/05/2024 11:15,-366.38
12/05/2024 11:30,-631.21
12/05/2024 11:45,-1170.02
12/05/2024 12:00,-608.89
12/05/2024 12:15,-563.79
12/05/2024 12:30,-541.83
12/05/2024 12:45,-536.97
12/05/2024 13:00,-680.04
12/05/2024 13:15,-905.73
12/05/2024 13:30,-673.51
12/05/2024 13:45,-930.42
12/05/2024 14:00,-1607.11
12/05/2024 14:15,-441.45
12/05/2024 14:30,-75.06
12/05/2024 14:45,-15.64
12/05/2024 15:00,-219.88
12/05/2024 15:15,-35.22
12/05/2024 15:30,-2.35
12/05/2024 15:45,36.11
12/05/2024 16:00,-155.41
12/05/2024 16:15,-16.42
12/05/2024 16:30,31.87
12/05/2024 16:45,56.39
12/05/2024 17:00,-54.02
12/05/2024 17:15,-4.39
12/05/2024 17:30,31.77
12/05/2024 17:45,33.93
12/05/2024 18:00,26.21
12/05/2024 18:15,29.21
12/05/2024 18:30,43.97
12/05/2024 18:45,63.84
12/05/2024 19:00,60.84
12/05/2024 19:15,51.3
12/05/2024 19:30,78.46
12/05/2024 19:45,112.99
12/05/2024 20:00,222.97
12/05/2024 20:15,64.58
12/05/2024 20:30,60.08
12/05/2024 20:45,46.84
12/05/2024 21:00,78.33
12/05/2024 21:15,70.87
12/05/2024 21:30,57.14
12/05/2024 21:45,51.05
12/05/2024 22:00,64.62
12/05/2024 22:15,47.63
12/05/2024 22:30,39.46
12/05/2024 22:45,24.34
12/05/2024 23:00,42.16
12/05/2024 23:15,53.87
12/05/2024 23:30,41.2
12/05/2024 23:45,43
13/05/2024 00:00,55.89
13/05/2024 00:15,52.83
13/05/2024 00:30,46
13/05/2024 00:45,38.66
13/05/2024 01:00,40.98
13/05/2024 01:15,39.3
13/05/2024 01:30,46.64
13/05/2024 01:45,56.61
13/05/2024 02:00,45.03
13/05/2024 02:15,62.47
13/05/2024 02:30,58.95
13/05/2024 02:45,70.91
13/05/2024 03:00,48.34
13/05/2024 03:15,49
13/05/2024 03:30,52.98
13/05/2024 03:45,61.88
13/05/2024 04:00,45.75
13/05/2024 04:15,43.94
13/05/2024 04:30,67.56
13/05/2024 04:45,78.51
13/05/2024 05:00,58.19
13/05/2024 05:15,66.62
13/05/2024 05:30,88.57
13/05/2024 05:45,112.58
13/05/2024 06:00,97.71
13/05/2024 06:15,87.2
13/05/2024 06:30,78.1
13/05/2024 06:45,68.6
13/05/2024 07:00,135.67
13/05/2024 07:15,81.46
13/05/2024 07:30,111.48
13/05/2024 07:45,95.17
13/05/2024 08:00,142.43
13/05/2024 08:15,79.04
13/05/2024 08:30,38.85
13/05/2024 08:45,13.07
13/05/2024 09:00,55.52
13/05/2024 09:15,36.89
13/05/2024 09:30,13.82
13/05/2024 09:45,-1.44
13/05/2024 10:00,60.82
13/05/2024 10:15,12.2
13/05/2024 10:30,-1.23
13/05/2024 10:45,-28.11
13/05/2024 11:00,41.39
13/05/2024 11:15,14.26
13/05/2024 11:30,-6.71
13/05/2024 11:45,-13.01
13/05/2024 12:00,18.15
13/05/2024 12:15,27.83
13/05/2024 12:30,42.01
13/05/2024 12:45,42
13/05/2024 13:00,-3.35
13/05/2024 13:15,35.71
13/05/2024 13:30,54.16
13/05/2024 13:45,88.97
13/05/2024 14:00,-16.12
13/05/2024 14:15,22.2
13/05/2024 14:30,51.64
13/05/2024 14:45,74.91
13/05/2024 15:00,-33.46
13/05/2024 15:15,16.6
13/05/2024 15:30,56.35
13/05/2024 15:45,60.71
13/05/2024 16:00,36.34
13/05/2024 16:15,62.68
13/05/2024 16:30,77.48
13/05/2024 16:45,94.43
13/05/2024 17:00,63.12
13/05/2024 17:15,64.82
13/05/2024 17:30,83.57
13/05/2024 17:45,372.19
13/05/2024 18:00,68.45
13/05/2024 18:15,88.98
13/05/2024 18:30,167.11
13/05/2024 18:45,214.5
13/05/2024 19:00,286.67
13/05/2024 19:15,140.55
13/05/2024 19:30,104.85
13/05/2024 19:45,91.31
13/05/2024 20:00,241.77
13/05/2024 20:15,121.7
13/05/2024 20:30,92.44
13/05/2024 20:45,71.23
13/05/2024 21:00,103.97
13/05/2024 21:15,93.92
13/05/2024 21:30,81.7
13/05/2024 21:45,69.18
13/05/2024 22:00,88.17
13/05/2024 22:15,76.35
13/05/2024 22:30,73.9
13/05/2024 22:45,57.09
13/05/2024 23:00,74.96
13/05/2024 23:15,73.49
13/05/2024 23:30,60.87
13/05/2024 23:45,50.63
14/05/2024 00:00,59.03
14/05/2024 00:15,52.57
14/05/2024 00:30,52.99
14/05/2024 00:45,54.6
14/05/2024 01:00,69.9
14/05/2024 01:15,58.28
14/05/2024 01:30,65.87
14/05/2024 01:45,91.17
14/05/2024 02:00,82.23
14/05/2024 02:15,79.43
14/05/2024 02:30,75.76
14/05/2024 02:45,65.74
14/05/2024 03:00,67.9
14/05/2024 03:15,69.62
14/05/2024 03:30,78.56
14/05/2024 03:45,89.87
14/05/2024 04:00,80.52
14/05/2024 04:15,72.88
14/05/2024 04:30,81.43
14/05/2024 04:45,88.5
14/05/2024 05:00,99.87
14/05/2024 05:15,147.04
14/05/2024 05:30,264.23
14/05/2024 05:45,322.49
14/05/2024 06:00,213.91
14/05/2024 06:15,168.33
14/05/2024 06:30,131.36
14/05/2024 06:45,161.9
14/05/2024 07:00,143.64
14/05/2024 07:15,86.48
14/05/2024 07:30,87.03
14/05/2024 07:45,65.73
14/05/2024 08:00,175.66
14/05/2024 08:15,66.66
14/05/2024 08:30,31.01
14/05/2024 08:45,-53.8
14/05/2024 09:00,64.52
14/05/2024 09:15,24.79
14/05/2024 09:30,-3.35
14/05/2024 09:45,-14.07
14/05/2024 10:00,41.24
14/05/2024 10:15,3.21
14/05/2024 10:30,-4.26
14/05/2024 10:45,-18.35
14/05/2024 11:00,9.19
14/05/2024 11:15,5.85
14/05/2024 11:30,-4.5
14/05/2024 11:45,-16.29
14/05/2024 12:00,-4.78
14/05/2024 12:15,-5.96
14/05/2024 12:30,-6.24
14/05/2024 12:45,-7.92
14/05/2024 13:00,-18.27
14/05/2024 13:15,-8.14
14/05/2024 13:30,-0.85
14/05/2024 13:45,10.37
14/05/2024 14:00,-15.66
14/05/2024 14:15,-6.3
14/05/2024 14:30,7.68
14/05/2024 14:45,11.52
14/05/2024 15:00,-14.68
14/05/2024 15:15,-6.3
14/05/2024 15:30,7.31
14/05/2024 15:45,20.51
14/05/2024 16:00,-43.34
14/05/2024 16:15,-3.63
14/05/2024 16:30,2.55
14/05/2024 16:45,26.45
14/05/2024 17:00,-9.35
14/05/2024 17:15,25.06
14/05/2024 17:30,62.75
14/05/2024 17:45,79.64
14/05/2024 18:00,36.12
14/05/2024 18:15,58.88
14/05/2024 18:30,104.45
14/05/2024 18:45,513.67
14/05/2024 19:00,264.38
14/05/2024 19:15,105.97
14/05/2024 19:30,118.06
14/05/2024 19:45,109.89
14/05/2024 20:00,505.65
14/05/2024 20:15,262.2
14/05/2024 20:30,207.29
14/05/2024 20:45,84.7
14/05/2024 21:00,92.96
14/05/2024 21:15,84.29
14/05/2024 21:30,62.49
14/05/2024 21:45,62.56
14/05/2024 22:00,77.15
14/05/2024 22:15,75.35
14/05/2024 22:30,59.28
14/05/2024 22:45,53.48
14/05/2024 23:00,68.05
14/05/2024 23:15,60.34
14/05/2024 23:30,55.41
14/05/2024 23:45,47.08
15/05/2024 00:00,76.73
15/05/2024 00:15,75.03
15/05/2024 00:30,77.76
15/05/2024 00:45,75.31
15/05/2024 01:00,57.04
15/05/2024 01:15,51.13
15/05/2024 01:30,57.76
15/05/2024 01:45,65.83
15/05/2024 02:00,64.72
15/05/2024 02:15,71.71
15/05/2024 02:30,72.95
15/05/2024 02:45,82.77
15/05/2024 03:00,68.67
15/05/2024 03:15,69.8
15/05/2024 03:30,74.55
15/05/2024 03:45,73.64
15/05/2024 04:00,84.52
15/05/2024 04:15,83.16
15/05/2024 04:30,79
15/05/2024 04:45,77.96
15/05/2024 05:00,45.28
15/05/2024 05:15,49.95
15/05/2024 05:30,77.86
15/05/2024 05:45,70.88
15/05/2024 06:00,106.61
15/05/2024 06:15,110.01
15/05/2024 06:30,143.64
15/05/2024 06:45,150.38
15/05/2024 07:00,539.54
15/05/2024 07:15,96.66
15/05/2024 07:30,114.98
15/05/2024 07:45,82.19
15/05/2024 08:00,160.74
15/05/2024 08:15,54.26
15/05/2024 08:30,10.1
15/05/2024 08:45,-28.59
15/05/2024 09:00,43.37
15/05/2024 09:15,19.77
15/05/2024 09:30,12.09
15/05/2024 09:45,-25.4
15/05/2024 10:00,31.41
15/05/2024 10:15,16.64
15/05/2024 10:30,1.53
15/05/2024 10:45,7.26
15/05/2024 11:00,42.97
15/05/2024 11:15,38.25
15/05/2024 11:30,24.17
15/05/2024 11:45,19.76
15/05/2024 12:00,29.75
15/05/2024 12:15,18.13
15/05/2024 12:30,-0.57
15/05/2024 12:45,0.87
15/05/2024 13:00,15.2
15/05/2024 13:15,29.71
15/05/2024 13:30,32.23
15/05/2024 13:45,50.18
15/05/2024 14:00,10.51
15/05/2024 14:15,74.65
15/05/2024 14:30,79.15
15/05/2024 14:45,100.72
15/05/2024 15:00,28.62
15/05/2024 15:15,89.27
15/05/2024 15:30,124.84
15/05/2024 15:45,149.13
15/05/2024 16:00,163.98
15/05/2024 16:15,302.21
15/05/2024 16:30,371
15/05/2024 16:45,514.26
15/05/2024 17:00,51.79
15/05/2024 17:15,82.43
15/05/2024 17:30,104.13
15/05/2024 17:45,226.09
15/05/2024 18:00,118.83
15/05/2024 18:15,107.36
15/05/2024 18:30,234.23
15/05/2024 18:45,593.57
15/05/2024 19:00,375.01
15/05/2024 19:15,165.5
15/05/2024 19:30,139.05
15/05/2024 19:45,130.07
15/05/2024 20:00,228.81
15/05/2024 20:15,120.03
15/05/2024 20:30,75.69
15/05/2024 20:45,52.02
15/05/2024 21:00,96.03
15/05/2024 21:15,70.68
15/05/2024 21:30,78.92
15/05/2024 21:45,67.61
15/05/2024 22:00,94.37
15/05/2024 22:15,125.75
15/05/2024 22:30,71.86
15/05/2024 22:45,57.53
15/05/2024 23:00,90.46
15/05/2024 23:15,75.12
15/05/2024 23:30,62.78
15/05/2024 23:45,60.07
16/05/2024 00:00,80.7
16/05/2024 00:15,70.87
16/05/2024 00:30,67.64
16/05/2024 00:45,73.02
16/05/2024 01:00,79.71
16/05/2024 01:15,69.11
16/05/2024 01:30,69.6
16/05/2024 01:45,63.23
16/05/2024 02:00,57.87
16/05/2024 02:15,46.73
16/05/2024 02:30,61.65
16/05/2024 02:45,64.7
16/05/2024 03:00,55.05
16/05/2024 03:15,55.35
16/05/2024 03:30,66.95
16/05/2024 03:45,70.6
16/05/2024 04:00,57.5
16/05/2024 04:15,60.53
16/05/2024 04:30,63
16/05/2024 04:45,78.18
16/05/2024 05:00,66.27
16/05/2024 05:15,88.98
16/05/2024 05:30,100.82
16/05/2024 05:45,102.22
16/05/2024 06:00,95.14
16/05/2024 06:15,87.91
16/05/2024 06:30,77.24
16/05/2024 06:45,61.8
16/05/2024 07:00,134.63
16/05/2024 07:15,78.94
16/05/2024 07:30,65.74
16/05/2024 07:45,50.62
16/05/2024 08:00,81.82
16/05/2024 08:15,47.03
16/05/2024 08:30,33.16
16/05/2024 08:45,10.05
16/05/2024 09:00,94.39
16/05/2024 09:15,84.79
16/05/2024 09:30,51.73
16/05/2024 09:45,6.19
16/05/2024 10:00,137.99
16/05/2024 10:15,71.9
16/05/2024 10:30,61.53
16/05/2024 10:45,48.3
16/05/2024 11:00,83.52
16/05/2024 11:15,36.86
16/05/2024 11:30,55.09
16/05/2024 11:45,69.99
16/05/2024 12:00,53.59
16/05/2024 12:15,67.26
16/05/2024 12:30,76.53
16/05/2024 12:45,74.75
16/05/2024 13:00,48.91
16/05/2024 13:15,53.06
16/05/2024 13:30,53.62
16/05/2024 13:45,67.88
16/05/2024 14:00,66.57
16/05/2024 14:15,66.26
16/05/2024 14:30,75.05
16/05/2024 14:45,78.35
16/05/2024 15:00,4.18
16/05/2024 15:15,47.66
16/05/2024 15:30,76.15
16/05/2024 15:45,101.81
16/05/2024 16:00,52.31
16/05/2024 16:15,59.99
16/05/2024 16:30,69.04
16/05/2024 16:45,91.27
16/05/2024 17:00,58.84
16/05/2024 17:15,69.32
16/05/2024 17:30,74.26
16/05/2024 17:45,89.23
16/05/2024 18:00,64.61
16/05/2024 18:15,74.94
16/05/2024 18:30,88.79
16/05/2024 18:45,259.23
16/05/2024 19:00,113.94
16/05/2024 19:15,91.54
16/05/2024 19:30,90.36
16/05/2024 19:45,98.63
16/05/2024 20:00,211.7
16/05/2024 20:15,142.72
16/05/2024 20:30,84.99
16/05/2024 20:45,82.91
16/05/2024 21:00,101.39
16/05/2024 21:15,88.48
16/05/2024 21:30,95.4
16/05/2024 21:45,90.1
16/05/2024 22:00,103.29
16/05/2024 22:15,89.39
16/05/2024 22:30,81.44
16/05/2024 22:45,87.37
16/05/2024 23:00,100.84
16/05/2024 23:15,89.97
16/05/2024 23:30,85.19
16/05/2024 23:45,87.86
17/05/2024 00:00,89.22
17/05/2024 00:15,84.42
17/05/2024 00:30,89.67
17/05/2024 00:45,76.95
17/05/2024 01:00,81.48
17/05/2024 01:15,64.04
17/05/2024 01:30,65.9
17/05/2024 01:45,54.4
17/05/2024 02:00,70.98
17/05/2024 02:15,63.49
17/05/2024 02:30,60.91
17/05/2024 02:45,55.78
17/05/2024 03:00,51.91
17/05/2024 03:15,47.54
17/05/2024 03:30,59.82
17/05/2024 03:45,48.18
17/05/2024 04:00,35.84
17/05/2024 04:15,49.49
17/05/2024 04:30,63.23
17/05/2024 04:45,77.43
17/05/2024 05:00,56.5
17/05/2024 05:15,76.83
17/05/2024 05:30,90.48
17/05/2024 05:45,91.99
17/05/2024 06:00,77.33
17/05/2024 06:15,81.98
17/05/2024 06:30,89.06
17/05/2024 06:45,73.79
17/05/2024 07:00,117.73
17/05/2024 07:15,74.55
17/05/2024 07:30,61.43
17/05/2024 07:45,60.55
17/05/2024 08:00,75.74
17/05/2024 08:15,55.67
17/05/2024 08:30,32.81
17/05/2024 08:45,20.62
17/05/2024 09:00,82.49
17/05/2024 09:15,67.93
17/05/2024 09:30,52.05
17/05/2024 09:45,12.86
17/05/2024 10:00,37.65
17/05/2024 10:15,19.56
17/05/2024 10:30,29.11
17/05/2024 10:45,20.4
17/05/2024 11:00,59.22
17/05/2024 11:15,47.06
17/05/2024 11:30,50.48
17/05/2024 11:45,102.06
17/05/2024 12:00,138.29
17/05/2024 12:15,101.85
17/05/2024 12:30,84.03
17/05/2024 12:45,71.96
17/05/2024 13:00,72.74
17/05/2024 13:15,72.91
17/05/2024 13:30,75.02
17/05/2024 13:45,99.08
17/05/2024 14:00,75.59
17/05/2024 14:15,72.22
17/05/2024 14:30,76.76
17/05/2024 14:45,85.29
17/05/2024 15:00,73.76
17/05/2024 15:15,82.21
17/05/2024 15:30,75.45
17/05/2024 15:45,79.33
17/05/2024 16:00,69.09
17/05/2024 16:15,79.47
17/05/2024 16:30,101.7
17/05/2024 16:45,110.64
17/05/2024 17:00,65.3
17/05/2024 17:15,65.39
17/05/2024 17:30,68.98
17/05/2024 17:45,83.69
17/05/2024 18:00,64.93
17/05/2024 18:15,80.46
17/05/2024 18:30,86.33
17/05/2024 18:45,90.9
17/05/2024 19:00,96.45
17/05/2024 19:15,97.2
17/05/2024 19:30,94.08
17/05/2024 19:45,106.15
17/05/2024 20:00,154.16
17/05/2024 20:15,149.99
17/05/2024 20:30,129.2
17/05/2024 20:45,109.2
17/05/2024 21:00,93.83
17/05/2024 21:15,78.76
17/05/2024 21:30,78.49
17/05/2024 21:45,70.21
17/05/2024 22:00,86.05
17/05/2024 22:15,77.69
17/05/2024 22:30,80.28
17/05/2024 22:45,80.4
17/05/2024 23:00,133.47
17/05/2024 23:15,123.38
17/05/2024 23:30,98.34
17/05/2024 23:45,103.83
18/05/2024 00:00,118.37
18/05/2024 00:15,111.2
18/05/2024 00:30,114.58
18/05/2024 00:45,127.28
18/05/2024 01:00,97.75
18/05/2024 01:15,84.19
18/05/2024 01:30,94.4
18/05/2024 01:45,107.16
18/05/2024 02:00,88.05
18/05/2024 02:15,82.5
18/05/2024 02:30,96.85
18/05/2024 02:45,103
18/05/2024 03:00,80.18
18/05/2024 03:15,97.33
18/05/2024 03:30,86.34
18/05/2024 03:45,107.4
18/05/2024 04:00,84.06
18/05/2024 04:15,81.19
18/05/2024 04:30,86.21
18/05/2024 04:45,105.97
18/05/2024 05:00,92.39
18/05/2024 05:15,93.46
18/05/2024 05:30,78.59
18/05/2024 05:45,93.91
18/05/2024 06:00,106.55
18/05/2024 06:15,89.88
18/05/2024 06:30,82.21
18/05/2024 06:45,94.82
18/05/2024 07:00,139.74
18/05/2024 07:15,146.53
18/05/2024 07:30,117.59
18/05/2024 07:45,92.1
18/05/2024 08:00,134.64
18/05/2024 08:15,74.78
18/05/2024 08:30,51.51
18/05/2024 08:45,33.44
18/05/2024 09:00,87.02
18/05/2024 09:15,83.1
18/05/2024 09:30,64.16
18/05/2024 09:45,17.81
18/05/2024 10:00,47.8
18/05/2024 10:15,34.45
18/05/2024 10:30,-4.25
18/05/2024 10:45,-37.24
18/05/2024 11:00,60.79
18/05/2024 11:15,30.79
18/05/2024 11:30,11.62
18/05/2024 11:45,-8.9
18/05/2024 12:00,52.16
18/05/2024 12:15,53.86
18/05/2024 12:30,71.95
18/05/2024 12:45,61.28
18/05/2024 13:00,52.38
18/05/2024 13:15,64.37
18/05/2024 13:30,62.98
18/05/2024 13:45,79.06
18/05/2024 14:00,5.14
18/05/2024 14:15,55.61
18/05/2024 14:30,81.78
18/05/2024 14:45,87.63
18/05/2024 15:00,33.93
18/05/2024 15:15,74.11
18/05/2024 15:30,74.19
18/05/2024 15:45,78.55
18/05/2024 16:00,64.67
18/05/2024 16:15,76.81
18/05/2024 16:30,77.68
18/05/2024 16:45,69.56
18/05/2024 17:00,54.59
18/05/2024 17:15,79.82
18/05/2024 17:30,92.23
18/05/2024 17:45,104.83
18/05/2024 18:00,78.94
18/05/2024 18:15,92.11
18/05/2024 18:30,90.44
18/05/2024 18:45,116.31
18/05/2024 19:00,224.63
18/05/2024 19:15,296.36
18/05/2024 19:30,222.39
18/05/2024 19:45,299.08
18/05/2024 20:00,138.3
18/05/2024 20:15,93.3
18/05/2024 20:30,84.18
18/05/2024 20:45,87.92
18/05/2024 21:00,100.24
18/05/2024 21:15,86.31
18/05/2024 21:30,90.04
18/05/2024 21:45,80.32
18/05/2024 22:00,105.88
18/05/2024 22:15,98.4
18/05/2024 22:30,93.45
18/05/2024 22:45,95.36
18/05/2024 23:00,118.03
18/05/2024 23:15,108.88
18/05/2024 23:30,100.76
18/05/2024 23:45,99.68
19/05/2024 00:00,101.59
19/05/2024 00:15,91.22
19/05/2024 00:30,81.86
19/05/2024 00:45,72.45
19/05/2024 01:00,107.46
19/05/2024 01:15,99.76
19/05/2024 01:30,72.96
19/05/2024 01:45,73.36
19/05/2024 02:00,88.15
19/05/2024 02:15,87.17
19/05/2024 02:30,92.32
19/05/2024 02:45,92.22
19/05/2024 03:00,90.72
19/05/2024 03:15,93.89
19/05/2024 03:30,89.1
19/05/2024 03:45,97.5
19/05/2024 04:00,101.73
19/05/2024 04:15,99.45
19/05/2024 04:30,86.87
19/05/2024 04:45,86.73
19/05/2024 05:00,104.85
19/05/2024 05:15,81.81
19/05/2024 05:30,66.38
19/05/2024 05:45,72.18
19/05/2024 06:00,91.25
19/05/2024 06:15,81.78
19/05/2024 06:30,68.24
19/05/2024 06:45,64.31
19/05/2024 07:00,74.41
19/05/2024 07:15,75.84
19/05/2024 07:30,57.9
19/05/2024 07:45,27.32
19/05/2024 08:00,65.82
19/05/2024 08:15,59.76
19/05/2024 08:30,24.88
19/05/2024 08:45,8.08
19/05/2024 09:00,62.29
19/05/2024 09:15,44.05
19/05/2024 09:30,64.01
19/05/2024 09:45,65.51
19/05/2024 10:00,60.19
19/05/2024 10:15,41.51
19/05/2024 10:30,47.82
19/05/2024 10:45,0.61
19/05/2024 11:00,22.99
19/05/2024 11:15,1.85
19/05/2024 11:30,-3.99
19/05/2024 11:45,-14.42
19/05/2024 12:00,33.81
19/05/2024 12:15,-1.18
19/05/2024 12:30,-3.7
19/05/2024 12:45,-14.36
19/05/2024 13:00,-21.28
19/05/2024 13:15,-15.38
19/05/2024 13:30,-10.37
19/05/2024 13:45,-5.69
19/05/2024 14:00,-27.86
19/05/2024 14:15,-6.93
19/05/2024 14:30,1.53
19/05/2024 14:45,35.68
19/05/2024 15:00,-26.36
19/05/2024 15:15,8.13
19/05/2024 15:30,12.07
19/05/2024 15:45,57.78
19/05/2024 16:00,-59.23
19/05/2024 16:15,-2.79
19/05/2024 16:30,12.44
19/05/2024 16:45,46.31
19/05/2024 17:00,25.06
19/05/2024 17:15,55.5
19/05/2024 17:30,79.82
19/05/2024 17:45,95.07
19/05/2024 18:00,80.78
19/05/2024 18:15,97.2
19/05/2024 18:30,100.68
19/05/2024 18:45,112.8
19/05/2024 19:00,81.27
19/05/2024 19:15,77.21
19/05/2024 19:30,97.78
19/05/2024 19:45,123.85
19/05/2024 20:00,178.79
19/05/2024 20:15,110.18
19/05/2024 20:30,97.2
19/05/2024 20:45,97.78
19/05/2024 21:00,139.39
19/05/2024 21:15,120.81
19/05/2024 21:30,98.26
19/05/2024 21:45,92.94
19/05/2024 22:00,108.91
19/05/2024 22:15,101.9
19/05/2024 22:30,89.51
19/05/2024 22:45,99.85
19/05/2024 23:00,111.86
19/05/2024 23:15,111.67
19/05/2024 23:30,99.99
19/05/2024 23:45,99.95
20/05/2024 00:00,115.35
20/05/2024 00:15,107.24
20/05/2024 00:30,108.35
20/05/2024 00:45,90.88
20/05/2024 01:00,118.68
20/05/2024 01:15,117.42
20/05/2024 01:30,104.8
20/05/2024 01:45,88.04
20/05/2024 02:00,88.89
20/05/2024 02:15,76.55
20/05/2024 02:30,86.81
20/05/2024 02:45,89.04
20/05/2024 03:00,89.69
20/05/2024 03:15,109.62
20/05/2024 03:30,117.71
20/05/2024 03:45,115.84
20/05/2024 04:00,141.64
20/05/2024 04:15,117.51
20/05/2024 04:30,114.91
20/05/2024 04:45,115.03
20/05/2024 05:00,143.8
20/05/2024 05:15,121.29
20/05/2024 05:30,93.76
20/05/2024 05:45,87.87
20/05/2024 06:00,124.72
20/05/2024 06:15,95.99
20/05/2024 06:30,79.11
20/05/2024 06:45,70.45
20/05/2024 07:00,111.36
20/05/2024 07:15,87.79
20/05/2024 07:30,57.73
20/05/2024 07:45,51.34
20/05/2024 08:00,66.15
20/05/2024 08:15,58.9
20/05/2024 08:30,19.39
20/05/2024 08:45,4.97
20/05/2024 09:00,53.22
20/05/2024 09:15,40.36
20/05/2024 09:30,42.54
20/05/2024 09:45,-6.32
20/05/2024 10:00,49.09
20/05/2024 10:15,17.28
20/05/2024 10:30,25.67
20/05/2024 10:45,-30.23
20/05/2024 11:00,52.14
20/05/2024 11:15,5.25
20/05/2024 11:30,14.41
20/05/2024 11:45,1.4
20/05/2024 12:00,20.85
20/05/2024 12:15,19.45
20/05/2024 12:30,15.37
20/05/2024 12:45,-7.7
20/05/2024 13:00,-3.4
20/05/2024 13:15,-12.38
20/05/2024 13:30,-4.69
20/05/2024 13:45,13.2
20/05/2024 14:00,-1.15
20/05/2024 14:15,46.26
20/05/2024 14:30,53.94
20/05/2024 14:45,88.44
20/05/2024 15:00,-3.34
20/05/2024 15:15,61.92
20/05/2024 15:30,75.67
20/05/2024 15:45,70.4
20/05/2024 16:00,31.07
20/05/2024 16:15,58.67
20/05/2024 16:30,75.74
20/05/2024 16:45,75.17
20/05/2024 17:00,69.25
20/05/2024 17:15,72.1
20/05/2024 17:30,87.55
20/05/2024 17:45,98.83
20/05/2024 18:00,99.5
20/05/2024 18:15,129.55
20/05/2024 18:30,131.68
20/05/2024 18:45,328.17
20/05/2024 19:00,125.59
20/05/2024 19:15,118.53
20/05/2024 19:30,97.53
20/05/2024 19:45,93.44
20/05/2024 20:00,252.95
20/05/2024 20:15,108.98
20/05/2024 20:30,82.78
20/05/2024 20:45,103.07
20/05/2024 21:00,570.02
20/05/2024 21:15,332.66
20/05/2024 21:30,137.42
20/05/2024 21:45,91.89
20/05/2024 22:00,92.07
20/05/2024 22:15,67.6
20/05/2024 22:30,60.89
20/05/2024 22:45,65.48
20/05/2024 23:00,88.32
20/05/2024 23:15,73.92
20/05/2024 23:30,69.38
20/05/2024 23:45,61.52
21/05/2024 00:00,72.66
21/05/2024 00:15,68.75
21/05/2024 00:30,64.58
21/05/2024 00:45,63.64
21/05/2024 01:00,60.26
21/05/2024 01:15,62.47
21/05/2024 01:30,69.05
21/05/2024 01:45,73.53
21/05/2024 02:00,70.56
21/05/2024 02:15,69.03
21/05/2024 02:30,73.29
21/05/2024 02:45,75.15
21/05/2024 03:00,69.37
21/05/2024 03:15,66.87
21/05/2024 03:30,62.32
21/05/2024 03:45,63.57
21/05/2024 04:00,55.61
21/05/2024 04:15,56.04
21/05/2024 04:30,63.01
21/05/2024 04:45,75.51
21/05/2024 05:00,67.62
21/05/2024 05:15,93.63
21/05/2024 05:30,98.15
21/05/2024 05:45,106.73
21/05/2024 06:00,103.61
21/05/2024 06:15,103.79
21/05/2024 06:30,109.16
21/05/2024 06:45,110.07
21/05/2024 07:00,177.77
21/05/2024 07:15,174.24
21/05/2024 07:30,131.22
21/05/2024 07:45,121.29
21/05/2024 08:00,163.91
21/05/2024 08:15,105.4
21/05/2024 08:30,81.87
21/05/2024 08:45,61.29
21/05/2024 09:00,182.9
21/05/2024 09:15,92.57
21/05/2024 09:30,78.57
21/05/2024 09:45,55.13
21/05/2024 10:00,68.01
21/05/2024 10:15,61.39
21/05/2024 10:30,35.27
21/05/2024 10:45,-16.18
21/05/2024 11:00,61.78
21/05/2024 11:15,27.95
21/05/2024 11:30,46.68
21/05/2024 11:45,75.73
21/05/2024 12:00,65.05
21/05/2024 12:15,65.63
21/05/2024 12:30,77.68
21/05/2024 12:45,114.23
21/05/2024 13:00,97.9
21/05/2024 13:15,111.53
21/05/2024 13:30,110.83
21/05/2024 13:45,112.14
21/05/2024 14:00,55.95
21/05/2024 14:15,64.68
21/05/2024 14:30,70.49
21/05/2024 14:45,76.37
21/05/2024 15:00,43.45
21/05/2024 15:15,85.78
21/05/2024 15:30,77.17
21/05/2024 15:45,65.84
21/05/2024 16:00,54.4
21/05/2024 16:15,79.38
21/05/2024 16:30,97.7
21/05/2024 16:45,115.35
21/05/2024 17:00,91.99
21/05/2024 17:15,99.93
21/05/2024 17:30,98.29
21/05/2024 17:45,110.53
21/05/2024 18:00,87.39
21/05/2024 18:15,88.27
21/05/2024 18:30,86.06
21/05/2024 18:45,86.5
21/05/2024 19:00,90.39
21/05/2024 19:15,88.31
21/05/2024 19:30,89.23
21/05/2024 19:45,82.48
21/05/2024 20:00,100.29
21/05/2024 20:15,99.97
21/05/2024 20:30,93.03
21/05/2024 20:45,79.43
21/05/2024 21:00,101.98
21/05/2024 21:15,96.91
21/05/2024 21:30,95.76
21/05/2024 21:45,93.54
21/05/2024 22:00,108.84
21/05/2024 22:15,93.24
21/05/2024 22:30,74.49
21/05/2024 22:45,62.82
21/05/2024 23:00,78.19
21/05/2024 23:15,80.27
21/05/2024 23:30,83.19
21/05/2024 23:45,75.45
22/05/2024 00:00,79.62
22/05/2024 00:15,71.02
22/05/2024 00:30,64.3
22/05/2024 00:45,67.48
22/05/2024 01:00,76.66
22/05/2024 01:15,76.92
22/05/2024 01:30,69.86
22/05/2024 01:45,52.21
22/05/2024 02:00,72.76
22/05/2024 02:15,65.98
22/05/2024 02:30,67.97
22/05/2024 02:45,60.17
22/05/2024 03:00,46.93
22/05/2024 03:15,54.87
22/05/2024 03:30,70.32
22/05/2024 03:45,73
22/05/2024 04:00,56.78
22/05/2024 04:15,52.42
22/05/2024 04:30,73.8
22/05/2024 04:45,88.17
22/05/2024 05:00,69.49
22/05/2024 05:15,82.49
22/05/2024 05:30,83.07
22/05/2024 05:45,84.87
22/05/2024 06:00,79.3
22/05/2024 06:15,81.29
22/05/2024 06:30,88.39
22/05/2024 06:45,95.93
22/05/2024 07:00,121.14
22/05/2024 07:15,93.73
22/05/2024 07:30,88.65
22/05/2024 07:45,77.32
22/05/2024 08:00,101.47
22/05/2024 08:15,99.04
22/05/2024 08:30,96.05
22/05/2024 08:45,99.35
22/05/2024 09:00,99.71
22/05/2024 09:15,85.35
22/05/2024 09:30,71.25
22/05/2024 09:45,77.13
22/05/2024 10:00,98.53
22/05/2024 10:15,91.24
22/05/2024 10:30,94.82
22/05/2024 10:45,94.05
22/05/2024 11:00,85.86
22/05/2024 11:15,85.28
22/05/2024 11:30,86.13
22/05/2024 11:45,100.39
22/05/2024 12:00,99.7
22/05/2024 12:15,101.19
22/05/2024 12:30,74.49
22/05/2024 12:45,41.66
22/05/2024 13:00,49.07
22/05/2024 13:15,43.57
22/05/2024 13:30,64.82
22/05/2024 13:45,74.93
22/05/2024 14:00,50.83
22/05/2024 14:15,45.53
22/05/2024 14:30,76.43
22/05/2024 14:45,73.19
22/05/2024 15:00,51.58
22/05/2024 15:15,46.33
22/05/2024 15:30,49.46
22/05/2024 15:45,60.47
22/05/2024 16:00,23.31
22/05/2024 16:15,60.77
22/05/2024 16:30,75.48
22/05/2024 16:45,79.19
22/05/2024 17:00,39.56
22/05/2024 17:15,60.17
22/05/2024 17:30,65.31
22/05/2024 17:45,85.61
22/05/2024 18:00,64.19
22/05/2024 18:15,95.51
22/05/2024 18:30,110.55
22/05/2024 18:45,149.48
22/05/2024 19:00,119.06
22/05/2024 19:15,102.69
22/05/2024 19:30,96.92
22/05/2024 19:45,102.95
22/05/2024 20:00,115.31
22/05/2024 20:15,105.77
22/05/2024 20:30,114.32
22/05/2024 20:45,111.67
22/05/2024 21:00,170.79
22/05/2024 21:15,128.28
22/05/2024 21:30,97.5
22/05/2024 21:45,92.57
22/05/2024 22:00,126.03
22/05/2024 22:15,95.37
22/05/2024 22:30,81.94
22/05/2024 22:45,81.5
22/05/2024 23:00,103.85
22/05/2024 23:15,93.12
22/05/2024 23:30,84.42
22/05/2024 23:45,83.43
23/05/2024 00:00,98.75
23/05/2024 00:15,88.2
23/05/2024 00:30,79.81
23/05/2024 00:45,64.44
23/05/2024 01:00,83.13
23/05/2024 01:15,75.42
23/05/2024 01:30,76.61
23/05/2024 01:45,76.51
23/05/2024 02:00,83.2
23/05/2024 02:15,89.47
23/05/2024 02:30,87.83
23/05/2024 02:45,76.98
23/05/2024 03:00,71.9
23/05/2024 03:15,69.01
23/05/2024 03:30,71.95
23/05/2024 03:45,76.69
23/05/2024 04:00,78.86
23/05/2024 04:15,81.83
23/05/2024 04:30,92.73
23/05/2024 04:45,93
23/05/2024 05:00,87.2
23/05/2024 05:15,86.92
23/05/2024 05:30,89.66
23/05/2024 05:45,97.12
23/05/2024 06:00,244.74
23/05/2024 06:15,130
23/05/2024 06:30,99.08
23/05/2024 06:45,94.94
23/05/2024 07:00,100.19
23/05/2024 07:15,97.28
23/05/2024 07:30,88.8
23/05/2024 07:45,80.2
23/05/2024 08:00,102.69
23/05/2024 08:15,88.78
23/05/2024 08:30,69.36
23/05/2024 08:45,62.23
23/05/2024 09:00,78.02
23/05/2024 09:15,77.98
23/05/2024 09:30,69.41
23/05/2024 09:45,53.69
23/05/2024 10:00,69.25
23/05/2024 10:15,59.31
23/05/2024 10:30,9.31
23/05/2024 10:45,-11.53
23/05/2024 11:00,64.93
23/05/2024 11:15,40.63
23/05/2024 11:30,71.1
23/05/2024 11:45,84.46
23/05/2024 12:00,79.41
23/05/2024 12:15,76.44
23/05/2024 12:30,66.35
23/05/2024 12:45,110.72
23/05/2024 13:00,69.02
23/05/2024 13:15,69.14
23/05/2024 13:30,69.86
23/05/2024 13:45,80.25
23/05/2024 14:00,70.22
23/05/2024 14:15,83.76
23/05/2024 14:30,89.53
23/05/2024 14:45,87.61
23/05/2024 15:00,64.73
23/05/2024 15:15,83.1
23/05/2024 15:30,93.44
23/05/2024 15:45,89.08
23/05/2024 16:00,63.46
23/05/2024 16:15,78.05
23/05/2024 16:30,93.24
23/05/2024 16:45,110.1
23/05/2024 17:00,72.26
23/05/2024 17:15,82.71
23/05/2024 17:30,97.67
23/05/2024 17:45,119.99
23/05/2024 18:00,72.58
23/05/2024 18:15,95.52
23/05/2024 18:30,118.01
23/05/2024 18:45,154.36
23/05/2024 19:00,108.4
23/05/2024 19:15,117.45
23/05/2024 19:30,154.19
23/05/2024 19:45,187.63
23/05/2024 20:00,318.65
23/05/2024 20:15,192.54
23/05/2024 20:30,130.56
23/05/2024 20:45,100.6
23/05/2024 21:00,149.59
23/05/2024 21:15,127.22
23/05/2024 21:30,106.31
23/05/2024 21:45,93.09
23/05/2024 22:00,122.85
23/05/2024 22:15,120.26
23/05/2024 22:30,102.02
23/05/2024 22:45,92.5
23/05/2024 23:00,122.29
23/05/2024 23:15,117.8
23/05/2024 23:30,102.51
23/05/2024 23:45,95.98
24/05/2024 00:00,90
24/05/2024 00:15,97.49
24/05/2024 00:30,89.3
24/05/2024 00:45,85.41
24/05/2024 01:00,86.96
24/05/2024 01:15,86.79
24/05/2024 01:30,90.45
24/05/2024 01:45,98.58
24/05/2024 02:00,83.53
24/05/2024 02:15,81.61
24/05/2024 02:30,82.88
24/05/2024 02:45,82.56
24/05/2024 03:00,80.23
24/05/2024 03:15,83.01
24/05/2024 03:30,90.73
24/05/2024 03:45,95.45
24/05/2024 04:00,94.55
24/05/2024 04:15,102.65
24/05/2024 04:30,108.21
24/05/2024 04:45,111.85
24/05/2024 05:00,90.65
24/05/2024 05:15,101.15
24/05/2024 05:30,103.81
24/05/2024 05:45,98.41
24/05/2024 06:00,98.82
24/05/2024 06:15,103.73
24/05/2024 06:30,97.6
24/05/2024 06:45,88.79
24/05/2024 07:00,111.89
24/05/2024 07:15,105.42
24/05/2024 07:30,99.58
24/05/2024 07:45,96.97
24/05/2024 08:00,119.12
24/05/2024 08:15,111.32
24/05/2024 08:30,91.49
24/05/2024 08:45,80.99
24/05/2024 09:00,92.82
24/05/2024 09:15,81.1
24/05/2024 09:30,89.84
24/05/2024 09:45,85.19
24/05/2024 10:00,89.4
24/05/2024 10:15,84.74
24/05/2024 10:30,85.48
24/05/2024 10:45,79.35
24/05/2024 11:00,90.3
24/05/2024 11:15,99.59
24/05/2024 11:30,96.1
24/05/2024 11:45,90.39
24/05/2024 12:00,107.2
24/05/2024 12:15,92
24/05/2024 12:30,87.42
24/05/2024 12:45,82.21
24/05/2024 13:00,80.11
24/05/2024 13:15,81.97
24/05/2024 13:30,79.74
24/05/2024 13:45,73.48
24/05/2024 14:00,78.58
24/05/2024 14:15,79.24
24/05/2024 14:30,87.06
24/05/2024 14:45,83.15
24/05/2024 15:00,47.17
24/05/2024 15:15,67.57
24/05/2024 15:30,73.23
24/05/2024 15:45,89.32
24/05/2024 16:00,77
24/05/2024 16:15,80.92
24/05/2024 16:30,95.08
24/05/2024 16:45,107.3
24/05/2024 17:00,82.23
24/05/2024 17:15,94.18
24/05/2024 17:30,97.66
24/05/2024 17:45,101.99
24/05/2024 18:00,87.3
24/05/2024 18:15,89.91
24/05/2024 18:30,98.65
24/05/2024 18:45,106.43
24/05/2024 19:00,106.12
24/05/2024 19:15,97.8
24/05/2024 19:30,104.43
24/05/2024 19:45,109.62
24/05/2024 20:00,143.96
24/05/2024 20:15,142.97
24/05/2024 20:30,143.7
24/05/2024 20:45,143.25
24/05/2024 21:00,183.3
24/05/2024 21:15,187.23
24/05/2024 21:30,226.53
24/05/2024 21:45,215.35
24/05/2024 22:00,230.11
24/05/2024 22:15,150.51
24/05/2024 22:30,120.04
24/05/2024 22:45,126.29
24/05/2024 23:00,110.43
24/05/2024 23:15,93.91
24/05/2024 23:30,81.91
24/05/2024 23:45,85.45
25/05/2024 00:00,96.09
25/05/2024 00:15,112.11
25/05/2024 00:30,124.92
25/05/2024 00:45,118.98
25/05/2024 01:00,110.66
25/05/2024 01:15,103.4
25/05/2024 01:30,107.13
25/05/2024 01:45,86.72
25/05/2024 02:00,106.64
25/05/2024 02:15,99.37
25/05/2024 02:30,95.5
25/05/2024 02:45,98.81
25/05/2024 03:00,117.45
25/05/2024 03:15,104.94
25/05/2024 03:30,102.96
25/05/2024 03:45,100.2
25/05/2024 04:00,115.66
25/05/2024 04:15,94.34
25/05/2024 04:30,91.2
25/05/2024 04:45,100.94
25/05/2024 05:00,77.62
25/05/2024 05:15,79.7
25/05/2024 05:30,74.58
25/05/2024 05:45,68.46
25/05/2024 06:00,84.43
25/05/2024 06:15,80.72
25/05/2024 06:30,95.57
25/05/2024 06:45,94.98
25/05/2024 07:00,127.33
25/05/2024 07:15,89.68
25/05/2024 07:30,78.96
25/05/2024 07:45,81.52
25/05/2024 08:00,98.91
25/05/2024 08:15,83.47
25/05/2024 08:30,70.56
25/05/2024 08:45,66.76
25/05/2024 09:00,75.9
25/05/2024 09:15,67.18
25/05/2024 09:30,63.77
25/05/2024 09:45,60.61
25/05/2024 10:00,76.33
25/05/2024 10:15,59.1
25/05/2024 10:30,20.57
25/05/2024 10:45,-31.88
25/05/2024 11:00,37.13
25/05/2024 11:15,-3.37
25/05/2024 11:30,30.84
25/05/2024 11:45,-10.49
25/05/2024 12:00,9.84
25/05/2024 12:15,-0.14
25/05/2024 12:30,13.08
25/05/2024 12:45,-9.96
25/05/2024 13:00,39.83
25/05/2024 13:15,6.25
25/05/2024 13:30,-18.78
25/05/2024 13:45,11.73
25/05/2024 14:00,-31.81
25/05/2024 14:15,-17.32
25/05/2024 14:30,38.39
25/05/2024 14:45,70.07
25/05/2024 15:00,-19.93
25/05/2024 15:15,11.31
25/05/2024 15:30,70.2
25/05/2024 15:45,77.48
25/05/2024 16:00,50.39
25/05/2024 16:15,65.99
25/05/2024 16:30,66.87
25/05/2024 16:45,71.33
25/05/2024 17:00,69.54
25/05/2024 17:15,70.46
25/05/2024 17:30,84.73
25/05/2024 17:45,91
25/05/2024 18:00,76.17
25/05/2024 18:15,87.05
25/05/2024 18:30,92.26
25/05/2024 18:45,98.16
25/05/2024 19:00,93.68
25/05/2024 19:15,92.38
25/05/2024 19:30,105
25/05/2024 19:45,124.45
25/05/2024 20:00,114.44
25/05/2024 20:15,90
25/05/2024 20:30,90.07
25/05/2024 20:45,85.22
25/05/2024 21:00,115.98
25/05/2024 21:15,106.16
25/05/2024 21:30,91.05
25/05/2024 21:45,85.93
25/05/2024 22:00,93.24
25/05/2024 22:15,85.55
25/05/2024 22:30,88.51
25/05/2024 22:45,83.41
25/05/2024 23:00,107.93
25/05/2024 23:15,109.21
25/05/2024 23:30,84.69
25/05/2024 23:45,79.55
26/05/2024 00:00,90.3
26/05/2024 00:15,85.05
26/05/2024 00:30,92.04
26/05/2024 00:45,103.32
26/05/2024 01:00,102.28
26/05/2024 01:15,97.6
26/05/2024 01:30,83.97
26/05/2024 01:45,84.85
26/05/2024 02:00,86.13
26/05/2024 02:15,80.59
26/05/2024 02:30,82.17
26/05/2024 02:45,85.13
26/05/2024 03:00,68.78
26/05/2024 03:15,61.83
26/05/2024 03:30,70.7
26/05/2024 03:45,68.55
26/05/2024 04:00,65.53
26/05/2024 04:15,69.38
26/05/2024 04:30,71.13
26/05/2024 04:45,69.26
26/05/2024 05:00,65.32
26/05/2024 05:15,53.88
26/05/2024 05:30,52.66
26/05/2024 05:45,49.49
26/05/2024 06:00,70.25
26/05/2024 06:15,64.21
26/05/2024 06:30,16.31
26/05/2024 06:45,-15.06
26/05/2024 07:00,18.04
26/05/2024 07:15,-25.47
26/05/2024 07:30,-38.06
26/05/2024 07:45,-100.37
26/05/2024 08:00,-4.97
26/05/2024 08:15,-22.64
26/05/2024 08:30,-14.66
26/05/2024 08:45,-50.05
26/05/2024 09:00,6.22
26/05/2024 09:15,-3.4
26/05/2024 09:30,-3.53
26/05/2024 09:45,-38.46
26/05/2024 10:00,0.95
26/05/2024 10:15,3.35
26/05/2024 10:30,0.03
26/05/2024 10:45,-16.36
26/05/2024 11:00,-0.19
26/05/2024 11:15,-0.69
26/05/2024 11:30,7.55
26/05/2024 11:45,-4.73
26/05/2024 12:00,9.83
26/05/2024 12:15,-4.56
26/05/2024 12:30,-12.58
26/05/2024 12:45,-6.18
26/05/2024 13:00,-29.34
26/05/2024 13:15,-19.07
26/05/2024 13:30,-8.63
26/05/2024 13:45,0.18
26/05/2024 14:00,-26.23
26/05/2024 14:15,-0.82
26/05/2024 14:30,0.99
26/05/2024 14:45,19.09
26/05/2024 15:00,-26.71
26/05/2024 15:15,-11.46
26/05/2024 15:30,2.44
26/05/2024 15:45,27.82
26/05/2024 16:00,-49.4
26/05/2024 16:15,-14.27
26/05/2024 16:30,48.4
26/05/2024 16:45,36.29
26/05/2024 17:00,5.87
26/05/2024 17:15,53.46
26/05/2024 17:30,81.33
26/05/2024 17:45,83.46
26/05/2024 18:00,75.22
26/05/2024 18:15,77.15
26/05/2024 18:30,92.57
26/05/2024 18:45,98.9
26/05/2024 19:00,75.11
26/05/2024 19:15,99.75
26/05/2024 19:30,105.92
26/05/2024 19:45,101.98
26/05/2024 20:00,88.77
26/05/2024 20:15,72.92
26/05/2024 20:30,77.25
26/05/2024 20:45,93.26
26/05/2024 21:00,104.15
26/05/2024 21:15,101.35
26/05/2024 21:30,111.89
26/05/2024 21:45,115.22
26/05/2024 22:00,102.49
26/05/2024 22:15,79.44
26/05/2024 22:30,70.4
26/05/2024 22:45,66.81
26/05/2024 23:00,79.68
26/05/2024 23:15,69.62
26/05/2024 23:30,65.52
26/05/2024 23:45,77.93
27/05/2024 00:00,100.66
27/05/2024 00:15,90.34
27/05/2024 00:30,95.18
27/05/2024 00:45,82.56
27/05/2024 01:00,78.8
27/05/2024 01:15,76.34
27/05/2024 01:30,79.17
27/05/2024 01:45,82.66
27/05/2024 02:00,74.1
27/05/2024 02:15,74.22
27/05/2024 02:30,75.53
27/05/2024 02:45,72.84
27/05/2024 03:00,66.16
27/05/2024 03:15,68.73
27/05/2024 03:30,69.74
27/05/2024 03:45,69
27/05/2024 04:00,63.8
27/05/2024 04:15,65.73
27/05/2024 04:30,67.71
27/05/2024 04:45,77.16
27/05/2024 05:00,76.25
27/05/2024 05:15,85.83
27/05/2024 05:30,83.78
27/05/2024 05:45,87.17
27/05/2024 06:00,88.32
27/05/2024 06:15,97.26
27/05/2024 06:30,100.47
27/05/2024 06:45,95.39
27/05/2024 07:00,99.27
27/05/2024 07:15,89.59
27/05/2024 07:30,77.97
27/05/2024 07:45,72.05
27/05/2024 08:00,92.35
27/05/2024 08:15,85.13
27/05/2024 08:30,79.68
27/05/2024 08:45,59.99
27/05/2024 09:00,79.95
27/05/2024 09:15,56.5
27/05/2024 09:30,39.98
27/05/2024 09:45,12.76
27/05/2024 10:00,39.13
27/05/2024 10:15,19.29
27/05/2024 10:30,13.03
27/05/2024 10:45,-2.24
27/05/2024 11:00,35.06
27/05/2024 11:15,32.31
27/05/2024 11:30,34.43
27/05/2024 11:45,49.95
27/05/2024 12:00,64.49
27/05/2024 12:15,45.3
27/05/2024 12:30,32.55
27/05/2024 12:45,42.48
27/05/2024 13:00,23.92
27/05/2024 13:15,72.29
27/05/2024 13:30,85.63
27/05/2024 13:45,91.13
27/05/2024 14:00,68.19
27/05/2024 14:15,78.1
27/05/2024 14:30,75.03
27/05/2024 14:45,69.4
27/05/2024 15:00,44.38
27/05/2024 15:15,64.2
27/05/2024 15:30,73.07
27/05/2024 15:45,67.46
27/05/2024 16:00,58.07
27/05/2024 16:15,71.02
27/05/2024 16:30,89.11
27/05/2024 16:45,118.61
27/05/2024 17:00,81.7
27/05/2024 17:15,89.73
27/05/2024 17:30,112.47
27/05/2024 17:45,144.72
27/05/2024 18:00,105.7
27/05/2024 18:15,113.82
27/05/2024 18:30,110.48
27/05/2024 18:45,162.83
27/05/2024 19:00,190.51
27/05/2024 19:15,156.25
27/05/2024 19:30,115.02
27/05/2024 19:45,105.68
27/05/2024 20:00,155.94
27/05/2024 20:15,109.04
27/05/2024 20:30,97.86
27/05/2024 20:45,94.56
27/05/2024 21:00,116.12
27/05/2024 21:15,99.28
27/05/2024 21:30,92.97
27/05/2024 21:45,92.55
27/05/2024 22:00,113.75
27/05/2024 22:15,97.46
27/05/2024 22:30,96.82
27/05/2024 22:45,99.38
27/05/2024 23:00,98.78
27/05/2024 23:15,115.5
27/05/2024 23:30,106.4
27/05/2024 23:45,94.89
28/05/2024 00:00,118.99
28/05/2024 00:15,95.57
28/05/2024 00:30,93.96
28/05/2024 00:45,90.19
28/05/2024 01:00,109.61
28/05/2024 01:15,91.11
28/05/2024 01:30,92.85
28/05/2024 01:45,90.76
28/05/2024 02:00,87.68
28/05/2024 02:15,91.04
28/05/2024 02:30,88.46
28/05/2024 02:45,88.62
28/05/2024 03:00,103.67
28/05/2024 03:15,93.18
28/05/2024 03:30,91.95
28/05/2024 03:45,89.15
28/05/2024 04:00,96.63
28/05/2024 04:15,88.19
28/05/2024 04:30,88.81
28/05/2024 04:45,93.07
28/05/2024 05:00,89.97
28/05/2024 05:15,102.65
28/05/2024 05:30,112.02
28/05/2024 05:45,119.15
28/05/2024 06:00,126.58
28/05/2024 06:15,134.82
28/05/2024 06:30,123.5
28/05/2024 06:45,121.57
28/05/2024 07:00,162.66
28/05/2024 07:15,148.68
28/05/2024 07:30,100.88
28/05/2024 07:45,82.5
28/05/2024 08:00,124.14
28/05/2024 08:15,90.43
28/05/2024 08:30,76.83
28/05/2024 08:45,62.34
28/05/2024 09:00,81.99
28/05/2024 09:15,69.39
28/05/2024 09:30,73.44
28/05/2024 09:45,73.32
28/05/2024 10:00,106.02
28/05/2024 10:15,96.41
28/05/2024 10:30,79.13
28/05/2024 10:45,75.34
28/05/2024 11:00,83.64
28/05/2024 11:15,77.59
28/05/2024 11:30,79.21
28/05/2024 11:45,84.09
28/05/2024 12:00,87.94
28/05/2024 12:15,86.17
28/05/2024 12:30,72.78
28/05/2024 12:45,65.44
28/05/2024 13:00,64.43
28/05/2024 13:15,70.56
28/05/2024 13:30,77.81
28/05/2024 13:45,73.13
28/05/2024 14:00,45.59
28/05/2024 14:15,47.8
28/05/2024 14:30,71.74
28/05/2024 14:45,77.75
28/05/2024 15:00,69.6
28/05/2024 15:15,70.6
28/05/2024 15:30,76.33
28/05/2024 15:45,84.25
28/05/2024 16:00,60.88
28/05/2024 16:15,78.05
28/05/2024 16:30,94.76
28/05/2024 16:45,112.41
28/05/2024 17:00,69.54
28/05/2024 17:15,81.97
28/05/2024 17:30,91.12
28/05/2024 17:45,102.91
28/05/2024 18:00,81.07
28/05/2024 18:15,84.56
28/05/2024 18:30,84.39
28/05/2024 18:45,122.81
28/05/2024 19:00,98.36
28/05/2024 19:15,106.07
28/05/2024 19:30,83.6
28/05/2024 19:45,86.52
28/05/2024 20:00,149.54
28/05/2024 20:15,95.37
28/05/2024 20:30,84.63
28/05/2024 20:45,85.81
28/05/2024 21:00,171.51
28/05/2024 21:15,58.3
28/05/2024 21:30,22.59
28/05/2024 21:45,6
28/05/2024 22:00,99.02
28/05/2024 22:15,91.88
28/05/2024 22:30,74.9
28/05/2024 22:45,51.69
28/05/2024 23:00,81.02
28/05/2024 23:15,65.72
28/05/2024 23:30,46.52
28/05/2024 23:45,47.81
29/05/2024 00:00,59.78
29/05/2024 00:15,74.49
29/05/2024 00:30,62.98
29/05/2024 00:45,55.6
29/05/2024 01:00,72.05
29/05/2024 01:15,79.43
29/05/2024 01:30,76.25
29/05/2024 01:45,76.41
29/05/2024 02:00,77.5
29/05/2024 02:15,74.41
29/05/2024 02:30,83.43
29/05/2024 02:45,85.34
29/05/2024 03:00,74.2
29/05/2024 03:15,73.81
29/05/2024 03:30,84.99
29/05/2024 03:45,85.68
29/05/2024 04:00,64.45
29/05/2024 04:15,70.28
29/05/2024 04:30,79.84
29/05/2024 04:45,84.39
29/05/2024 05:00,58.34
29/05/2024 05:15,78.05
29/05/2024 05:30,74.63
29/05/2024 05:45,77.03
29/05/2024 06:00,80.42
29/05/2024 06:15,85.32
29/05/2024 06:30,87.45
29/05/2024 06:45,86.68
29/05/2024 07:00,93.76
29/05/2024 07:15,91.35
29/05/2024 07:30,72.96
29/05/2024 07:45,65.4
29/05/2024 08:00,76.68
29/05/2024 08:15,70.37
29/05/2024 08:30,36.96
29/05/2024 08:45,13.79
29/05/2024 09:00,25.3
29/05/2024 09:15,4.29
29/05/2024 09:30,-2.42
29/05/2024 09:45,-25.89
29/05/2024 10:00,1.59
29/05/2024 10:15,-8.31
29/05/2024 10:30,-0.72
29/05/2024 10:45,-1.02
29/05/2024 11:00,22.84
29/05/2024 11:15,16.05
29/05/2024 11:30,0.45
29/05/2024 11:45,-6.61
29/05/2024 12:00,0.02
29/05/2024 12:15,-12.02
29/05/2024 12:30,-22.61
29/05/2024 12:45,-23.05
29/05/2024 13:00,-36.47
29/05/2024 13:15,-13.54
29/05/2024 13:30,-4.07
29/05/2024 13:45,9.26
29/05/2024 14:00,-23.71
29/05/2024 14:15,-25.98
29/05/2024 14:30,-8.56
29/05/2024 14:45,14.1
29/05/2024 15:00,9.8
29/05/2024 15:15,45.84
29/05/2024 15:30,65.8
29/05/2024 15:45,76.45
29/05/2024 16:00,3.36
29/05/2024 16:15,70.93
29/05/2024 16:30,93.87
29/05/2024 16:45,127.85
29/05/2024 17:00,64.15
29/05/2024 17:15,65.13
29/05/2024 17:30,86.64
29/05/2024 17:45,108.33
29/05/2024 18:00,90.95
29/05/2024 18:15,83.5
29/05/2024 18:30,90.52
29/05/2024 18:45,106.2
29/05/2024 19:00,80.82
29/05/2024 19:15,102.58
29/05/2024 19:30,126.41
29/05/2024 19:45,156.32
29/05/2024 20:00,140.05
29/05/2024 20:15,153.98
29/05/2024 20:30,141.63
29/05/2024 20:45,134.39
29/05/2024 21:00,266.9
29/05/2024 21:15,144.02
29/05/2024 21:30,134.38
29/05/2024 21:45,134.76
29/05/2024 22:00,116.88
29/05/2024 22:15,99.52
29/05/2024 22:30,100.44
29/05/2024 22:45,91.26
29/05/2024 23:00,115.91
29/05/2024 23:15,105.31
29/05/2024 23:30,105.25
29/05/2024 23:45,107.05
30/05/2024 00:00,114.43
30/05/2024 00:15,121.98
30/05/2024 00:30,123.22
30/05/2024 00:45,113.51
30/05/2024 01:00,114.49
30/05/2024 01:15,97.57
30/05/2024 01:30,88.58
30/05/2024 01:45,85.43
30/05/2024 02:00,95.63
30/05/2024 02:15,88.4
30/05/2024 02:30,97.3
30/05/2024 02:45,96
30/05/2024 03:00,91.44
30/05/2024 03:15,96.19
30/05/2024 03:30,105.6
30/05/2024 03:45,110.68
30/05/2024 04:00,110.39
30/05/2024 04:15,105.09
30/05/2024 04:30,118.29
30/05/2024 04:45,116.63
30/05/2024 05:00,113.7
30/05/2024 05:15,115.11
30/05/2024 05:30,116.13
30/05/2024 05:45,112.05
30/05/2024 06:00,88.28
30/05/2024 06:15,78.56
30/05/2024 06:30,80.61
30/05/2024 06:45,73.53
30/05/2024 07:00,106.48
30/05/2024 07:15,100.79
30/05/2024 07:30,81.95
30/05/2024 07:45,67.29
30/05/2024 08:00,95.89
30/05/2024 08:15,93.14
30/05/2024 08:30,74.76
30/05/2024 08:45,69.45
30/05/2024 09:00,91.86
30/05/2024 09:15,64.14
30/05/2024 09:30,64.03
30/05/2024 09:45,41.17
30/05/2024 10:00,74.56
30/05/2024 10:15,25.55
30/05/2024 10:30,4.85
30/05/2024 10:45,70.44
30/05/2024 11:00,91.1
30/05/2024 11:15,84.62
30/05/2024 11:30,81.49
30/05/2024 11:45,70.55
30/05/2024 12:00,77.67
30/05/2024 12:15,75.7
30/05/2024 12:30,77.6
30/05/2024 12:45,70.6
30/05/2024 13:00,56.46
30/05/2024 13:15,76.58
30/05/2024 13:30,85.66
30/05/2024 13:45,102.44
30/05/2024 14:00,79.7
30/05/2024 14:15,86.21
30/05/2024 14:30,78.8
30/05/2024 14:45,86.79
30/05/2024 15:00,81.57
30/05/2024 15:15,95.8
30/05/2024 15:30,94.97
30/05/2024 15:45,110.52
30/05/2024 16:00,81
30/05/2024 16:15,70.57
30/05/2024 16:30,77.38
30/05/2024 16:45,93.14
30/05/2024 17:00,85.37
30/05/2024 17:15,109.3
30/05/2024 17:30,120.95
30/05/2024 17:45,130.36
30/05/2024 18:00,104.21
30/05/2024 18:15,107.74
30/05/2024 18:30,103.87
30/05/2024 18:45,152.33
30/05/2024 19:00,102.86
30/05/2024 19:15,95.16
30/05/2024 19:30,93.43
30/05/2024 19:45,85.24
30/05/2024 20:00,124.06
30/05/2024 20:15,146.64
30/05/2024 20:30,141.58
30/05/2024 20:45,142.64
30/05/2024 21:00,135.47
30/05/2024 21:15,104.25
30/05/2024 21:30,97.59
30/05/2024 21:45,76.35
30/05/2024 22:00,105.6
30/05/2024 22:15,102.11
30/05/2024 22:30,92.24
30/05/2024 22:45,104.29
30/05/2024 23:00,116.79
30/05/2024 23:15,102.96
30/05/2024 23:30,96.69
30/05/2024 23:45,70.3
31/05/2024 00:00,104.06
31/05/2024 00:15,77.07
31/05/2024 00:30,68.5
31/05/2024 00:45,70.12
31/05/2024 01:00,90.29
31/05/2024 01:15,82.72
31/05/2024 01:30,70.02
31/05/2024 01:45,71.75
31/05/2024 02:00,72.08
31/05/2024 02:15,68.66
31/05/2024 02:30,74.77
31/05/2024 02:45,76.65
31/05/2024 03:00,76.16
31/05/2024 03:15,79.55
31/05/2024 03:30,88.22
31/05/2024 03:45,85.02
31/05/2024 04:00,66.3
31/05/2024 04:15,85.77
31/05/2024 04:30,91.78
31/05/2024 04:45,89.7
31/05/2024 05:00,100.47
31/05/2024 05:15,112.66
31/05/2024 05:30,130.26
31/05/2024 05:45,126.84
31/05/2024 06:00,93.75
31/05/2024 06:15,103.08
31/05/2024 06:30,107.44
31/05/2024 06:45,108.9
31/05/2024 07:00,121.33
31/05/2024 07:15,117.09
31/05/2024 07:30,102.93
31/05/2024 07:45,100.02
31/05/2024 08:00,117.44
31/05/2024 08:15,106.03
31/05/2024 08:30,99.75
31/05/2024 08:45,89.45
31/05/2024 09:00,128.74
31/05/2024 09:15,118.44
31/05/2024 09:30,99.03
31/05/2024 09:45,88.98
31/05/2024 10:00,108.49
31/05/2024 10:15,97.43
31/05/2024 10:30,76.2
31/05/2024 10:45,67.89
31/05/2024 11:00,81.88
31/05/2024 11:15,75.27
31/05/2024 11:30,74.47
31/05/2024 11:45,75.38
31/05/2024 12:00,80.21
31/05/2024 12:15,68.47
31/05/2024 12:30,56.97
31/05/2024 12:45,20.23
31/05/2024 13:00,72.43
31/05/2024 13:15,67.82
31/05/2024 13:30,58.07
31/05/2024 13:45,37.05
31/05/2024 14:00,44.89
31/05/2024 14:15,49.57
31/05/2024 14:30,63.79
31/05/2024 14:45,66
31/05/2024 15:00,60.27
31/05/2024 15:15,72.01
31/05/2024 15:30,84.09
31/05/2024 15:45,75.79
31/05/2024 16:00,57.75
31/05/2024 16:15,59.6
31/05/2024 16:30,82.5
31/05/2024 16:45,86.4
31/05/2024 17:00,76.64
31/05/2024 17:15,96.68
31/05/2024 17:30,115.96
31/05/2024 17:45,145.35
31/05/2024 18:00,103.86
31/05/2024 18:15,105.51
31/05/2024 18:30,105.56
31/05/2024 18:45,116.07
31/05/2024 19:00,245.04
31/05/2024 19:15,284.86
31/05/2024 19:30,122.09
31/05/2024 19:45,107.28
31/05/2024 20:00,115.9
31/05/2024 20:15,102.68
31/05/2024 20:30,107.25
31/05/2024 20:45,112.06
31/05/2024 21:00,133.24
31/05/2024 21:15,117.91
31/05/2024 21:30,111.14
31/05/2024 21:45,108.62
31/05/2024 22:00,94.19
31/05/2024 22:15,78.39
31/05/2024 22:30,68.18
31/05/2024 22:45,64.68
31/05/2024 23:00,109.79
31/05/2024 23:15,106.59
31/05/2024 23:30,94.68
31/05/2024 23:45,85.95
01/06/2024 00:00,115.21
01/06/2024 00:15,92.82
01/06/2024 00:30,90.92
01/06/2024 00:45,79.59
01/06/2024 01:00,103.98
01/06/2024 01:15,92.8
01/06/2024 01:30,83.47
01/06/2024 01:45,70.05
01/06/2024 02:00,80.83
01/06/2024 02:15,68.27
01/06/2024 02:30,68.51
01/06/2024 02:45,68.03
01/06/2024 03:00,75.81
01/06/2024 03:15,84.83
01/06/2024 03:30,91.79
01/06/2024 03:45,90.21
01/06/2024 04:00,82.18
01/06/2024 04:15,77.55
01/06/2024 04:30,79.07
01/06/2024 04:45,77.89
01/06/2024 05:00,79.71
01/06/2024 05:15,86.42
01/06/2024 05:30,76.02
01/06/2024 05:45,75.73
01/06/2024 06:00,65.43
01/06/2024 06:15,66.58
01/06/2024 06:30,66.02
01/06/2024 06:45,66.14
01/06/2024 07:00,71.51
01/06/2024 07:15,77.26
01/06/2024 07:30,76.72
01/06/2024 07:45,75.23
01/06/2024 08:00,81.09
01/06/2024 08:15,70.23
01/06/2024 08:30,69.02
01/06/2024 08:45,63.71
01/06/2024 09:00,93.5
01/06/2024 09:15,73.92
01/06/2024 09:30,43.09
01/06/2024 09:45,34.46
01/06/2024 10:00,43.54
01/06/2024 10:15,28.59
01/06/2024 10:30,19.92
01/06/2024 10:45,-2.81
01/06/2024 11:00,33.94
01/06/2024 11:15,-4.48
01/06/2024 11:30,-9.19
01/06/2024 11:45,-36.69
01/06/2024 12:00,57.97
01/06/2024 12:15,50.47
01/06/2024 12:30,36.88
01/06/2024 12:45,-7.13
01/06/2024 13:00,2.71
01/06/2024 13:15,-11.08
01/06/2024 13:30,-12.94
01/06/2024 13:45,-19.88
01/06/2024 14:00,-18.23
01/06/2024 14:15,-13
01/06/2024 14:30,-2.41
01/06/2024 14:45,5.14
01/06/2024 15:00,-26.72
01/06/2024 15:15,-9.56
01/06/2024 15:30,0.32
01/06/2024 15:45,51.28
01/06/2024 16:00,29.18
01/06/2024 16:15,32.51
01/06/2024 16:30,45.82
01/06/2024 16:45,57.93
01/06/2024 17:00,43.51
01/06/2024 17:15,54.08
01/06/2024 17:30,51.85
01/06/2024 17:45,38.79
01/06/2024 18:00,35.19
01/06/2024 18:15,45.39
01/06/2024 18:30,63.84
01/06/2024 18:45,73.76
01/06/2024 19:00,74.6
01/06/2024 19:15,54.96
01/06/2024 19:30,62.93
01/06/2024 19:45,110.94
01/06/2024 20:00,136.37
01/06/2024 20:15,62.36
01/06/2024 20:30,59.95
01/06/2024 20:45,70.2
01/06/2024 21:00,89.91
01/06/2024 21:15,51.58
01/06/2024 21:30,41.79
01/06/2024 21:45,31.03
01/06/2024 22:00,53.76
01/06/2024 22:15,49.06
01/06/2024 22:30,44.76
01/06/2024 22:45,47.61
01/06/2024 23:00,73.24
01/06/2024 23:15,88.88
01/06/2024 23:30,65.14
01/06/2024 23:45,82.37
02/06/2024 00:00,86.12
02/06/2024 00:15,59.73
02/06/2024 00:30,27
02/06/2024 00:45,28.22
02/06/2024 01:00,45.15
02/06/2024 01:15,47.78
02/06/2024 01:30,51.31
02/06/2024 01:45,38.83
02/06/2024 02:00,40.65
02/06/2024 02:15,24.09
02/06/2024 02:30,24.5
02/06/2024 02:45,24.37
02/06/2024 03:00,30.12
02/06/2024 03:15,15.86
02/06/2024 03:30,14.36
02/06/2024 03:45,8.32
02/06/2024 04:00,3.74
02/06/2024 04:15,-16.02
02/06/2024 04:30,-6.66
02/06/2024 04:45,-14.7
02/06/2024 05:00,-11.71
02/06/2024 05:15,0.17
02/06/2024 05:30,-4.96
02/06/2024 05:45,-16.62
02/06/2024 06:00,-1.9
02/06/2024 06:15,-0.8
02/06/2024 06:30,-4.56
02/06/2024 06:45,1.6
02/06/2024 07:00,13.04
02/06/2024 07:15,0.36
02/06/2024 07:30,0.89
02/06/2024 07:45,-0.28
02/06/2024 08:00,22.25
02/06/2024 08:15,15.01
02/06/2024 08:30,8.6
02/06/2024 08:45,-2.75
02/06/2024 09:00,16.56
02/06/2024 09:15,14.71
02/06/2024 09:30,0.34
02/06/2024 09:45,9.27
02/06/2024 10:00,42.84
02/06/2024 10:15,51.5
02/06/2024 10:30,33.18
02/06/2024 10:45,38.97
02/06/2024 11:00,53.09
02/06/2024 11:15,33.59
02/06/2024 11:30,16.73
02/06/2024 11:45,0.74
02/06/2024 12:00,39.55
02/06/2024 12:15,-0.67
02/06/2024 12:30,-6.37
02/06/2024 12:45,-12.84
02/06/2024 13:00,43.78
02/06/2024 13:15,-1.33
02/06/2024 13:30,-7.6
02/06/2024 13:45,3.31
02/06/2024 14:00,-7.31
02/06/2024 14:15,-7.28
02/06/2024 14:30,14.29
02/06/2024 14:45,56.76
02/06/2024 15:00,-17.35
02/06/2024 15:15,10.73
02/06/2024 15:30,55.72
02/06/2024 15:45,71.34
02/06/2024 16:00,-27.14
02/06/2024 16:15,13.13
02/06/2024 16:30,34.68
02/06/2024 16:45,50.55
02/06/2024 17:00,7.2
02/06/2024 17:15,55.85
02/06/2024 17:30,74.18
02/06/2024 17:45,90.68
02/06/2024 18:00,93.93
02/06/2024 18:15,112.59
02/06/2024 18:30,126.05
02/06/2024 18:45,127.79
02/06/2024 19:00,94.97
02/06/2024 19:15,92.98
02/06/2024 19:30,99.3
02/06/2024 19:45,98.58
02/06/2024 20:00,113.89
02/06/2024 20:15,101.78
02/06/2024 20:30,101.22
02/06/2024 20:45,98.65
02/06/2024 21:00,123.93
02/06/2024 21:15,104.11
02/06/2024 21:30,91.28
02/06/2024 21:45,91.66
02/06/2024 22:00,123.14
02/06/2024 22:15,114.41
02/06/2024 22:30,113.82
02/06/2024 22:45,109.41
02/06/2024 23:00,124.53
02/06/2024 23:15,98.18
02/06/2024 23:30,86.6
02/06/2024 23:45,86.19
03/06/2024 00:00,105.18
03/06/2024 00:15,112.91
03/06/2024 00:30,114.09
03/06/2024 00:45,103.68
03/06/2024 01:00,92.52
03/06/2024 01:15,83.37
03/06/2024 01:30,84.74
03/06/2024 01:45,81.78
03/06/2024 02:00,79.78
03/06/2024 02:15,78.5
03/06/2024 02:30,89.97
03/06/2024 02:45,97.36
03/06/2024 03:00,79.61
03/06/2024 03:15,86.51
03/06/2024 03:30,90.46
03/06/2024 03:45,93.57
03/06/2024 04:00,81.76
03/06/2024 04:15,89.32
03/06/2024 04:30,96.15
03/06/2024 04:45,117.36
03/06/2024 05:00,99.19
03/06/2024 05:15,105.37
03/06/2024 05:30,128.46
03/06/2024 05:45,152.6
03/06/2024 06:00,215.02
03/06/2024 06:15,242.97
03/06/2024 06:30,273.63
03/06/2024 06:45,461.57
03/06/2024 07:00,1204.05
03/06/2024 07:15,680.82
03/06/2024 07:30,411.67
03/06/2024 07:45,700.55
03/06/2024 08:00,3068.12
03/06/2024 08:15,2049.79
03/06/2024 08:30,1877.76
03/06/2024 08:45,3718.61
03/06/2024 09:00,5661.47
03/06/2024 09:15,2837.22
03/06/2024 09:30,4675.62
03/06/2024 09:45,3296.5
03/06/2024 10:00,1926.14
03/06/2024 10:15,405.06
03/06/2024 10:30,218.45
03/06/2024 10:45,142.17
03/06/2024 11:00,179.91
03/06/2024 11:15,117.42
03/06/2024 11:30,104.72
03/06/2024 11:45,98.27
03/06/2024 12:00,149.09
03/06/2024 12:15,105.77
03/06/2024 12:30,84.45
03/06/2024 12:45,81.65
03/06/2024 13:00,121.82
03/06/2024 13:15,89.7
03/06/2024 13:30,79.99
03/06/2024 13:45,80.54
03/06/2024 14:00,96.66
03/06/2024 14:15,92.71
03/06/2024 14:30,98.78
03/06/2024 14:45,113.27
03/06/2024 15:00,103.92
03/06/2024 15:15,110.03
03/06/2024 15:30,194.61
03/06/2024 15:45,193.97
03/06/2024 16:00,109.8
03/06/2024 16:15,145.33
03/06/2024 16:30,210.01
03/06/2024 16:45,241.34
03/06/2024 17:00,112.34
03/06/2024 17:15,244.97
03/06/2024 17:30,310.57
03/06/2024 17:45,456.98
03/06/2024 18:00,390.2
03/06/2024 18:15,452.57
03/06/2024 18:30,622.38
03/06/2024 18:45,1242.73
03/06/2024 19:00,503.59
03/06/2024 19:15,524.54
03/06/2024 19:30,474.75
03/06/2024 19:45,329.27
03/06/2024 20:00,291.18
03/06/2024 20:15,246.74
03/06/2024 20:30,173.24
03/06/2024 20:45,188.99
03/06/2024 21:00,229.39
03/06/2024 21:15,137.63
03/06/2024 21:30,181.32
03/06/2024 21:45,147.37
03/06/2024 22:00,136.11
03/06/2024 22:15,105.55
03/06/2024 22:30,85.05
03/06/2024 22:45,67.22
03/06/2024 23:00,120.51
03/06/2024 23:15,95.22
03/06/2024 23:30,86.82
03/06/2024 23:45,83.5
04/06/2024 00:00,91.45
04/06/2024 00:15,89.02
04/06/2024 00:30,110.61
04/06/2024 00:45,93.44
04/06/2024 01:00,97.9
04/06/2024 01:15,86.72
04/06/2024 01:30,85.46
04/06/2024 01:45,87.5
04/06/2024 02:00,92.57
04/06/2024 02:15,91.84
04/06/2024 02:30,101.24
04/06/2024 02:45,98.15
04/06/2024 03:00,97.24
04/06/2024 03:15,104.22
04/06/2024 03:30,107.91
04/06/2024 03:45,102.65
04/06/2024 04:00,81.77
04/06/2024 04:15,79.63
04/06/2024 04:30,89.59
04/06/2024 04:45,97.9
04/06/2024 05:00,92.75
04/06/2024 05:15,88.17
04/06/2024 05:30,119.46
04/06/2024 05:45,118.63
04/06/2024 06:00,281.84
04/06/2024 06:15,113.95
04/06/2024 06:30,92.44
04/06/2024 06:45,92.51
04/06/2024 07:00,204.2
04/06/2024 07:15,100.64
04/06/2024 07:30,87.18
04/06/2024 07:45,72.12
04/06/2024 08:00,126.51
04/06/2024 08:15,93.56
04/06/2024 08:30,78.6
04/06/2024 08:45,69.88
04/06/2024 09:00,91.36
04/06/2024 09:15,97.26
04/06/2024 09:30,86.17
04/06/2024 09:45,79.21
04/06/2024 10:00,86.99
04/06/2024 10:15,80.93
04/06/2024 10:30,75.54
04/06/2024 10:45,65.35
04/06/2024 11:00,83.67
04/06/2024 11:15,61.16
04/06/2024 11:30,63.19
04/06/2024 11:45,51.27
04/06/2024 12:00,72.33
04/06/2024 12:15,26.36
04/06/2024 12:30,0.67
04/06/2024 12:45,-32.28
04/06/2024 13:00,-3.64
04/06/2024 13:15,37.1
04/06/2024 13:30,44.03
04/06/2024 13:45,19.67
04/06/2024 14:00,-0.75
04/06/2024 14:15,29.83
04/06/2024 14:30,54.18
04/06/2024 14:45,49.71
04/06/2024 15:00,-42.35
04/06/2024 15:15,-18.78
04/06/2024 15:30,-18.12
04/06/2024 15:45,26.01
04/06/2024 16:00,35.68
04/06/2024 16:15,68.27
04/06/2024 16:30,94.44
04/06/2024 16:45,106.4
04/06/2024 17:00,67.42
04/06/2024 17:15,85.02
04/06/2024 17:30,107.93
04/06/2024 17:45,107.61
04/06/2024 18:00,49.45
04/06/2024 18:15,83.74
04/06/2024 18:30,109.27
04/06/2024 18:45,180.73
04/06/2024 19:00,179.47
04/06/2024 19:15,148.22
04/06/2024 19:30,153
04/06/2024 19:45,185.05
04/06/2024 20:00,246.09
04/06/2024 20:15,115.5
04/06/2024 20:30,96.96
04/06/2024 20:45,88.13
04/06/2024 21:00,109.48
04/06/2024 21:15,94.11
04/06/2024 21:30,95.55
04/06/2024 21:45,95.55
04/06/2024 22:00,115.8
04/06/2024 22:15,112.79
04/06/2024 22:30,92.1
04/06/2024 22:45,80.11
04/06/2024 23:00,84.98
04/06/2024 23:15,85.34
04/06/2024 23:30,59.94
04/06/2024 23:45,50.49
05/06/2024 00:00,71.23
05/06/2024 00:15,79.82
05/06/2024 00:30,71.79
05/06/2024 00:45,29.68
05/06/2024 01:00,48.04
05/06/2024 01:15,35.33
05/06/2024 01:30,43.53
05/06/2024 01:45,7.25
05/06/2024 02:00,57.31
05/06/2024 02:15,65.21
05/06/2024 02:30,73.04
05/06/2024 02:45,63.04
05/06/2024 03:00,-6.73
05/06/2024 03:15,50.71
05/06/2024 03:30,76.17
05/06/2024 03:45,65.63
05/06/2024 04:00,28.06
05/06/2024 04:15,46.59
05/06/2024 04:30,41.81
05/06/2024 04:45,66.33
05/06/2024 05:00,71.89
05/06/2024 05:15,80.59
05/06/2024 05:30,84.67
05/06/2024 05:45,91.29
05/06/2024 06:00,75.04
05/06/2024 06:15,81.9
05/06/2024 06:30,78.42
05/06/2024 06:45,76.37
05/06/2024 07:00,100.49
05/06/2024 07:15,85.93
05/06/2024 07:30,79.57
05/06/2024 07:45,74.94
05/06/2024 08:00,94.56
05/06/2024 08:15,70.5
05/06/2024 08:30,40.23
05/06/2024 08:45,40.39
05/06/2024 09:00,45.35
05/06/2024 09:15,18.78
05/06/2024 09:30,26.9
05/06/2024 09:45,43.72
05/06/2024 10:00,71.43
05/06/2024 10:15,50.24
05/06/2024 10:30,63.42
05/06/2024 10:45,65.88
05/06/2024 11:00,90.32
05/06/2024 11:15,78.76
05/06/2024 11:30,72.35
05/06/2024 11:45,76.17
05/06/2024 12:00,94.67
05/06/2024 12:15,87.8
05/06/2024 12:30,82.79
05/06/2024 12:45,54.81
05/06/2024 13:00,24.38
05/06/2024 13:15,8.09
05/06/2024 13:30,11.36
05/06/2024 13:45,8.95
05/06/2024 14:00,38.16
05/06/2024 14:15,63.24
05/06/2024 14:30,70.13
05/06/2024 14:45,73.7
05/06/2024 15:00,47.86
05/06/2024 15:15,71.49
05/06/2024 15:30,84.77
05/06/2024 15:45,82.08
05/06/2024 16:00,68.5
05/06/2024 16:15,77.28
05/06/2024 16:30,83.57
05/06/2024 16:45,108.96
05/06/2024 17:00,70.49
05/06/2024 17:15,89.01
05/06/2024 17:30,90.11
05/06/2024 17:45,108.24
05/06/2024 18:00,62.05
05/06/2024 18:15,76.7
05/06/2024 18:30,87.37
05/06/2024 18:45,95.82
05/06/2024 19:00,71.38
05/06/2024 19:15,77.8
05/06/2024 19:30,89.54
05/06/2024 19:45,101.6
05/06/2024 20:00,90.3
05/06/2024 20:15,88.62
05/06/2024 20:30,99.24
05/06/2024 20:45,98.36
05/06/2024 21:00,109.12
05/06/2024 21:15,86.3
05/06/2024 21:30,94.97
05/06/2024 21:45,83.85
05/06/2024 22:00,89.76
05/06/2024 22:15,82.37
05/06/2024 22:30,67.19
05/06/2024 22:45,77.74
05/06/2024 23:00,124.46
05/06/2024 23:15,116.53
05/06/2024 23:30,108.6
05/06/2024 23:45,99.03
06/06/2024 00:00,76.62
06/06/2024 00:15,79.09
06/06/2024 00:30,76
06/06/2024 00:45,77.06
06/06/2024 01:00,98.03
06/06/2024 01:15,96.72
06/06/2024 01:30,98.1
06/06/2024 01:45,85.4
06/06/2024 02:00,75.16
06/06/2024 02:15,76.9
06/06/2024 02:30,76.35
06/06/2024 02:45,73.06
06/06/2024 03:00,73.16
06/06/2024 03:15,73.14
06/06/2024 03:30,73.93
06/06/2024 03:45,74.61
06/06/2024 04:00,59.68
06/06/2024 04:15,65.45
06/06/2024 04:30,76.92
06/06/2024 04:45,81.71
06/06/2024 05:00,64.64
06/06/2024 05:15,84.17
06/06/2024 05:30,101.28
06/06/2024 05:45,91.23
06/06/2024 06:00,104.72
06/06/2024 06:15,108.37
06/06/2024 06:30,97.81
06/06/2024 06:45,96.78
06/06/2024 07:00,124.57
06/06/2024 07:15,93.86
06/06/2024 07:30,81.7
06/06/2024 07:45,65.76
06/06/2024 08:00,82.91
06/06/2024 08:15,67.31
06/06/2024 08:30,50.67
06/06/2024 08:45,27.33
06/06/2024 09:00,78.88
06/06/2024 09:15,65.68
06/06/2024 09:30,42.18
06/06/2024 09:45,-23.88
06/06/2024 10:00,43.16
06/06/2024 10:15,14.92
06/06/2024 10:30,-6.54
06/06/2024 10:45,-20.68
06/06/2024 11:00,27.75
06/06/2024 11:15,12.6
06/06/2024 11:30,-0.72
06/06/2024 11:45,-13.9
06/06/2024 12:00,23.25
06/06/2024 12:15,17.18
06/06/2024 12:30,17.77
06/06/2024 12:45,34.3
06/06/2024 13:00,-17.58
06/06/2024 13:15,-1.48
06/06/2024 13:30,29.49
06/06/2024 13:45,65.05
06/06/2024 14:00,10.94
06/06/2024 14:15,52.67
06/06/2024 14:30,61.01
06/06/2024 14:45,74.59
06/06/2024 15:00,-13.06
06/06/2024 15:15,-16.28
06/06/2024 15:30,19.09
06/06/2024 15:45,64.4
06/06/2024 16:00,19.62
06/06/2024 16:15,66.71
06/06/2024 16:30,90.64
06/06/2024 16:45,94.18
06/06/2024 17:00,55.02
06/06/2024 17:15,80.1
06/06/2024 17:30,107.2
06/06/2024 17:45,103.21
06/06/2024 18:00,84.17
06/06/2024 18:15,95.67
06/06/2024 18:30,94.42
06/06/2024 18:45,139.16
06/06/2024 19:00,97.27
06/06/2024 19:15,103.89
06/06/2024 19:30,138.16
06/06/2024 19:45,133.14
06/06/2024 20:00,283.35
06/06/2024 20:15,146.03
06/06/2024 20:30,135.84
06/06/2024 20:45,120.92
06/06/2024 21:00,223.19
06/06/2024 21:15,113.72
06/06/2024 21:30,98.52
06/06/2024 21:45,97.04
06/06/2024 22:00,95.03
06/06/2024 22:15,87.8
06/06/2024 22:30,85.89
06/06/2024 22:45,74.32
06/06/2024 23:00,101.27
06/06/2024 23:15,91.23
06/06/2024 23:30,69.87
06/06/2024 23:45,66.34
07/06/2024 00:00,100.56
07/06/2024 00:15,88.71
07/06/2024 00:30,78.82
07/06/2024 00:45,74.26
07/06/2024 01:00,97.58
07/06/2024 01:15,85.31
07/06/2024 01:30,79.15
07/06/2024 01:45,71.91
07/06/2024 02:00,86.04
07/06/2024 02:15,76.25
07/06/2024 02:30,64.04
07/06/2024 02:45,61.21
07/06/2024 03:00,74.15
07/06/2024 03:15,75.49
07/06/2024 03:30,83.25
07/06/2024 03:45,87.17
07/06/2024 04:00,87.96
07/06/2024 04:15,91.57
07/06/2024 04:30,97.5
07/06/2024 04:45,118.51
07/06/2024 05:00,91.79
07/06/2024 05:15,100.85
07/06/2024 05:30,125.66
07/06/2024 05:45,147.13
07/06/2024 06:00,310.52
07/06/2024 06:15,260.66
07/06/2024 06:30,260.8
07/06/2024 06:45,138.39
07/06/2024 07:00,129.54
07/06/2024 07:15,97.2
07/06/2024 07:30,78.24
07/06/2024 07:45,78.82
07/06/2024 08:00,135.53
07/06/2024 08:15,84.23
07/06/2024 08:30,63.5
07/06/2024 08:45,31.56
07/06/2024 09:00,52.96
07/06/2024 09:15,26.62
07/06/2024 09:30,-12.46
07/06/2024 09:45,-34.87
07/06/2024 10:00,48.56
07/06/2024 10:15,3.54
07/06/2024 10:30,-7.58
07/06/2024 10:45,-11.13
07/06/2024 11:00,54.02
07/06/2024 11:15,41.49
07/06/2024 11:30,30.46
07/06/2024 11:45,0.27
07/06/2024 12:00,30.64
07/06/2024 12:15,15.35
07/06/2024 12:30,14.85
07/06/2024 12:45,-6.55
07/06/2024 13:00,-17.52
07/06/2024 13:15,-11.06
07/06/2024 13:30,-5.46
07/06/2024 13:45,-10.81
07/06/2024 14:00,-24.74
07/06/2024 14:15,-5.56
07/06/2024 14:30,23.96
07/06/2024 14:45,45.65
07/06/2024 15:00,-31.6
07/06/2024 15:15,-12.08
07/06/2024 15:30,24.23
07/06/2024 15:45,77.53
07/06/2024 16:00,32.95
07/06/2024 16:15,58.34
07/06/2024 16:30,82.9
07/06/2024 16:45,88.87
07/06/2024 17:00,41.62
07/06/2024 17:15,71.8
07/06/2024 17:30,89.72
07/06/2024 17:45,90.36
07/06/2024 18:00,68.23
07/06/2024 18:15,75.54
07/06/2024 18:30,89.47
07/06/2024 18:45,165.7
07/06/2024 19:00,90.19
07/06/2024 19:15,89.79
07/06/2024 19:30,104.9
07/06/2024 19:45,105.37
07/06/2024 20:00,125.49
07/06/2024 20:15,129.47
07/06/2024 20:30,109.08
07/06/2024 20:45,96.13
07/06/2024 21:00,125.72
07/06/2024 21:15,85.83
07/06/2024 21:30,84.96
07/06/2024 21:45,77.72
07/06/2024 22:00,105.9
07/06/2024 22:15,92.09
07/06/2024 22:30,89.14
07/06/2024 22:45,91.1
07/06/2024 23:00,101.61
07/06/2024 23:15,94.53
07/06/2024 23:30,81.11
07/06/2024 23:45,75.54
08/06/2024 00:00,88.95
08/06/2024 00:15,81.16
08/06/2024 00:30,77.7
08/06/2024 00:45,69.92
08/06/2024 01:00,92.67
08/06/2024 01:15,79.67
08/06/2024 01:30,77.93
08/06/2024 01:45,75.98
08/06/2024 02:00,92.15
08/06/2024 02:15,90.92
08/06/2024 02:30,88.8
08/06/2024 02:45,78.78
08/06/2024 03:00,80.54
08/06/2024 03:15,81.13
08/06/2024 03:30,73.36
08/06/2024 03:45,75.69
08/06/2024 04:00,86.6
08/06/2024 04:15,80.92
08/06/2024 04:30,80.98
08/06/2024 04:45,95.28
08/06/2024 05:00,104.59
08/06/2024 05:15,88.4
08/06/2024 05:30,87.23
08/06/2024 05:45,76.99
08/06/2024 06:00,72.27
08/06/2024 06:15,62.82
08/06/2024 06:30,26.62
08/06/2024 06:45,3.22
08/06/2024 07:00,73.75
08/06/2024 07:15,57.03
08/06/2024 07:30,6.2
08/06/2024 07:45,-21.47
08/06/2024 08:00,86.27
08/06/2024 08:15,14.89
08/06/2024 08:30,-5.62
08/06/2024 08:45,-35.7
08/06/2024 09:00,19.84
08/06/2024 09:15,1.69
08/06/2024 09:30,-9.26
08/06/2024 09:45,-27.6
08/06/2024 10:00,0.26
08/06/2024 10:15,-6.91
08/06/2024 10:30,-13.97
08/06/2024 10:45,-32.23
08/06/2024 11:00,-5.28
08/06/2024 11:15,-11.78
08/06/2024 11:30,-10.17
08/06/2024 11:45,-13.48
08/06/2024 12:00,-18.9
08/06/2024 12:15,-13.45
08/06/2024 12:30,-4.23
08/06/2024 12:45,-4.34
08/06/2024 13:00,-27.59
08/06/2024 13:15,-16.27
08/06/2024 13:30,-20.88
08/06/2024 13:45,-13.14
08/06/2024 14:00,-38.71
08/06/2024 14:15,-9.44
08/06/2024 14:30,-8.85
08/06/2024 14:45,-2.5
08/06/2024 15:00,-29.93
08/06/2024 15:15,-7.1
08/06/2024 15:30,0.64
08/06/2024 15:45,47.08
08/06/2024 16:00,-34.09
08/06/2024 16:15,-1.82
08/06/2024 16:30,42.81
08/06/2024 16:45,89.2
08/06/2024 17:00,53.29
08/06/2024 17:15,75.89
08/06/2024 17:30,86.88
08/06/2024 17:45,112.07
08/06/2024 18:00,76.38
08/06/2024 18:15,86.79
08/06/2024 18:30,94.39
08/06/2024 18:45,94.87
08/06/2024 19:00,89.1
08/06/2024 19:15,73.92
08/06/2024 19:30,73.76
08/06/2024 19:45,76.71
08/06/2024 20:00,57.89
08/06/2024 20:15,62.58
08/06/2024 20:30,66.15
08/06/2024 20:45,62.81
08/06/2024 21:00,92.07
08/06/2024 21:15,79.2
08/06/2024 21:30,80.77
08/06/2024 21:45,71.69
08/06/2024 22:00,83.24
08/06/2024 22:15,80.52
08/06/2024 22:30,68.08
08/06/2024 22:45,52.02
08/06/2024 23:00,65.4
08/06/2024 23:15,58.05
08/06/2024 23:30,62.69
08/06/2024 23:45,72.45
09/06/2024 00:00,74.94
09/06/2024 00:15,66.75
09/06/2024 00:30,50.81
09/06/2024 00:45,50.38
09/06/2024 01:00,63.61
09/06/2024 01:15,53.03
09/06/2024 01:30,36.73
09/06/2024 01:45,28.64
09/06/2024 02:00,31.79
09/06/2024 02:15,24.2
09/06/2024 02:30,35.9
09/06/2024 02:45,36.96
09/06/2024 03:00,46.63
09/06/2024 03:15,62.66
09/06/2024 03:30,68.53
09/06/2024 03:45,56.26
09/06/2024 04:00,72.09
09/06/2024 04:15,71.79
09/06/2024 04:30,64.39
09/06/2024 04:45,53.87
09/06/2024 05:00,59.31
09/06/2024 05:15,46.17
09/06/2024 05:30,38.66
09/06/2024 05:45,12.06
09/06/2024 06:00,30.65
09/06/2024 06:15,-8.53
09/06/2024 06:30,-10.19
09/06/2024 06:45,-43.73
09/06/2024 07:00,37.63
09/06/2024 07:15,10.35
09/06/2024 07:30,-8.23
09/06/2024 07:45,-33.19
09/06/2024 08:00,17.94
09/06/2024 08:15,-5.91
09/06/2024 08:30,-25.36
09/06/2024 08:45,-51.21
09/06/2024 09:00,-9.94
09/06/2024 09:15,-43.98
09/06/2024 09:30,-61.85
09/06/2024 09:45,-74.91
09/06/2024 10:00,-31.23
09/06/2024 10:15,-35.26
09/06/2024 10:30,-49.32
09/06/2024 10:45,-59.85
09/06/2024 11:00,-59.98
09/06/2024 11:15,-88.34
09/06/2024 11:30,-69.51
09/06/2024 11:45,-95.9
09/06/2024 12:00,-70.38
09/06/2024 12:15,-87.4
09/06/2024 12:30,-71.1
09/06/2024 12:45,-98.35
09/06/2024 13:00,-84.59
09/06/2024 13:15,-85.67
09/06/2024 13:30,-42.77
09/06/2024 13:45,-36.49
09/06/2024 14:00,-73.28
09/06/2024 14:15,-43.61
09/06/2024 14:30,-16.95
09/06/2024 14:45,-10.53
09/06/2024 15:00,-55.22
09/06/2024 15:15,-32.87
09/06/2024 15:30,-2.79
09/06/2024 15:45,8.64
09/06/2024 16:00,-37.48
09/06/2024 16:15,-8.37
09/06/2024 16:30,-3.13
09/06/2024 16:45,32.96
09/06/2024 17:00,-14.1
09/06/2024 17:15,-5.85
09/06/2024 17:30,56.85
09/06/2024 17:45,70.18
09/06/2024 18:00,40.09
09/06/2024 18:15,71.22
09/06/2024 18:30,107.64
09/06/2024 18:45,154.91
09/06/2024 19:00,120.8
09/06/2024 19:15,108.52
09/06/2024 19:30,99.03
09/06/2024 19:45,108.96
09/06/2024 20:00,95.34
09/06/2024 20:15,141.18
09/06/2024 20:30,161.63
09/06/2024 20:45,154.02
09/06/2024 21:00,114.16
09/06/2024 21:15,106.29
09/06/2024 21:30,102.22
09/06/2024 21:45,103.95
09/06/2024 22:00,119.67
09/06/2024 22:15,106.86
09/06/2024 22:30,102.11
09/06/2024 22:45,94.32
09/06/2024 23:00,92.4
09/06/2024 23:15,94.55
09/06/2024 23:30,92.2
09/06/2024 23:45,85.7
10/06/2024 00:00,96.29
10/06/2024 00:15,87.89
10/06/2024 00:30,86.75
10/06/2024 00:45,82.79
10/06/2024 01:00,84.45
10/06/2024 01:15,89.72
10/06/2024 01:30,83.43
10/06/2024 01:45,79.53
10/06/2024 02:00,83
10/06/2024 02:15,72.95
10/06/2024 02:30,70.97
10/06/2024 02:45,84.22
10/06/2024 03:00,74.65
10/06/2024 03:15,84.02
10/06/2024 03:30,83.48
10/06/2024 03:45,88.64
10/06/2024 04:00,73.57
10/06/2024 04:15,79.49
10/06/2024 04:30,83.78
10/06/2024 04:45,175.27
10/06/2024 05:00,104.02
10/06/2024 05:15,109.32
10/06/2024 05:30,129.24
10/06/2024 05:45,252.01
10/06/2024 06:00,2729.67
10/06/2024 06:15,2790.29
10/06/2024 06:30,1753.81
10/06/2024 06:45,529.25
10/06/2024 07:00,3910.68
10/06/2024 07:15,812.51
10/06/2024 07:30,118.73
10/06/2024 07:45,89.06
10/06/2024 08:00,201.82
10/06/2024 08:15,82.38
10/06/2024 08:30,62.1
10/06/2024 08:45,52.04
10/06/2024 09:00,78.98
10/06/2024 09:15,69.99
10/06/2024 09:30,77.52
10/06/2024 09:45,77.64
10/06/2024 10:00,66.63
10/06/2024 10:15,77.15
10/06/2024 10:30,64.53
10/06/2024 10:45,41.42
10/06/2024 11:00,60.05
10/06/2024 11:15,72.21
10/06/2024 11:30,74.14
10/06/2024 11:45,69.12
10/06/2024 12:00,79.94
10/06/2024 12:15,71.67
10/06/2024 12:30,50.43
10/06/2024 12:45,42.38
10/06/2024 13:00,46.81
10/06/2024 13:15,54.06
10/06/2024 13:30,50.09
10/06/2024 13:45,50.67
10/06/2024 14:00,31.65
10/06/2024 14:15,52.83
10/06/2024 14:30,65.44
10/06/2024 14:45,71.04
10/06/2024 15:00,53.22
10/06/2024 15:15,70.57
10/06/2024 15:30,74.73
10/06/2024 15:45,81.02
10/06/2024 16:00,62.58
10/06/2024 16:15,83.08
10/06/2024 16:30,98.01
10/06/2024 16:45,98.73
10/06/2024 17:00,87.93
10/06/2024 17:15,94.07
10/06/2024 17:30,89.51
10/06/2024 17:45,86.89
10/06/2024 18:00,78.16
10/06/2024 18:15,83.5
10/06/2024 18:30,80.45
10/06/2024 18:45,80.66
10/06/2024 19:00,118.18
10/06/2024 19:15,104.71
10/06/2024 19:30,81.61
10/06/2024 19:45,80.35
10/06/2024 20:00,92.57
10/06/2024 20:15,86.14
10/06/2024 20:30,78.22
10/06/2024 20:45,68.14
10/06/2024 21:00,91.96
10/06/2024 21:15,76.17
10/06/2024 21:30,81.79
10/06/2024 21:45,78.9
10/06/2024 22:00,90.29
10/06/2024 22:15,80.28
10/06/2024 22:30,65.94
10/06/2024 22:45,63.27
10/06/2024 23:00,58.92
10/06/2024 23:15,60.35
10/06/2024 23:30,50.26
10/06/2024 23:45,53.29
11/06/2024 00:00,50.75
11/06/2024 00:15,47.43
11/06/2024 00:30,55.22
11/06/2024 00:45,50.15
11/06/2024 01:00,66.58
11/06/2024 01:15,52.71
11/06/2024 01:30,52.78
11/06/2024 01:45,42.33
11/06/2024 02:00,51.96
11/06/2024 02:15,45.91
11/06/2024 02:30,49.71
11/06/2024 02:45,49.22
11/06/2024 03:00,25.17
11/06/2024 03:15,35.38
11/06/2024 03:30,62.57
11/06/2024 03:45,64.59
11/06/2024 04:00,49.79
11/06/2024 04:15,46.27
11/06/2024 04:30,52.88
11/06/2024 04:45,68.1
11/06/2024 05:00,40.78
11/06/2024 05:15,59.05
11/06/2024 05:30,62.25
11/06/2024 05:45,83.64
11/06/2024 06:00,102.16
11/06/2024 06:15,100.54
11/06/2024 06:30,93.22
11/06/2024 06:45,75.96
11/06/2024 07:00,113.95
11/06/2024 07:15,77.25
11/06/2024 07:30,59.93
11/06/2024 07:45,47.28
11/06/2024 08:00,86.09
11/06/2024 08:15,63.15
11/06/2024 08:30,68.02
11/06/2024 08:45,49.68
11/06/2024 09:00,95.95
11/06/2024 09:15,80.56
11/06/2024 09:30,73.01
11/06/2024 09:45,59.36
11/06/2024 10:00,77.19
11/06/2024 10:15,85.12
11/06/2024 10:30,69.84
11/06/2024 10:45,56.83
11/06/2024 11:00,62.58
11/06/2024 11:15,60.01
11/06/2024 11:30,35.06
11/06/2024 11:45,-12.47
11/06/2024 12:00,9.75
11/06/2024 12:15,4.77
11/06/2024 12:30,-4.84
11/06/2024 12:45,-24.23
11/06/2024 13:00,-9.24
11/06/2024 13:15,-8.88
11/06/2024 13:30,-10.54
11/06/2024 13:45,-12.17
11/06/2024 14:00,-21.58
11/06/2024 14:15,-23.51
11/06/2024 14:30,-14.56
11/06/2024 14:45,-12.01
11/06/2024 15:00,-25.54
11/06/2024 15:15,-15.38
11/06/2024 15:30,-8.56
11/06/2024 15:45,27.3
11/06/2024 16:00,-9.81
11/06/2024 16:15,51.94
11/06/2024 16:30,87.74
11/06/2024 16:45,99.43
11/06/2024 17:00,73.49
11/06/2024 17:15,89.2
11/06/2024 17:30,102.92
11/06/2024 17:45,134.11
11/06/2024 18:00,82.52
11/06/2024 18:15,82.79
11/06/2024 18:30,94.86
11/06/2024 18:45,120.19
11/06/2024 19:00,92.81
11/06/2024 19:15,85.14
11/06/2024 19:30,104.78
11/06/2024 19:45,236.17
11/06/2024 20:00,159.39
11/06/2024 20:15,124.28
11/06/2024 20:30,118.77
11/06/2024 20:45,108.06
11/06/2024 21:00,119.14
11/06/2024 21:15,96.36
11/06/2024 21:30,80.54
11/06/2024 21:45,88.91
11/06/2024 22:00,106.38
11/06/2024 22:15,80.12
11/06/2024 22:30,78.26
11/06/2024 22:45,68.34
11/06/2024 23:00,87.19
11/06/2024 23:15,73.74
11/06/2024 23:30,66.91
11/06/2024 23:45,65.91
12/06/2024 00:00,79.4
12/06/2024 00:15,68.28
12/06/2024 00:30,70.94
12/06/2024 00:45,67.41
12/06/2024 01:00,74.01
12/06/2024 01:15,76.35
12/06/2024 01:30,69.99
12/06/2024 01:45,61.26
12/06/2024 02:00,58.73
12/06/2024 02:15,60.15
12/06/2024 02:30,64.07
12/06/2024 02:45,70.32
12/06/2024 03:00,65.68
12/06/2024 03:15,64.78
12/06/2024 03:30,61.79
12/06/2024 03:45,56.64
12/06/2024 04:00,61.85
12/06/2024 04:15,60.84
12/06/2024 04:30,72.79
12/06/2024 04:45,80.17
12/06/2024 05:00,71.6
12/06/2024 05:15,79.23
12/06/2024 05:30,74.95
12/06/2024 05:45,84.58
12/06/2024 06:00,121.85
12/06/2024 06:15,88.89
12/06/2024 06:30,83.17
12/06/2024 06:45,68.14
12/06/2024 07:00,131.56
12/06/2024 07:15,77.92
12/06/2024 07:30,58.7
12/06/2024 07:45,41.88
12/06/2024 08:00,77.09
12/06/2024 08:15,58.97
12/06/2024 08:30,21.84
12/06/2024 08:45,-13.38
12/06/2024 09:00,47.68
12/06/2024 09:15,26.41
12/06/2024 09:30,-4.92
12/06/2024 09:45,-7.4
12/06/2024 10:00,53.35
12/06/2024 10:15,43.05
12/06/2024 10:30,8.75
12/06/2024 10:45,-10.02
12/06/2024 11:00,28.37
12/06/2024 11:15,5.86
12/06/2024 11:30,9.36
12/06/2024 11:45,-0.8
12/06/2024 12:00,16.51
12/06/2024 12:15,-9.41
12/06/2024 12:30,-16.83
12/06/2024 12:45,-16.15
12/06/2024 13:00,-9.66
12/06/2024 13:15,-11.3
12/06/2024 13:30,2.9
12/06/2024 13:45,1.43
12/06/2024 14:00,-16.47
12/06/2024 14:15,-9.41
12/06/2024 14:30,39.54
12/06/2024 14:45,63.6
12/06/2024 15:00,-24.59
12/06/2024 15:15,10.01
12/06/2024 15:30,70.2
12/06/2024 15:45,76.6
12/06/2024 16:00,31.81
12/06/2024 16:15,73.36
12/06/2024 16:30,81.57
12/06/2024 16:45,98.96
12/06/2024 17:00,72
12/06/2024 17:15,81.31
12/06/2024 17:30,83.62
12/06/2024 17:45,93.13
12/06/2024 18:00,72.28
12/06/2024 18:15,79.88
12/06/2024 18:30,95.15
12/06/2024 18:45,105.89
12/06/2024 19:00,78.89
12/06/2024 19:15,87.38
12/06/2024 19:30,91.37
12/06/2024 19:45,96.38
12/06/2024 20:00,95.06
12/06/2024 20:15,97.87
12/06/2024 20:30,91.94
12/06/2024 20:45,92.55
12/06/2024 21:00,124.64
12/06/2024 21:15,127.27
12/06/2024 21:30,104.89
12/06/2024 21:45,235.5
12/06/2024 22:00,236.25
12/06/2024 22:15,95.86
12/06/2024 22:30,85.55
12/06/2024 22:45,68.7
12/06/2024 23:00,98.48
12/06/2024 23:15,98.74
12/06/2024 23:30,81.01
12/06/2024 23:45,76.76
13/06/2024 00:00,80.68
13/06/2024 00:15,79.51
13/06/2024 00:30,130.41
13/06/2024 00:45,113.39
13/06/2024 01:00,105.36
13/06/2024 01:15,80.57
13/06/2024 01:30,72.78
13/06/2024 01:45,73.53
13/06/2024 02:00,79.5
13/06/2024 02:15,86.93
13/06/2024 02:30,92.89
13/06/2024 02:45,84.42
13/06/2024 03:00,85.52
13/06/2024 03:15,78.74
13/06/2024 03:30,78.32
13/06/2024 03:45,90.27
13/06/2024 04:00,74.98
13/06/2024 04:15,96.08
13/06/2024 04:30,107.49
13/06/2024 04:45,104.59
13/06/2024 05:00,78.7
13/06/2024 05:15,77.77
13/06/2024 05:30,89.86
13/06/2024 05:45,86.77
13/06/2024 06:00,104.15
13/06/2024 06:15,88.39
13/06/2024 06:30,86.43
13/06/2024 06:45,93.92
13/06/2024 07:00,176.06
13/06/2024 07:15,98.62
13/06/2024 07:30,88.4
13/06/2024 07:45,74.42
13/06/2024 08:00,86.97
13/06/2024 08:15,82.52
13/06/2024 08:30,56.17
13/06/2024 08:45,48.95
13/06/2024 09:00,83.28
13/06/2024 09:15,67.92
13/06/2024 09:30,61.88
13/06/2024 09:45,16.7
13/06/2024 10:00,63.31
13/06/2024 10:15,56.95
13/06/2024 10:30,39.42
13/06/2024 10:45,0.05
13/06/2024 11:00,48.29
13/06/2024 11:15,26.17
13/06/2024 11:30,3.94
13/06/2024 11:45,-14.59
13/06/2024 12:00,-6.5
13/06/2024 12:15,7.85
13/06/2024 12:30,12.88
13/06/2024 12:45,-1.76
13/06/2024 13:00,25.45
13/06/2024 13:15,37.62
13/06/2024 13:30,34.72
13/06/2024 13:45,36.97
13/06/2024 14:00,-18.88
13/06/2024 14:15,22.78
13/06/2024 14:30,67.77
13/06/2024 14:45,69.32
13/06/2024 15:00,17.9
13/06/2024 15:15,58.07
13/06/2024 15:30,57.76
13/06/2024 15:45,79.6
13/06/2024 16:00,48.41
13/06/2024 16:15,70.16
13/06/2024 16:30,89.87
13/06/2024 16:45,94.12
13/06/2024 17:00,71.18
13/06/2024 17:15,77.83
13/06/2024 17:30,82.93
13/06/2024 17:45,92.07
13/06/2024 18:00,62.5
13/06/2024 18:15,72.57
13/06/2024 18:30,84.97
13/06/2024 18:45,101.24
13/06/2024 19:00,78
13/06/2024 19:15,88.73
13/06/2024 19:30,104.07
13/06/2024 19:45,123.26
13/06/2024 20:00,221.62
13/06/2024 20:15,134.56
13/06/2024 20:30,112.35
13/06/2024 20:45,93.52
13/06/2024 21:00,122.68
13/06/2024 21:15,109.62
13/06/2024 21:30,88.27
13/06/2024 21:45,90.95
13/06/2024 22:00,109.92
13/06/2024 22:15,95.22
13/06/2024 22:30,83.15
13/06/2024 22:45,65.41
13/06/2024 23:00,100.57
13/06/2024 23:15,89.3
13/06/2024 23:30,81.73
13/06/2024 23:45,71.66
14/06/2024 00:00,86.81
14/06/2024 00:15,73.06
14/06/2024 00:30,63.2
14/06/2024 00:45,63.33
14/06/2024 01:00,77.75
14/06/2024 01:15,74.48
14/06/2024 01:30,72.48
14/06/2024 01:45,64.34
14/06/2024 02:00,80.36
14/06/2024 02:15,75.35
14/06/2024 02:30,75.36
14/06/2024 02:45,62.56
14/06/2024 03:00,72.08
14/06/2024 03:15,63.37
14/06/2024 03:30,65.96
14/06/2024 03:45,72.73
14/06/2024 04:00,79.91
14/06/2024 04:15,81.83
14/06/2024 04:30,88.79
14/06/2024 04:45,93.84
14/06/2024 05:00,69.26
14/06/2024 05:15,86.93
14/06/2024 05:30,101
14/06/2024 05:45,96.17
14/06/2024 06:00,84.4
14/06/2024 06:15,85.45
14/06/2024 06:30,100.17
14/06/2024 06:45,113.36
14/06/2024 07:00,113.01
14/06/2024 07:15,108.87
14/06/2024 07:30,118.34
14/06/2024 07:45,113.98
14/06/2024 08:00,132.79
14/06/2024 08:15,108.89
14/06/2024 08:30,75.05
14/06/2024 08:45,69.64
14/06/2024 09:00,98.12
14/06/2024 09:15,81.92
14/06/2024 09:30,70.76
14/06/2024 09:45,67.01
14/06/2024 10:00,77.93
14/06/2024 10:15,75.13
14/06/2024 10:30,57.24
14/06/2024 10:45,52.01
14/06/2024 11:00,73.51
14/06/2024 11:15,71.24
14/06/2024 11:30,65.25
14/06/2024 11:45,46.04
14/06/2024 12:00,70.25
14/06/2024 12:15,57.85
14/06/2024 12:30,18.58
14/06/2024 12:45,0.53
14/06/2024 13:00,56.7
14/06/2024 13:15,70.58
14/06/2024 13:30,73.05
14/06/2024 13:45,105.45
14/06/2024 14:00,55.35
14/06/2024 14:15,80.37
14/06/2024 14:30,84.69
14/06/2024 14:45,89.8
14/06/2024 15:00,48.08
14/06/2024 15:15,66.69
14/06/2024 15:30,71.83
14/06/2024 15:45,80.9
14/06/2024 16:00,49.73
14/06/2024 16:15,81.73
14/06/2024 16:30,92.73
14/06/2024 16:45,94.4
14/06/2024 17:00,61.97
14/06/2024 17:15,75.92
14/06/2024 17:30,103.92
14/06/2024 17:45,150.45
14/06/2024 18:00,71.74
14/06/2024 18:15,102.13
14/06/2024 18:30,133.5
14/06/2024 18:45,338.03
14/06/2024 19:00,397.93
14/06/2024 19:15,257.63
14/06/2024 19:30,147.59
14/06/2024 19:45,133.77
14/06/2024 20:00,291.23
14/06/2024 20:15,102.53
14/06/2024 20:30,101.09
14/06/2024 20:45,89.05
14/06/2024 21:00,152.16
14/06/2024 21:15,130.86
14/06/2024 21:30,100.82
14/06/2024 21:45,116.67
14/06/2024 22:00,169.67
14/06/2024 22:15,106.92
14/06/2024 22:30,86.1
14/06/2024 22:45,83.67
14/06/2024 23:00,108.7
14/06/2024 23:15,91.83
14/06/2024 23:30,62.1
14/06/2024 23:45,42.25
15/06/2024 00:00,66.28
15/06/2024 00:15,48.71
15/06/2024 00:30,34.61
15/06/2024 00:45,34.88
15/06/2024 01:00,80.07
15/06/2024 01:15,86.62
15/06/2024 01:30,75.1
15/06/2024 01:45,49.66
15/06/2024 02:00,83.71
15/06/2024 02:15,56.4
15/06/2024 02:30,18.43
15/06/2024 02:45,15.82
15/06/2024 03:00,49.19
15/06/2024 03:15,31.68
15/06/2024 03:30,29.29
15/06/2024 03:45,50.19
15/06/2024 04:00,91.43
15/06/2024 04:15,70.28
15/06/2024 04:30,49.03
15/06/2024 04:45,11.21
15/06/2024 05:00,47.63
15/06/2024 05:15,52.26
15/06/2024 05:30,24.14
15/06/2024 05:45,-4.29
15/06/2024 06:00,24.42
15/06/2024 06:15,-0.38
15/06/2024 06:30,-3.53
15/06/2024 06:45,-12.73
15/06/2024 07:00,3.51
15/06/2024 07:15,-10.62
15/06/2024 07:30,-20.28
15/06/2024 07:45,-20.78
15/06/2024 08:00,44.44
15/06/2024 08:15,5.08
15/06/2024 08:30,-2.02
15/06/2024 08:45,-11.75
15/06/2024 09:00,5.24
15/06/2024 09:15,-2.83
15/06/2024 09:30,-4.65
15/06/2024 09:45,-15.12
15/06/2024 10:00,-1.51
15/06/2024 10:15,-2.24
15/06/2024 10:30,-5.88
15/06/2024 10:45,-30.65
15/06/2024 11:00,-7.43
15/06/2024 11:15,-13.15
15/06/2024 11:30,-47.58
15/06/2024 11:45,-54.59
15/06/2024 12:00,-34.4
15/06/2024 12:15,-59.45
15/06/2024 12:30,-91.11
15/06/2024 12:45,-107.49
15/06/2024 13:00,-100.66
15/06/2024 13:15,-96.37
15/06/2024 13:30,-92.51
15/06/2024 13:45,-80.7
15/06/2024 14:00,-78.57
15/06/2024 14:15,-53.37
15/06/2024 14:30,-31.29
15/06/2024 14:45,-12.2
15/06/2024 15:00,-68.27
15/06/2024 15:15,-41.06
15/06/2024 15:30,-16.43
15/06/2024 15:45,-6.76
15/06/2024 16:00,-49.72
15/06/2024 16:15,-18.01
15/06/2024 16:30,-3.73
15/06/2024 16:45,12.39
15/06/2024 17:00,-16.48
15/06/2024 17:15,-5.77
15/06/2024 17:30,1.59
15/06/2024 17:45,32.21
15/06/2024 18:00,-23.2
15/06/2024 18:15,-1.54
15/06/2024 18:30,18.97
15/06/2024 18:45,41.14
15/06/2024 19:00,22.8
15/06/2024 19:15,38.35
15/06/2024 19:30,65.25
15/06/2024 19:45,82.93
15/06/2024 20:00,73.8
15/06/2024 20:15,63.54
15/06/2024 20:30,51.15
15/06/2024 20:45,59.95
15/06/2024 21:00,124.11
15/06/2024 21:15,71.25
15/06/2024 21:30,43.38
15/06/2024 21:45,35.44
15/06/2024 22:00,46.6
15/06/2024 22:15,60.61
15/06/2024 22:30,43.84
15/06/2024 22:45,20.23
15/06/2024 23:00,68.8
15/06/2024 23:15,65.46
15/06/2024 23:30,47.86
15/06/2024 23:45,36.03
16/06/2024 00:00,44.59
16/06/2024 00:15,19.04
16/06/2024 00:30,10.41
16/06/2024 00:45,10.23
16/06/2024 01:00,29.11
16/06/2024 01:15,19.54
16/06/2024 01:30,4.73
16/06/2024 01:45,3.48
16/06/2024 02:00,6.56
16/06/2024 02:15,10.93
16/06/2024 02:30,8.85
16/06/2024 02:45,14.24
16/06/2024 03:00,5.8
16/06/2024 03:15,2.2
16/06/2024 03:30,3.95
16/06/2024 03:45,7.09
16/06/2024 04:00,14.55
16/06/2024 04:15,11.51
16/06/2024 04:30,11
16/06/2024 04:45,8.91
16/06/2024 05:00,4.09
16/06/2024 05:15,-1.78
16/06/2024 05:30,-4.26
16/06/2024 05:45,-21.67
16/06/2024 06:00,0.24
16/06/2024 06:15,2.64
16/06/2024 06:30,6.88
16/06/2024 06:45,-5.34
16/06/2024 07:00,8.48
16/06/2024 07:15,7.89
16/06/2024 07:30,2.94
16/06/2024 07:45,-4.32
16/06/2024 08:00,8.44
16/06/2024 08:15,-3.7
16/06/2024 08:30,-4.33
16/06/2024 08:45,-19.91
16/06/2024 09:00,-2.64
16/06/2024 09:15,-15.41
16/06/2024 09:30,-10.78
16/06/2024 09:45,-34.45
16/06/2024 10:00,-30.89
16/06/2024 10:15,-23.55
16/06/2024 10:30,-20.06
16/06/2024 10:45,-37.29
16/06/2024 11:00,-6.29
16/06/2024 11:15,-17.35
16/06/2024 11:30,-5.42
16/06/2024 11:45,1.94
16/06/2024 12:00,3.54
16/06/2024 12:15,5.16
16/06/2024 12:30,0.51
16/06/2024 12:45,-1.73
16/06/2024 13:00,-1.18
16/06/2024 13:15,2.52
16/06/2024 13:30,-1.87
16/06/2024 13:45,-5.89
16/06/2024 14:00,-7.99
16/06/2024 14:15,-12.08
16/06/2024 14:30,-13.33
16/06/2024 14:45,-1.22
16/06/2024 15:00,-38.11
16/06/2024 15:15,-16.12
16/06/2024 15:30,-13.43
16/06/2024 15:45,1.54
16/06/2024 16:00,-13.1
16/06/2024 16:15,-9.31
16/06/2024 16:30,1.95
16/06/2024 16:45,54.82
16/06/2024 17:00,2.6
16/06/2024 17:15,24.12
16/06/2024 17:30,68.09
16/06/2024 17:45,74.4
16/06/2024 18:00,58.55
16/06/2024 18:15,79.83
16/06/2024 18:30,94.5
16/06/2024 18:45,100.82
16/06/2024 19:00,88.58
16/06/2024 19:15,102.29
16/06/2024 19:30,109.89
16/06/2024 19:45,115.47
16/06/2024 20:00,97.76
16/06/2024 20:15,109.06
16/06/2024 20:30,107.01
16/06/2024 20:45,106.18
16/06/2024 21:00,271.64
16/06/2024 21:15,141.99
16/06/2024 21:30,127.75
16/06/2024 21:45,151.59
16/06/2024 22:00,237.77
16/06/2024 22:15,149.83
16/06/2024 22:30,115.19
16/06/2024 22:45,107.43
16/06/2024 23:00,130.09
16/06/2024 23:15,113.78
16/06/2024 23:30,92.62
16/06/2024 23:45,96.46
17/06/2024 00:00,111.27
17/06/2024 00:15,96.45
17/06/2024 00:30,90.45
17/06/2024 00:45,89.38
17/06/2024 01:00,85.98
17/06/2024 01:15,88.25
17/06/2024 01:30,88.86
17/06/2024 01:45,83.09
17/06/2024 02:00,86.75
17/06/2024 02:15,90.76
17/06/2024 02:30,97.4
17/06/2024 02:45,102.55
17/06/2024 03:00,100.4
17/06/2024 03:15,97.85
17/06/2024 03:30,97.48
17/06/2024 03:45,92.34
17/06/2024 04:00,84.46
17/06/2024 04:15,87.49
17/06/2024 04:30,97.59
17/06/2024 04:45,104.02
17/06/2024 05:00,90.16
17/06/2024 05:15,103.9
17/06/2024 05:30,98.93
17/06/2024 05:45,98.45
17/06/2024 06:00,92.59
17/06/2024 06:15,99.09
17/06/2024 06:30,108.68
17/06/2024 06:45,102.63
17/06/2024 07:00,147.6
17/06/2024 07:15,98.27
17/06/2024 07:30,95.2
17/06/2024 07:45,89.26
17/06/2024 08:00,88.59
17/06/2024 08:15,85.85
17/06/2024 08:30,71.41
17/06/2024 08:45,70.65
17/06/2024 09:00,70.56
17/06/2024 09:15,70.36
17/06/2024 09:30,61.43
17/06/2024 09:45,35.54
17/06/2024 10:00,54.5
17/06/2024 10:15,40.96
17/06/2024 10:30,16.49
17/06/2024 10:45,-0.2
17/06/2024 11:00,67.73
17/06/2024 11:15,45.66
17/06/2024 11:30,43.82
17/06/2024 11:45,3.57
17/06/2024 12:00,38.02
17/06/2024 12:15,23.98
17/06/2024 12:30,-10.58
17/06/2024 12:45,-23.81
17/06/2024 13:00,-17.47
17/06/2024 13:15,-10.03
17/06/2024 13:30,18.27
17/06/2024 13:45,38.72
17/06/2024 14:00,-34.52
17/06/2024 14:15,-14.02
17/06/2024 14:30,43.89
17/06/2024 14:45,82.59
17/06/2024 15:00,51.51
17/06/2024 15:15,62.37
17/06/2024 15:30,72.5
17/06/2024 15:45,72.46
17/06/2024 16:00,60.38
17/06/2024 16:15,76.6
17/06/2024 16:30,85.84
17/06/2024 16:45,87.55
17/06/2024 17:00,72.43
17/06/2024 17:15,81.95
17/06/2024 17:30,91.29
17/06/2024 17:45,90.93
17/06/2024 18:00,71.74
17/06/2024 18:15,85.42
17/06/2024 18:30,105.86
17/06/2024 18:45,166.97
17/06/2024 19:00,87.55
17/06/2024 19:15,109.52
17/06/2024 19:30,119.94
17/06/2024 19:45,114.69
17/06/2024 20:00,140.11
17/06/2024 20:15,103.61
17/06/2024 20:30,102
17/06/2024 20:45,90.46
17/06/2024 21:00,138.44
17/06/2024 21:15,108.17
17/06/2024 21:30,90.01
17/06/2024 21:45,84.8
17/06/2024 22:00,107.35
17/06/2024 22:15,96.53
17/06/2024 22:30,84.78
17/06/2024 22:45,92.39
17/06/2024 23:00,128.78
17/06/2024 23:15,104.13
17/06/2024 23:30,80.22
17/06/2024 23:45,80.86
18/06/2024 00:00,108.61
18/06/2024 00:15,96.1
18/06/2024 00:30,94.12
18/06/2024 00:45,90.72
18/06/2024 01:00,92.89
18/06/2024 01:15,88.58
18/06/2024 01:30,93.98
18/06/2024 01:45,94.09
18/06/2024 02:00,91.32
18/06/2024 02:15,94.4
18/06/2024 02:30,90.13
18/06/2024 02:45,87.61
18/06/2024 03:00,68.95
18/06/2024 03:15,77.95
18/06/2024 03:30,92.57
18/06/2024 03:45,91.41
18/06/2024 04:00,74
18/06/2024 04:15,76.07
18/06/2024 04:30,84.64
18/06/2024 04:45,96.31
18/06/2024 05:00,85.44
18/06/2024 05:15,95.33
18/06/2024 05:30,88.37
18/06/2024 05:45,83.09
18/06/2024 06:00,113.48
18/06/2024 06:15,93.21
18/06/2024 06:30,91.14
18/06/2024 06:45,79.94
18/06/2024 07:00,103.93
18/06/2024 07:15,89.65
18/06/2024 07:30,81.63
18/06/2024 07:45,72.08
18/06/2024 08:00,86.7
18/06/2024 08:15,74.62
18/06/2024 08:30,74.22
18/06/2024 08:45,73.56
18/06/2024 09:00,93.65
18/06/2024 09:15,89.77
18/06/2024 09:30,84.26
18/06/2024 09:45,77.39
18/06/2024 10:00,92.83
18/06/2024 10:15,81.5
18/06/2024 10:30,78.21
18/06/2024 10:45,78.91
18/06/2024 11:00,105.18
18/06/2024 11:15,109.07
18/06/2024 11:30,98.29
18/06/2024 11:45,88.49
18/06/2024 12:00,81.34
18/06/2024 12:15,88.04
18/06/2024 12:30,104.18
18/06/2024 12:45,120.87
18/06/2024 13:00,98.18
18/06/2024 13:15,94.54
18/06/2024 13:30,96.42
18/06/2024 13:45,97.33
18/06/2024 14:00,84.15
18/06/2024 14:15,88.94
18/06/2024 14:30,89.32
18/06/2024 14:45,83.75
18/06/2024 15:00,86.86
18/06/2024 15:15,92.72
18/06/2024 15:30,91.84
18/06/2024 15:45,87
18/06/2024 16:00,85.55
18/06/2024 16:15,104.75
18/06/2024 16:30,128.96
18/06/2024 16:45,147.26
18/06/2024 17:00,131.47
18/06/2024 17:15,131.08
18/06/2024 17:30,127.63
18/06/2024 17:45,129.65
18/06/2024 18:00,107.27
18/06/2024 18:15,110.82
18/06/2024 18:30,145.89
18/06/2024 18:45,184.53
18/06/2024 19:00,186.14
18/06/2024 19:15,175.85
18/06/2024 19:30,126.16
18/06/2024 19:45,125.12
18/06/2024 20:00,122.93
18/06/2024 20:15,107.42
18/06/2024 20:30,102.97
18/06/2024 20:45,91.69
18/06/2024 21:00,117.33
18/06/2024 21:15,96.88
18/06/2024 21:30,92.41
18/06/2024 21:45,78.54
18/06/2024 22:00,104.88
18/06/2024 22:15,100.59
18/06/2024 22:30,81.65
18/06/2024 22:45,78.23
18/06/2024 23:00,114.01
18/06/2024 23:15,87.98
18/06/2024 23:30,81.79
18/06/2024 23:45,83.79
19/06/2024 00:00,93.35
19/06/2024 00:15,90.69
19/06/2024 00:30,82.03
19/06/2024 00:45,77.21
19/06/2024 01:00,82.35
19/06/2024 01:15,86.93
19/06/2024 01:30,78.6
19/06/2024 01:45,75.3
19/06/2024 02:00,69
19/06/2024 02:15,79.91
19/06/2024 02:30,77.42
19/06/2024 02:45,82.71
19/06/2024 03:00,74.87
19/06/2024 03:15,74.75
19/06/2024 03:30,82.34
19/06/2024 03:45,81.87
19/06/2024 04:00,82.52
19/06/2024 04:15,86.24
19/06/2024 04:30,102.8
19/06/2024 04:45,117.32
19/06/2024 05:00,93.37
19/06/2024 05:15,105.57
19/06/2024 05:30,101.8
19/06/2024 05:45,119.58
19/06/2024 06:00,129.41
19/06/2024 06:15,102.02
19/06/2024 06:30,96.55
19/06/2024 06:45,102.61
19/06/2024 07:00,154.84
19/06/2024 07:15,111.93
19/06/2024 07:30,114.81
19/06/2024 07:45,87.71
19/06/2024 08:00,102.31
19/06/2024 08:15,90
19/06/2024 08:30,72.14
19/06/2024 08:45,84.59
19/06/2024 09:00,110
19/06/2024 09:15,107.52
19/06/2024 09:30,95.55
19/06/2024 09:45,79.92
19/06/2024 10:00,97.08
19/06/2024 10:15,88.81
19/06/2024 10:30,79.41
19/06/2024 10:45,73.42
19/06/2024 11:00,98.1
19/06/2024 11:15,82.79
19/06/2024 11:30,67.51
19/06/2024 11:45,76.85
19/06/2024 12:00,97.63
19/06/2024 12:15,87.43
19/06/2024 12:30,74.43
19/06/2024 12:45,22.23
19/06/2024 13:00,70.58
19/06/2024 13:15,65.19
19/06/2024 13:30,63.07
19/06/2024 13:45,55.96
19/06/2024 14:00,65.53
19/06/2024 14:15,68.47
19/06/2024 14:30,66.18
19/06/2024 14:45,68.19
19/06/2024 15:00,73.53
19/06/2024 15:15,82.05
19/06/2024 15:30,83.65
19/06/2024 15:45,92.31
19/06/2024 16:00,81.62
19/06/2024 16:15,82.75
19/06/2024 16:30,82.48
19/06/2024 16:45,81.43
19/06/2024 17:00,65.41
19/06/2024 17:15,79.48
19/06/2024 17:30,90.13
19/06/2024 17:45,93.75
19/06/2024 18:00,88.66
19/06/2024 18:15,85.32
19/06/2024 18:30,92.15
19/06/2024 18:45,117.49
19/06/2024 19:00,102
19/06/2024 19:15,105.48
19/06/2024 19:30,113.83
19/06/2024 19:45,142.29
19/06/2024 20:00,124.28
19/06/2024 20:15,143.91
19/06/2024 20:30,126.66
19/06/2024 20:45,111.54
19/06/2024 21:00,113.27
19/06/2024 21:15,108.61
19/06/2024 21:30,103.93
19/06/2024 21:45,105.48
19/06/2024 22:00,120.32
19/06/2024 22:15,109.07
19/06/2024 22:30,89.15
19/06/2024 22:45,78.28
19/06/2024 23:00,92.93
19/06/2024 23:15,96.99
19/06/2024 23:30,80.39
19/06/2024 23:45,77.6
20/06/2024 00:00,95.7
20/06/2024 00:15,111.3
20/06/2024 00:30,96.78
20/06/2024 00:45,86.02
20/06/2024 01:00,76.05
20/06/2024 01:15,78.42
20/06/2024 01:30,80.8
20/06/2024 01:45,80.89
20/06/2024 02:00,80.52
20/06/2024 02:15,78.82
20/06/2024 02:30,81.76
20/06/2024 02:45,86.94
20/06/2024 03:00,85.36
20/06/2024 03:15,79.31
20/06/2024 03:30,81.84
20/06/2024 03:45,78.7
20/06/2024 04:00,85.44
20/06/2024 04:15,91.2
20/06/2024 04:30,92.34
20/06/2024 04:45,108.65
20/06/2024 05:00,97.3
20/06/2024 05:15,111.38
20/06/2024 05:30,116.95
20/06/2024 05:45,116
20/06/2024 06:00,106.46
20/06/2024 06:15,106.66
20/06/2024 06:30,116.75
20/06/2024 06:45,95.55
20/06/2024 07:00,130.08
20/06/2024 07:15,96.47
20/06/2024 07:30,78.76
20/06/2024 07:45,76.29
20/06/2024 08:00,155.76
20/06/2024 08:15,116.65
20/06/2024 08:30,88.48
20/06/2024 08:45,70.46
20/06/2024 09:00,104.01
20/06/2024 09:15,85.48
20/06/2024 09:30,81.7
20/06/2024 09:45,64.84
20/06/2024 10:00,81.43
20/06/2024 10:15,60.12
20/06/2024 10:30,18.48
20/06/2024 10:45,-13.43
20/06/2024 11:00,63.01
20/06/2024 11:15,54.91
20/06/2024 11:30,49.82
20/06/2024 11:45,68.68
20/06/2024 12:00,65.6
20/06/2024 12:15,64.75
20/06/2024 12:30,79.7
20/06/2024 12:45,91.69
20/06/2024 13:00,77.64
20/06/2024 13:15,97.41
20/06/2024 13:30,105.09
20/06/2024 13:45,113.67
20/06/2024 14:00,89.99
20/06/2024 14:15,88.79
20/06/2024 14:30,81.55
20/06/2024 14:45,85.8
20/06/2024 15:00,87.09
20/06/2024 15:15,87.09
20/06/2024 15:30,98.93
20/06/2024 15:45,107.39
20/06/2024 16:00,75.04
20/06/2024 16:15,92.4
20/06/2024 16:30,137.37
20/06/2024 16:45,145.92
20/06/2024 17:00,126.26
20/06/2024 17:15,162.46
20/06/2024 17:30,285.65
20/06/2024 17:45,356.77
20/06/2024 18:00,148.72
20/06/2024 18:15,160.05
20/06/2024 18:30,250.96
20/06/2024 18:45,316.52
20/06/2024 19:00,255.07
20/06/2024 19:15,398.35
20/06/2024 19:30,576.79
20/06/2024 19:45,851.29
20/06/2024 20:00,875.75
20/06/2024 20:15,300.85
20/06/2024 20:30,243.97
20/06/2024 20:45,321.42
20/06/2024 21:00,517.06
20/06/2024 21:15,557.25
20/06/2024 21:30,406.01
20/06/2024 21:45,258.55
20/06/2024 22:00,276.66
20/06/2024 22:15,129.67
20/06/2024 22:30,118.18
20/06/2024 22:45,98.46
20/06/2024 23:00,162.98
20/06/2024 23:15,147.39
20/06/2024 23:30,116.89
20/06/2024 23:45,106.6
21/06/2024 00:00,155.16
21/06/2024 00:15,122.33
21/06/2024 00:30,112.55
21/06/2024 00:45,115.39
21/06/2024 01:00,107.39
21/06/2024 01:15,110.51
21/06/2024 01:30,99.31
21/06/2024 01:45,105.98
21/06/2024 02:00,106.23
21/06/2024 02:15,100.23
21/06/2024 02:30,96.86
21/06/2024 02:45,99.07
21/06/2024 03:00,106.49
21/06/2024 03:15,93.91
21/06/2024 03:30,113.58
21/06/2024 03:45,111.82
21/06/2024 04:00,99.54
21/06/2024 04:15,99.13
21/06/2024 04:30,107.17
21/06/2024 04:45,143.12
21/06/2024 05:00,94.97
21/06/2024 05:15,105.43
21/06/2024 05:30,116.87
21/06/2024 05:45,104.84
21/06/2024 06:00,119.93
21/06/2024 06:15,128.93
21/06/2024 06:30,140.5
21/06/2024 06:45,123.39
21/06/2024 07:00,136.22
21/06/2024 07:15,117.04
21/06/2024 07:30,127.34
21/06/2024 07:45,124.02
21/06/2024 08:00,139.61
21/06/2024 08:15,127.69
21/06/2024 08:30,119.66
21/06/2024 08:45,117.63
21/06/2024 09:00,125.79
21/06/2024 09:15,116.75
21/06/2024 09:30,122.27
21/06/2024 09:45,108.26
21/06/2024 10:00,231.49
21/06/2024 10:15,148.19
21/06/2024 10:30,106.3
21/06/2024 10:45,96.08
21/06/2024 11:00,139.42
21/06/2024 11:15,97.15
21/06/2024 11:30,98.36
21/06/2024 11:45,94.38
21/06/2024 12:00,111.09
21/06/2024 12:15,108.13
21/06/2024 12:30,114.09
21/06/2024 12:45,100.93
21/06/2024 13:00,95.96
21/06/2024 13:15,78.86
21/06/2024 13:30,70.33
21/06/2024 13:45,19.69
21/06/2024 14:00,78.82
21/06/2024 14:15,79.34
21/06/2024 14:30,75.16
21/06/2024 14:45,91.52
21/06/2024 15:00,83.63
21/06/2024 15:15,102.11
21/06/2024 15:30,114.05
21/06/2024 15:45,116.71
21/06/2024 16:00,109.91
21/06/2024 16:15,112.78
21/06/2024 16:30,106.45
21/06/2024 16:45,116.33
21/06/2024 17:00,113.37
21/06/2024 17:15,113.19
21/06/2024 17:30,104.35
21/06/2024 17:45,92.57
21/06/2024 18:00,95.57
21/06/2024 18:15,103.87
21/06/2024 18:30,99.49
21/06/2024 18:45,93.85
21/06/2024 19:00,107.06
21/06/2024 19:15,101.96
21/06/2024 19:30,106.66
21/06/2024 19:45,88.9
21/06/2024 20:00,135.88
21/06/2024 20:15,101.81
21/06/2024 20:30,98.42
21/06/2024 20:45,88.58
21/06/2024 21:00,135.67
21/06/2024 21:15,92.82
21/06/2024 21:30,93.57
21/06/2024 21:45,92.56
21/06/2024 22:00,88.61
21/06/2024 22:15,74.56
21/06/2024 22:30,88.37
21/06/2024 22:45,86.47
21/06/2024 23:00,83.23
21/06/2024 23:15,87.26
21/06/2024 23:30,64.88
21/06/2024 23:45,58.46
22/06/2024 00:00,68.65
22/06/2024 00:15,56.57
22/06/2024 00:30,44.73
22/06/2024 00:45,50.73
22/06/2024 01:00,48.36
22/06/2024 01:15,41.21
22/06/2024 01:30,38.81
22/06/2024 01:45,24.81
22/06/2024 02:00,35.6
22/06/2024 02:15,28.9
22/06/2024 02:30,8.19
22/06/2024 02:45,2.36
22/06/2024 03:00,2.24
22/06/2024 03:15,17.49
22/06/2024 03:30,15.15
22/06/2024 03:45,14.01
22/06/2024 04:00,8.35
22/06/2024 04:15,2.89
22/06/2024 04:30,5.04
22/06/2024 04:45,9.85
22/06/2024 05:00,4.82
22/06/2024 05:15,7.69
22/06/2024 05:30,-4.21
22/06/2024 05:45,-0.08
22/06/2024 06:00,17
22/06/2024 06:15,19
22/06/2024 06:30,27.1
22/06/2024 06:45,0.5
22/06/2024 07:00,44.11
22/06/2024 07:15,22.2
22/06/2024 07:30,32.43
22/06/2024 07:45,-5.73
22/06/2024 08:00,25.22
22/06/2024 08:15,-0.77
22/06/2024 08:30,-5.08
22/06/2024 08:45,-32.48
22/06/2024 09:00,6.34
22/06/2024 09:15,-4.09
22/06/2024 09:30,-9.99
22/06/2024 09:45,-17.46
22/06/2024 10:00,-5.69
22/06/2024 10:15,-8.18
22/06/2024 10:30,-9.15
22/06/2024 10:45,-21.71
22/06/2024 11:00,-7.46
22/06/2024 11:15,-1.03
22/06/2024 11:30,-4.82
22/06/2024 11:45,-22.97
22/06/2024 12:00,-26.38
22/06/2024 12:15,-27.87
22/06/2024 12:30,-23.13
22/06/2024 12:45,-25.02
22/06/2024 13:00,-24.16
22/06/2024 13:15,-16.61
22/06/2024 13:30,-20.76
22/06/2024 13:45,-7.32
22/06/2024 14:00,-38.88
22/06/2024 14:15,-4.17
22/06/2024 14:30,-8.09
22/06/2024 14:45,7.62
22/06/2024 15:00,-50.27
22/06/2024 15:15,-14.21
22/06/2024 15:30,-1.84
22/06/2024 15:45,16.67
22/06/2024 16:00,-64.64
22/06/2024 16:15,-24.01
22/06/2024 16:30,-5.44
22/06/2024 16:45,29.01
22/06/2024 17:00,-16.83
22/06/2024 17:15,1.76
22/06/2024 17:30,26.82
22/06/2024 17:45,46.93
22/06/2024 18:00,13.18
22/06/2024 18:15,44.76
22/06/2024 18:30,64.27
22/06/2024 18:45,62.51
22/06/2024 19:00,43.72
22/06/2024 19:15,64.96
22/06/2024 19:30,81.09
22/06/2024 19:45,107.82
22/06/2024 20:00,79.52
22/06/2024 20:15,78.9
22/06/2024 20:30,71.39
22/06/2024 20:45,65.6
22/06/2024 21:00,118.57
22/06/2024 21:15,71.81
22/06/2024 21:30,67.34
22/06/2024 21:45,60.02
22/06/2024 22:00,84.22
22/06/2024 22:15,89.36
22/06/2024 22:30,75.9
22/06/2024 22:45,71.82
22/06/2024 23:00,93.52
22/06/2024 23:15,93.1
22/06/2024 23:30,75.37
22/06/2024 23:45,81.51
23/06/2024 00:00,77.59
23/06/2024 00:15,67.92
23/06/2024 00:30,65.59
23/06/2024 00:45,64.61
23/06/2024 01:00,65.78
23/06/2024 01:15,71.24
23/06/2024 01:30,78.73
23/06/2024 01:45,57.42
23/06/2024 02:00,62.02
23/06/2024 02:15,36.37
23/06/2024 02:30,36.14
23/06/2024 02:45,39
23/06/2024 03:00,22.89
23/06/2024 03:15,20.64
23/06/2024 03:30,25.03
23/06/2024 03:45,29.28
23/06/2024 04:00,33.62
23/06/2024 04:15,37.09
23/06/2024 04:30,35.19
23/06/2024 04:45,15.94
23/06/2024 05:00,8.38
23/06/2024 05:15,-1.12
23/06/2024 05:30,8.02
23/06/2024 05:45,3.89
23/06/2024 06:00,27.88
23/06/2024 06:15,15.53
23/06/2024 06:30,22.22
23/06/2024 06:45,1.03
23/06/2024 07:00,20.38
23/06/2024 07:15,4.53
23/06/2024 07:30,16.1
23/06/2024 07:45,-2.77
23/06/2024 08:00,55.6
23/06/2024 08:15,27.28
23/06/2024 08:30,-4.33
23/06/2024 08:45,-21.93
23/06/2024 09:00,41.61
23/06/2024 09:15,34.85
23/06/2024 09:30,31.48
23/06/2024 09:45,-15.47
23/06/2024 10:00,15.71
23/06/2024 10:15,-5.99
23/06/2024 10:30,7.24
23/06/2024 10:45,-2.08
23/06/2024 11:00,10.14
23/06/2024 11:15,-0.2
23/06/2024 11:30,-2.21
23/06/2024 11:45,-19.23
23/06/2024 12:00,5.28
23/06/2024 12:15,0.07
23/06/2024 12:30,-8.04
23/06/2024 12:45,-24.35
23/06/2024 13:00,-23.65
23/06/2024 13:15,-29.09
23/06/2024 13:30,-14.83
23/06/2024 13:45,-12.58
23/06/2024 14:00,-39.49
23/06/2024 14:15,-16.59
23/06/2024 14:30,2.07
23/06/2024 14:45,11.72
23/06/2024 15:00,-8.61
23/06/2024 15:15,8.02
23/06/2024 15:30,6.99
23/06/2024 15:45,51.8
23/06/2024 16:00,-8.48
23/06/2024 16:15,33.94
23/06/2024 16:30,65.98
23/06/2024 16:45,95.73
23/06/2024 17:00,29.15
23/06/2024 17:15,58.83
23/06/2024 17:30,96.24
23/06/2024 17:45,108.28
23/06/2024 18:00,89.53
23/06/2024 18:15,90.88
23/06/2024 18:30,104.4
23/06/2024 18:45,97.39
23/06/2024 19:00,105.26
23/06/2024 19:15,103.91
23/06/2024 19:30,116.41
23/06/2024 19:45,124.75
23/06/2024 20:00,171.24
23/06/2024 20:15,140.72
23/06/2024 20:30,122.67
23/06/2024 20:45,133.81
23/06/2024 21:00,116.14
23/06/2024 21:15,105.67
23/06/2024 21:30,97.33
23/06/2024 21:45,86.15
23/06/2024 22:00,104.2
23/06/2024 22:15,112.53
23/06/2024 22:30,113.45
23/06/2024 22:45,99.64
23/06/2024 23:00,136.82
23/06/2024 23:15,141.52
23/06/2024 23:30,97.6
23/06/2024 23:45,107.62
24/06/2024 00:00,105.37
24/06/2024 00:15,86.25
24/06/2024 00:30,80.06
24/06/2024 00:45,79.67
24/06/2024 01:00,90.81
24/06/2024 01:15,84.74
24/06/2024 01:30,77.63
24/06/2024 01:45,77.78
24/06/2024 02:00,83.46
24/06/2024 02:15,76.24
24/06/2024 02:30,79.31
24/06/2024 02:45,78.51
24/06/2024 03:00,76.69
24/06/2024 03:15,81.97
24/06/2024 03:30,103.18
24/06/2024 03:45,102.17
24/06/2024 04:00,90.81
24/06/2024 04:15,107.43
24/06/2024 04:30,124.26
24/06/2024 04:45,151.86
24/06/2024 05:00,113.34
24/06/2024 05:15,115.73
24/06/2024 05:30,120.84
24/06/2024 05:45,96.28
24/06/2024 06:00,142.21
24/06/2024 06:15,102.64
24/06/2024 06:30,94.08
24/06/2024 06:45,76.86
24/06/2024 07:00,124.98
24/06/2024 07:15,94.49
24/06/2024 07:30,75.04
24/06/2024 07:45,79.84
24/06/2024 08:00,117.5
24/06/2024 08:15,93.75
24/06/2024 08:30,79.05
24/06/2024 08:45,64.56
24/06/2024 09:00,74.34
24/06/2024 09:15,54.08
24/06/2024 09:30,11.42
24/06/2024 09:45,-7.04
24/06/2024 10:00,97.81
24/06/2024 10:15,58.99
24/06/2024 10:30,44.13
24/06/2024 10:45,14.64
24/06/2024 11:00,76.47
24/06/2024 11:15,50.71
24/06/2024 11:30,42.42
24/06/2024 11:45,34.79
24/06/2024 12:00,38.85
24/06/2024 12:15,27.13
24/06/2024 12:30,17.04
24/06/2024 12:45,-5.96
24/06/2024 13:00,-15.18
24/06/2024 13:15,7.92
24/06/2024 13:30,37.43
24/06/2024 13:45,58.19
24/06/2024 14:00,1
24/06/2024 14:15,50.64
24/06/2024 14:30,47.15
24/06/2024 14:45,62.19
24/06/2024 15:00,-7.2
24/06/2024 15:15,46.15
24/06/2024 15:30,54.27
24/06/2024 15:45,57.85
24/06/2024 16:00,45.14
24/06/2024 16:15,54.74
24/06/2024 16:30,85.28
24/06/2024 16:45,88.1
24/06/2024 17:00,47.81
24/06/2024 17:15,69.79
24/06/2024 17:30,90.09
24/06/2024 17:45,100.94
24/06/2024 18:00,59.11
24/06/2024 18:15,71.67
24/06/2024 18:30,95.66
24/06/2024 18:45,149.86
24/06/2024 19:00,108.24
24/06/2024 19:15,128.62
24/06/2024 19:30,156.94
24/06/2024 19:45,182.12
24/06/2024 20:00,872.89
24/06/2024 20:15,534.88
24/06/2024 20:30,293.72
24/06/2024 20:45,154.73
24/06/2024 21:00,142.18
24/06/2024 21:15,80.63
24/06/2024 21:30,102.26
24/06/2024 21:45,83.35
24/06/2024 22:00,102.67
24/06/2024 22:15,100.93
24/06/2024 22:30,97.88
24/06/2024 22:45,81.07
24/06/2024 23:00,92.3
24/06/2024 23:15,88.23
24/06/2024 23:30,69.4
24/06/2024 23:45,66.45
25/06/2024 00:00,98.36
25/06/2024 00:15,69.51
25/06/2024 00:30,69.76
25/06/2024 00:45,74.22
25/06/2024 01:00,75.16
25/06/2024 01:15,75.05
25/06/2024 01:30,73.72
25/06/2024 01:45,73.62
25/06/2024 02:00,73.16
25/06/2024 02:15,72.63
25/06/2024 02:30,67.67
25/06/2024 02:45,69.42
25/06/2024 03:00,61.36
25/06/2024 03:15,71.87
25/06/2024 03:30,88.19
25/06/2024 03:45,94.31
25/06/2024 04:00,69.67
25/06/2024 04:15,76.8
25/06/2024 04:30,89.51
25/06/2024 04:45,101.63
25/06/2024 05:00,89.72
25/06/2024 05:15,95.03
25/06/2024 05:30,94.77
25/06/2024 05:45,85.86
25/06/2024 06:00,111.66
25/06/2024 06:15,107.39
25/06/2024 06:30,112.53
25/06/2024 06:45,85.08
25/06/2024 07:00,105.98
25/06/2024 07:15,92.51
25/06/2024 07:30,84.92
25/06/2024 07:45,80.43
25/06/2024 08:00,120.04
25/06/2024 08:15,79.68
25/06/2024 08:30,70.55
25/06/2024 08:45,31.54
25/06/2024 09:00,114.89
25/06/2024 09:15,85.01
25/06/2024 09:30,65.56
25/06/2024 09:45,18.63
25/06/2024 10:00,73.14
25/06/2024 10:15,30.85
25/06/2024 10:30,-0.63
25/06/2024 10:45,-40.08
25/06/2024 11:00,49.91
25/06/2024 11:15,0.61
25/06/2024 11:30,-17.68
25/06/2024 11:45,-10.97
25/06/2024 12:00,46.78
25/06/2024 12:15,21.04
25/06/2024 12:30,0.11
25/06/2024 12:45,-3.69
25/06/2024 13:00,-9.57
25/06/2024 13:15,-6.65
25/06/2024 13:30,-5.62
25/06/2024 13:45,0.61
25/06/2024 14:00,-30.29
25/06/2024 14:15,-16.7
25/06/2024 14:30,-14
25/06/2024 14:45,-4.22
25/06/2024 15:00,-31.06
25/06/2024 15:15,-22.43
25/06/2024 15:30,-1.27
25/06/2024 15:45,60.77
25/06/2024 16:00,-18.69
25/06/2024 16:15,39.57
25/06/2024 16:30,59.79
25/06/2024 16:45,69.57
25/06/2024 17:00,39.27
25/06/2024 17:15,66.19
25/06/2024 17:30,79.02
25/06/2024 17:45,100.55
25/06/2024 18:00,78.38
25/06/2024 18:15,90.13
25/06/2024 18:30,119.13
25/06/2024 18:45,130.61
25/06/2024 19:00,120.65
25/06/2024 19:15,136.02
25/06/2024 19:30,147.16
25/06/2024 19:45,153.84
25/06/2024 20:00,209.05
25/06/2024 20:15,149.62
25/06/2024 20:30,154.52
25/06/2024 20:45,136.03
25/06/2024 21:00,153.63
25/06/2024 21:15,108.56
25/06/2024 21:30,122.04
25/06/2024 21:45,101.51
25/06/2024 22:00,161.71
25/06/2024 22:15,170.62
25/06/2024 22:30,122.96
25/06/2024 22:45,113.34
25/06/2024 23:00,111.68
25/06/2024 23:15,85.81
25/06/2024 23:30,68.91
25/06/2024 23:45,82.55
26/06/2024 00:00,77.77
26/06/2024 00:15,78.46
26/06/2024 00:30,88.08
26/06/2024 00:45,96.12
26/06/2024 01:00,81.42
26/06/2024 01:15,75.22
26/06/2024 01:30,72.65
26/06/2024 01:45,83.96
26/06/2024 02:00,81.09
26/06/2024 02:15,80.31
26/06/2024 02:30,81.75
26/06/2024 02:45,90.78
26/06/2024 03:00,77.34
26/06/2024 03:15,77.47
26/06/2024 03:30,93.61
26/06/2024 03:45,92.78
26/06/2024 04:00,85.3
26/06/2024 04:15,78.29
26/06/2024 04:30,86.13
26/06/2024 04:45,96.84
26/06/2024 05:00,113.57
26/06/2024 05:15,120.62
26/06/2024 05:30,105.46
26/06/2024 05:45,76.94
26/06/2024 06:00,108.81
26/06/2024 06:15,92.13
26/06/2024 06:30,101.35
26/06/2024 06:45,96.01
26/06/2024 07:00,186.95
26/06/2024 07:15,126.53
26/06/2024 07:30,113.47
26/06/2024 07:45,67.34
26/06/2024 08:00,100.85
26/06/2024 08:15,78.17
26/06/2024 08:30,69.71
26/06/2024 08:45,64.86
26/06/2024 09:00,84.1
26/06/2024 09:15,67.24
26/06/2024 09:30,65.32
26/06/2024 09:45,44.22
26/06/2024 10:00,65.04
26/06/2024 10:15,54.3
26/06/2024 10:30,35.44
26/06/2024 10:45,13.32
26/06/2024 11:00,73.46
26/06/2024 11:15,5.93
26/06/2024 11:30,0.65
26/06/2024 11:45,0.08
26/06/2024 12:00,20.63
26/06/2024 12:15,5.59
26/06/2024 12:30,-5.51
26/06/2024 12:45,-4.29
26/06/2024 13:00,-4.48
26/06/2024 13:15,29.67
26/06/2024 13:30,14.93
26/06/2024 13:45,82
26/06/2024 14:00,49.87
26/06/2024 14:15,87.19
26/06/2024 14:30,86.18
26/06/2024 14:45,108.17
26/06/2024 15:00,22.67
26/06/2024 15:15,49.79
26/06/2024 15:30,58.93
26/06/2024 15:45,70.38
26/06/2024 16:00,59.76
26/06/2024 16:15,69.34
26/06/2024 16:30,91.68
26/06/2024 16:45,95.89
26/06/2024 17:00,74.1
26/06/2024 17:15,84.2
26/06/2024 17:30,92.01
26/06/2024 17:45,122.72
26/06/2024 18:00,78.06
26/06/2024 18:15,93.41
26/06/2024 18:30,160.43
26/06/2024 18:45,266.82
26/06/2024 19:00,352.12
26/06/2024 19:15,360.71
26/06/2024 19:30,504.33
26/06/2024 19:45,559.99
26/06/2024 20:00,577.44
26/06/2024 20:15,182.86
26/06/2024 20:30,113.35
26/06/2024 20:45,98.19
26/06/2024 21:00,136.26
26/06/2024 21:15,102.93
26/06/2024 21:30,110.67
26/06/2024 21:45,84.28
26/06/2024 22:00,109.56
26/06/2024 22:15,105.13
26/06/2024 22:30,111.89
26/06/2024 22:45,91.38
26/06/2024 23:00,105.01
26/06/2024 23:15,107.64
26/06/2024 23:30,72.65
26/06/2024 23:45,76.4
27/06/2024 00:00,95.97
27/06/2024 00:15,80.81
27/06/2024 00:30,77.32
27/06/2024 00:45,103.27
27/06/2024 01:00,82.41
27/06/2024 01:15,74.85
27/06/2024 01:30,87.69
27/06/2024 01:45,89.24
27/06/2024 02:00,92.8
27/06/2024 02:15,83.98
27/06/2024 02:30,108.81
27/06/2024 02:45,104.08
27/06/2024 03:00,82.11
27/06/2024 03:15,82.71
27/06/2024 03:30,96.71
27/06/2024 03:45,104.44
27/06/2024 04:00,89.42
27/06/2024 04:15,83.26
27/06/2024 04:30,90
27/06/2024 04:45,111.01
27/06/2024 05:00,90.31
27/06/2024 05:15,84.62
27/06/2024 05:30,101.25
27/06/2024 05:45,103.74
27/06/2024 06:00,153.74
27/06/2024 06:15,153.13
27/06/2024 06:30,179.71
27/06/2024 06:45,123.41
27/06/2024 07:00,135.54
27/06/2024 07:15,99.47
27/06/2024 07:30,90.18
27/06/2024 07:45,83.82
27/06/2024 08:00,112.37
27/06/2024 08:15,96.38
27/06/2024 08:30,75.26
27/06/2024 08:45,65.36
27/06/2024 09:00,75.29
27/06/2024 09:15,76.12
27/06/2024 09:30,71.75
27/06/2024 09:45,67.18
27/06/2024 10:00,77.37
27/06/2024 10:15,65.7
27/06/2024 10:30,40.51
27/06/2024 10:45,14.46
27/06/2024 11:00,62.86
27/06/2024 11:15,53.7
27/06/2024 11:30,43.16
27/06/2024 11:45,59.9
27/06/2024 12:00,54.93
27/06/2024 12:15,21.98
27/06/2024 12:30,8.5
27/06/2024 12:45,-0.28
27/06/2024 13:00,0.52
27/06/2024 13:15,22.93
27/06/2024 13:30,42.29
27/06/2024 13:45,38.65
27/06/2024 14:00,7.8
27/06/2024 14:15,45.1
27/06/2024 14:30,37.37
27/06/2024 14:45,15.2
27/06/2024 15:00,-27.1
27/06/2024 15:15,-6.58
27/06/2024 15:30,-1.76
27/06/2024 15:45,35.15
27/06/2024 16:00,22.65
27/06/2024 16:15,31.93
27/06/2024 16:30,75
27/06/2024 16:45,90.59
27/06/2024 17:00,63.64
27/06/2024 17:15,82.88
27/06/2024 17:30,121.11
27/06/2024 17:45,140.31
27/06/2024 18:00,92.24
27/06/2024 18:15,94.93
27/06/2024 18:30,125.67
27/06/2024 18:45,212.45
27/06/2024 19:00,138.11
27/06/2024 19:15,191.26
27/06/2024 19:30,165.12
27/06/2024 19:45,205.83
27/06/2024 20:00,213.82
27/06/2024 20:15,116.67
27/06/2024 20:30,107.89
27/06/2024 20:45,116.25
27/06/2024 21:00,128.86
27/06/2024 21:15,120.42
27/06/2024 21:30,113.26
27/06/2024 21:45,122.23
27/06/2024 22:00,102.01
27/06/2024 22:15,100.3
27/06/2024 22:30,98.73
27/06/2024 22:45,74.24
27/06/2024 23:00,113.74
27/06/2024 23:15,121.17
27/06/2024 23:30,91.97
27/06/2024 23:45,98.43
28/06/2024 00:00,94.2
28/06/2024 00:15,123.68
28/06/2024 00:30,95.86
28/06/2024 00:45,97.91
28/06/2024 01:00,96.47
28/06/2024 01:15,89.63
28/06/2024 01:30,89.13
28/06/2024 01:45,79
28/06/2024 02:00,104.39
28/06/2024 02:15,85.37
28/06/2024 02:30,85.81
28/06/2024 02:45,84.44
28/06/2024 03:00,83.03
28/06/2024 03:15,91.72
28/06/2024 03:30,84.01
28/06/2024 03:45,90.83
28/06/2024 04:00,95.34
28/06/2024 04:15,88.15
28/06/2024 04:30,79.62
28/06/2024 04:45,78.33
28/06/2024 05:00,91.65
28/06/2024 05:15,92.06
28/06/2024 05:30,97.45
28/06/2024 05:45,87.97
28/06/2024 06:00,103.42
28/06/2024 06:15,101.92
28/06/2024 06:30,99.29
28/06/2024 06:45,95.84
28/06/2024 07:00,110.38
28/06/2024 07:15,96.41
28/06/2024 07:30,79.58
28/06/2024 07:45,42.26
28/06/2024 08:00,70.13
28/06/2024 08:15,53.97
28/06/2024 08:30,43.34
28/06/2024 08:45,46.04
28/06/2024 09:00,95.27
28/06/2024 09:15,76.96
28/06/2024 09:30,48.59
28/06/2024 09:45,3.31
28/06/2024 10:00,37.92
28/06/2024 10:15,-9.67
28/06/2024 10:30,-29.44
28/06/2024 10:45,-44.79
28/06/2024 11:00,-6.58
28/06/2024 11:15,-30.95
28/06/2024 11:30,-28.45
28/06/2024 11:45,-35.01
28/06/2024 12:00,0.09
28/06/2024 12:15,-6.38
28/06/2024 12:30,-30.37
28/06/2024 12:45,-38.02
28/06/2024 13:00,-27.78
28/06/2024 13:15,-28.91
28/06/2024 13:30,-25.65
28/06/2024 13:45,-36.49
28/06/2024 14:00,-62.58
28/06/2024 14:15,-45.08
28/06/2024 14:30,-27.29
28/06/2024 14:45,-10.53
28/06/2024 15:00,-80.4
28/06/2024 15:15,-32.72
28/06/2024 15:30,-23.54
28/06/2024 15:45,11.68
28/06/2024 16:00,-34.03
28/06/2024 16:15,-16.34
28/06/2024 16:30,12.57
28/06/2024 16:45,42.08
28/06/2024 17:00,2.63
28/06/2024 17:15,65.31
28/06/2024 17:30,87.49
28/06/2024 17:45,118.14
28/06/2024 18:00,60.93
28/06/2024 18:15,81.55
28/06/2024 18:30,101.5
28/06/2024 18:45,126.86
28/06/2024 19:00,78.78
28/06/2024 19:15,82.35
28/06/2024 19:30,84.73
28/06/2024 19:45,103.9
28/06/2024 20:00,104.54
28/06/2024 20:15,120.93
28/06/2024 20:30,129.29
28/06/2024 20:45,129.46
28/06/2024 21:00,161.11
28/06/2024 21:15,150.84
28/06/2024 21:30,230.87
28/06/2024 21:45,148.78
28/06/2024 22:00,111.45
28/06/2024 22:15,102.85
28/06/2024 22:30,118.97
28/06/2024 22:45,117.59
28/06/2024 23:00,101.49
28/06/2024 23:15,102.81
28/06/2024 23:30,81.66
28/06/2024 23:45,97.98
29/06/2024 00:00,102.39
29/06/2024 00:15,108.4
29/06/2024 00:30,108.08
29/06/2024 00:45,120.19
29/06/2024 01:00,103.14
29/06/2024 01:15,98.55
29/06/2024 01:30,102.94
29/06/2024 01:45,92.94
29/06/2024 02:00,94.75
29/06/2024 02:15,93.6
29/06/2024 02:30,89.88
29/06/2024 02:45,91.86
29/06/2024 03:00,104.58
29/06/2024 03:15,98.37
29/06/2024 03:30,93.34
29/06/2024 03:45,92.35
29/06/2024 04:00,110.49
29/06/2024 04:15,92.94
29/06/2024 04:30,87.15
29/06/2024 04:45,89.02
29/06/2024 05:00,101.6
29/06/2024 05:15,81.36
29/06/2024 05:30,70.2
29/06/2024 05:45,68.42
29/06/2024 06:00,88.92
29/06/2024 06:15,78.71
29/06/2024 06:30,67.91
29/06/2024 06:45,48.49
29/06/2024 07:00,112.21
29/06/2024 07:15,77.66
29/06/2024 07:30,65.01
29/06/2024 07:45,17.18
29/06/2024 08:00,63.63
29/06/2024 08:15,45.35
29/06/2024 08:30,29.3
29/06/2024 08:45,-33.26
29/06/2024 09:00,66.23
29/06/2024 09:15,41.22
29/06/2024 09:30,5.72
29/06/2024 09:45,-25.07
29/06/2024 10:00,53.26
29/06/2024 10:15,11.19
29/06/2024 10:30,3.04
29/06/2024 10:45,-25.36
29/06/2024 11:00,19.58
29/06/2024 11:15,-11.77
29/06/2024 11:30,-9.96
29/06/2024 11:45,-25.9
29/06/2024 12:00,4.39
29/06/2024 12:15,-4.97
29/06/2024 12:30,-7.12
29/06/2024 12:45,-1.48
29/06/2024 13:00,-4.32
29/06/2024 13:15,21.26
29/06/2024 13:30,28.31
29/06/2024 13:45,60.86
29/06/2024 14:00,-20.54
29/06/2024 14:15,52.53
29/06/2024 14:30,53.27
29/06/2024 14:45,83.21
29/06/2024 15:00,-15.1
29/06/2024 15:15,38.85
29/06/2024 15:30,45.05
29/06/2024 15:45,81.12
29/06/2024 16:00,26.09
29/06/2024 16:15,59.76
29/06/2024 16:30,78.27
29/06/2024 16:45,108.76
29/06/2024 17:00,69.29
29/06/2024 17:15,86.74
29/06/2024 17:30,88.45
29/06/2024 17:45,134.71
29/06/2024 18:00,83.51
29/06/2024 18:15,90.35
29/06/2024 18:30,168.76
29/06/2024 18:45,333.81
29/06/2024 19:00,296.65
29/06/2024 19:15,169.72
29/06/2024 19:30,118.98
29/06/2024 19:45,78.43
29/06/2024 20:00,136.21
29/06/2024 20:15,67.64
29/06/2024 20:30,63.96
29/06/2024 20:45,59.45
29/06/2024 21:00,117.34
29/06/2024 21:15,75.25
29/06/2024 21:30,73.79
29/06/2024 21:45,77.84
29/06/2024 22:00,85.63
29/06/2024 22:15,77.31
29/06/2024 22:30,73.72
29/06/2024 22:45,66.46
29/06/2024 23:00,85.23
29/06/2024 23:15,96.19
29/06/2024 23:30,75.58
29/06/2024 23:45,83.9
30/06/2024 00:00,63.35
30/06/2024 00:15,72.88
30/06/2024 00:30,77.93
30/06/2024 00:45,79
30/06/2024 01:00,52.45
30/06/2024 01:15,53.99
30/06/2024 01:30,29.56
30/06/2024 01:45,28.47
30/06/2024 02:00,12.34
30/06/2024 02:15,3.49
30/06/2024 02:30,6.85
30/06/2024 02:45,22.69
30/06/2024 03:00,43.39
30/06/2024 03:15,44.61
30/06/2024 03:30,45.15
30/06/2024 03:45,46.45
30/06/2024 04:00,17.14
30/06/2024 04:15,-3.21
30/06/2024 04:30,-12.55
30/06/2024 04:45,-7.38
30/06/2024 05:00,1.83
30/06/2024 05:15,20.21
30/06/2024 05:30,64.15
30/06/2024 05:45,72.54
30/06/2024 06:00,74.31
30/06/2024 06:15,87.23
30/06/2024 06:30,90.43
30/06/2024 06:45,67.98
30/06/2024 07:00,96.07
30/06/2024 07:15,83.14
30/06/2024 07:30,75.01
30/06/2024 07:45,64.63
30/06/2024 08:00,128.06
30/06/2024 08:15,75.36
30/06/2024 08:30,85.89
30/06/2024 08:45,73.52
30/06/2024 09:00,79.94
30/06/2024 09:15,60.03
30/06/2024 09:30,55.31
30/06/2024 09:45,49.29
30/06/2024 10:00,76.57
30/06/2024 10:15,63.52
30/06/2024 10:30,5.61
30/06/2024 10:45,-12.07
30/06/2024 11:00,71
30/06/2024 11:15,38.49
30/06/2024 11:30,-15.08
30/06/2024 11:45,-27.31
30/06/2024 12:00,6.16
30/06/2024 12:15,-4.15
30/06/2024 12:30,-7.43
30/06/2024 12:45,-12.31
30/06/2024 13:00,-7.74
30/06/2024 13:15,18.89
30/06/2024 13:30,38.64
30/06/2024 13:45,107.25
30/06/2024 14:00,-4.35
30/06/2024 14:15,30.49
30/06/2024 14:30,-2.61
30/06/2024 14:45,32.17
30/06/2024 15:00,-24.56
30/06/2024 15:15,49.5
30/06/2024 15:30,60
30/06/2024 15:45,85.17
30/06/2024 16:00,80.02
30/06/2024 16:15,79.83
30/06/2024 16:30,86.08
30/06/2024 16:45,91.25
30/06/2024 17:00,80.12
30/06/2024 17:15,82.57
30/06/2024 17:30,80.5
30/06/2024 17:45,70.67
30/06/2024 18:00,58.79
30/06/2024 18:15,54.8
30/06/2024 18:30,65.86
30/06/2024 18:45,88.41
30/06/2024 19:00,110.8
30/06/2024 19:15,106.52
30/06/2024 19:30,101.51
30/06/2024 19:45,106.86
30/06/2024 20:00,87.85
30/06/2024 20:15,76.62
30/06/2024 20:30,75.4
30/06/2024 20:45,96.42
30/06/2024 21:00,104.34
30/06/2024 21:15,96.71
30/06/2024 21:30,115.06
30/06/2024 21:45,107.46
30/06/2024 22:00,108.86
30/06/2024 22:15,94.35
30/06/2024 22:30,91.89
30/06/2024 22:45,90.8
30/06/2024 23:00,118.28
30/06/2024 23:15,93.99
30/06/2024 23:30,66.64
30/06/2024 23:45,68.95
01/07/2024 00:00,111.26
01/07/2024 00:15,77.49
01/07/2024 00:30,59.59
01/07/2024 00:45,62.84
01/07/2024 01:00,91.04
01/07/2024 01:15,73.93
01/07/2024 01:30,71.83
01/07/2024 01:45,73.42
01/07/2024 02:00,90.41
01/07/2024 02:15,74.27
01/07/2024 02:30,74.85
01/07/2024 02:45,85.53
01/07/2024 03:00,78.42
01/07/2024 03:15,75.25
01/07/2024 03:30,87.04
01/07/2024 03:45,87.47
01/07/2024 04:00,79.5
01/07/2024 04:15,80.74
01/07/2024 04:30,92.36
01/07/2024 04:45,96.13
01/07/2024 05:00,87.65
01/07/2024 05:15,96.18
01/07/2024 05:30,99.32
01/07/2024 05:45,93.42
01/07/2024 06:00,179.82
01/07/2024 06:15,110.24
01/07/2024 06:30,114.63
01/07/2024 06:45,119.03
01/07/2024 07:00,211.65
01/07/2024 07:15,86.74
01/07/2024 07:30,77.17
01/07/2024 07:45,74.66
01/07/2024 08:00,115.52
01/07/2024 08:15,110.53
01/07/2024 08:30,95.32
01/07/2024 08:45,79.67
01/07/2024 09:00,96.51
01/07/2024 09:15,86.61
01/07/2024 09:30,77.23
01/07/2024 09:45,65.72
01/07/2024 10:00,84.09
01/07/2024 10:15,70.42
01/07/2024 10:30,75.52
01/07/2024 10:45,85.21
01/07/2024 11:00,94.33
01/07/2024 11:15,93.65
01/07/2024 11:30,82.86
01/07/2024 11:45,66.33
01/07/2024 12:00,86.61
01/07/2024 12:15,80.59
01/07/2024 12:30,63.1
01/07/2024 12:45,50.71
01/07/2024 13:00,69.34
01/07/2024 13:15,67.88
01/07/2024 13:30,46.57
01/07/2024 13:45,10.2
01/07/2024 14:00,56.55
01/07/2024 14:15,67.21
01/07/2024 14:30,77.22
01/07/2024 14:45,92.99
01/07/2024 15:00,65.32
01/07/2024 15:15,67.84
01/07/2024 15:30,79.25
01/07/2024 15:45,83.94
01/07/2024 16:00,62.53
01/07/2024 16:15,69.07
01/07/2024 16:30,81.86
01/07/2024 16:45,77.36
01/07/2024 17:00,56.11
01/07/2024 17:15,83.48
01/07/2024 17:30,102.26
01/07/2024 17:45,103.66
01/07/2024 18:00,78.16
01/07/2024 18:15,78.88
01/07/2024 18:30,83.5
01/07/2024 18:45,106.37
01/07/2024 19:00,101.77
01/07/2024 19:15,99.3
01/07/2024 19:30,93.49
01/07/2024 19:45,87.94
01/07/2024 20:00,116.67
01/07/2024 20:15,92.52
01/07/2024 20:30,84.56
01/07/2024 20:45,80.58
01/07/2024 21:00,108.32
01/07/2024 21:15,97.69
01/07/2024 21:30,88.46
01/07/2024 21:45,97.09
01/07/2024 22:00,111.18
01/07/2024 22:15,107.55
01/07/2024 22:30,89.28
01/07/2024 22:45,82.11
01/07/2024 23:00,103.56
01/07/2024 23:15,100.58
01/07/2024 23:30,87.96
01/07/2024 23:45,88.4
02/07/2024 00:00,85.84
02/07/2024 00:15,74.93
02/07/2024 00:30,77.97
02/07/2024 00:45,72.4
02/07/2024 01:00,86.11
02/07/2024 01:15,75.01
02/07/2024 01:30,72.47
02/07/2024 01:45,71.81
02/07/2024 02:00,81.06
02/07/2024 02:15,69.23
02/07/2024 02:30,68.35
02/07/2024 02:45,72.13
02/07/2024 03:00,63.71
02/07/2024 03:15,73.34
02/07/2024 03:30,84.42
02/07/2024 03:45,86.66
02/07/2024 04:00,71.69
02/07/2024 04:15,70.9
02/07/2024 04:30,76.36
02/07/2024 04:45,94.36
02/07/2024 05:00,95.35
02/07/2024 05:15,103.76
02/07/2024 05:30,105.01
02/07/2024 05:45,100.45
02/07/2024 06:00,88.47
02/07/2024 06:15,83.36
02/07/2024 06:30,88.09
02/07/2024 06:45,91.9
02/07/2024 07:00,128.01
02/07/2024 07:15,108.04
02/07/2024 07:30,110.39
02/07/2024 07:45,101.03
02/07/2024 08:00,122.44
02/07/2024 08:15,100.35
02/07/2024 08:30,67.72
02/07/2024 08:45,64.67
02/07/2024 09:00,85.33
02/07/2024 09:15,70.59
02/07/2024 09:30,76.36
02/07/2024 09:45,75.49
02/07/2024 10:00,80.55
02/07/2024 10:15,88.52
02/07/2024 10:30,78.35
02/07/2024 10:45,83.03
02/07/2024 11:00,98.37
02/07/2024 11:15,87.09
02/07/2024 11:30,78.74
02/07/2024 11:45,76.95
02/07/2024 12:00,75.65
02/07/2024 12:15,82.16
02/07/2024 12:30,73.94
02/07/2024 12:45,58.58
02/07/2024 13:00,57.24
02/07/2024 13:15,73.14
02/07/2024 13:30,59.42
02/07/2024 13:45,56.06
02/07/2024 14:00,30.69
02/07/2024 14:15,68.69
02/07/2024 14:30,71.18
02/07/2024 14:45,70.46
02/07/2024 15:00,62.67
02/07/2024 15:15,73.23
02/07/2024 15:30,70.57
02/07/2024 15:45,75.51
02/07/2024 16:00,68.08
02/07/2024 16:15,68.33
02/07/2024 16:30,75.22
02/07/2024 16:45,88.93
02/07/2024 17:00,63.03
02/07/2024 17:15,66.08
02/07/2024 17:30,89.54
02/07/2024 17:45,118.82
02/07/2024 18:00,89.57
02/07/2024 18:15,97.37
02/07/2024 18:30,95.37
02/07/2024 18:45,90.3
02/07/2024 19:00,93.37
02/07/2024 19:15,88.24
02/07/2024 19:30,82.57
02/07/2024 19:45,79.1
02/07/2024 20:00,101.73
02/07/2024 20:15,86.12
02/07/2024 20:30,74.75
02/07/2024 20:45,83.15
02/07/2024 21:00,97.98
02/07/2024 21:15,87.39
02/07/2024 21:30,92.16
02/07/2024 21:45,85.32
02/07/2024 22:00,114.12
02/07/2024 22:15,102.53
02/07/2024 22:30,82.55
02/07/2024 22:45,76.87
02/07/2024 23:00,81.37
02/07/2024 23:15,79.14
02/07/2024 23:30,75.32
02/07/2024 23:45,70.54
03/07/2024 00:00,84.7
03/07/2024 00:15,82.29
03/07/2024 00:30,75.99
03/07/2024 00:45,67.14
03/07/2024 01:00,71.58
03/07/2024 01:15,69.13
03/07/2024 01:30,63.9
03/07/2024 01:45,67.26
03/07/2024 02:00,75.1
03/07/2024 02:15,73.9
03/07/2024 02:30,78.03
03/07/2024 02:45,77.62
03/07/2024 03:00,63.88
03/07/2024 03:15,60.5
03/07/2024 03:30,63.6
03/07/2024 03:45,69.21
03/07/2024 04:00,71.58
03/07/2024 04:15,67.4
03/07/2024 04:30,76.94
03/07/2024 04:45,89.13
03/07/2024 05:00,78.85
03/07/2024 05:15,83.31
03/07/2024 05:30,90.32
03/07/2024 05:45,86.76
03/07/2024 06:00,122.48
03/07/2024 06:15,127.34
03/07/2024 06:30,131.5
03/07/2024 06:45,117.26
03/07/2024 07:00,356.74
03/07/2024 07:15,106.91
03/07/2024 07:30,101.43
03/07/2024 07:45,89.2
03/07/2024 08:00,94.2
03/07/2024 08:15,94.13
03/07/2024 08:30,80.41
03/07/2024 08:45,74.08
03/07/2024 09:00,88.04
03/07/2024 09:15,83.82
03/07/2024 09:30,80.34
03/07/2024 09:45,74.97
03/07/2024 10:00,79.81
03/07/2024 10:15,77.01
03/07/2024 10:30,68.96
03/07/2024 10:45,68
03/07/2024 11:00,76.52
03/07/2024 11:15,77.81
03/07/2024 11:30,73.37
03/07/2024 11:45,74.86
03/07/2024 12:00,80.41
03/07/2024 12:15,79.52
03/07/2024 12:30,69.61
03/07/2024 12:45,68.63
03/07/2024 13:00,63.46
03/07/2024 13:15,67.37
03/07/2024 13:30,88.67
03/07/2024 13:45,109.8
03/07/2024 14:00,85.99
03/07/2024 14:15,77.64
03/07/2024 14:30,67.66
03/07/2024 14:45,68.65
03/07/2024 15:00,73.47
03/07/2024 15:15,68.09
03/07/2024 15:30,76.45
03/07/2024 15:45,94.84
03/07/2024 16:00,53.94
03/07/2024 16:15,68.24
03/07/2024 16:30,96.51
03/07/2024 16:45,89.42
03/07/2024 17:00,77.87
03/07/2024 17:15,73.59
03/07/2024 17:30,93.92
03/07/2024 17:45,112.84
03/07/2024 18:00,61.87
03/07/2024 18:15,60.89
03/07/2024 18:30,79.82
03/07/2024 18:45,96.68
03/07/2024 19:00,118.76
03/07/2024 19:15,103.9
03/07/2024 19:30,98.33
03/07/2024 19:45,100.53
03/07/2024 20:00,156.08
03/07/2024 20:15,86.72
03/07/2024 20:30,66.35
03/07/2024 20:45,69.06
03/07/2024 21:00,96.1
03/07/2024 21:15,93.3
03/07/2024 21:30,83.48
03/07/2024 21:45,76.93
03/07/2024 22:00,94.29
03/07/2024 22:15,87.73
03/07/2024 22:30,73.85
03/07/2024 22:45,60.13
03/07/2024 23:00,72.53
03/07/2024 23:15,73.27
03/07/2024 23:30,27.67
03/07/2024 23:45,11.43
04/07/2024 00:00,51.36
04/07/2024 00:15,48.97
04/07/2024 00:30,25.96
04/07/2024 00:45,13.34
04/07/2024 01:00,64.97
04/07/2024 01:15,47.04
04/07/2024 01:30,52.88
04/07/2024 01:45,57.29
04/07/2024 02:00,70.28
04/07/2024 02:15,65.05
04/07/2024 02:30,43.62
04/07/2024 02:45,15.18
04/07/2024 03:00,19.68
04/07/2024 03:15,15.84
04/07/2024 03:30,20.39
04/07/2024 03:45,32.36
04/07/2024 04:00,39.62
04/07/2024 04:15,38.57
04/07/2024 04:30,42.98
04/07/2024 04:45,47.95
04/07/2024 05:00,22.44
04/07/2024 05:15,56.86
04/07/2024 05:30,60.87
04/07/2024 05:45,53.79
04/07/2024 06:00,68.79
04/07/2024 06:15,68.38
04/07/2024 06:30,58.09
04/07/2024 06:45,54.67
04/07/2024 07:00,84.23
04/07/2024 07:15,90.79
04/07/2024 07:30,59.78
04/07/2024 07:45,21.91
04/07/2024 08:00,47.41
04/07/2024 08:15,43.31
04/07/2024 08:30,28.98
04/07/2024 08:45,13.62
04/07/2024 09:00,51.48
04/07/2024 09:15,17.76
04/07/2024 09:30,-7.4
04/07/2024 09:45,-27.74
04/07/2024 10:00,8.18
04/07/2024 10:15,-3.47
04/07/2024 10:30,-2.22
04/07/2024 10:45,-28.33
04/07/2024 11:00,46.97
04/07/2024 11:15,32.56
04/07/2024 11:30,22.43
04/07/2024 11:45,32.43
04/07/2024 12:00,54.62
04/07/2024 12:15,29.26
04/07/2024 12:30,1.55
04/07/2024 12:45,-8.3
04/07/2024 13:00,0.2
04/07/2024 13:15,0.51
04/07/2024 13:30,-2.99
04/07/2024 13:45,-5.21
04/07/2024 14:00,-2.66
04/07/2024 14:15,-2.06
04/07/2024 14:30,-2.97
04/07/2024 14:45,6.3
04/07/2024 15:00,-11.79
04/07/2024 15:15,-8.61
04/07/2024 15:30,-5.11
04/07/2024 15:45,19.24
04/07/2024 16:00,-26.74
04/07/2024 16:15,-1.51
04/07/2024 16:30,23.13
04/07/2024 16:45,39.94
04/07/2024 17:00,-15.68
04/07/2024 17:15,-4.99
04/07/2024 17:30,12.43
04/07/2024 17:45,26.15
04/07/2024 18:00,2.86
04/07/2024 18:15,6.71
04/07/2024 18:30,26.68
04/07/2024 18:45,26.99
04/07/2024 19:00,20.13
04/07/2024 19:15,28.73
04/07/2024 19:30,54.74
04/07/2024 19:45,55.9
04/07/2024 20:00,93.12
04/07/2024 20:15,73.08
04/07/2024 20:30,81.87
04/07/2024 20:45,93.75
04/07/2024 21:00,181.21
04/07/2024 21:15,66.08
04/07/2024 21:30,38.76
04/07/2024 21:45,33.34
04/07/2024 22:00,39.41
04/07/2024 22:15,47.26
04/07/2024 22:30,38.75
04/07/2024 22:45,28.08
04/07/2024 23:00,42
04/07/2024 23:15,43.17
04/07/2024 23:30,19.82
04/07/2024 23:45,8.11
05/07/2024 00:00,38.08
05/07/2024 00:15,20.86
05/07/2024 00:30,28.71
05/07/2024 00:45,24.3
05/07/2024 01:00,30.02
05/07/2024 01:15,14.7
05/07/2024 01:30,42.09
05/07/2024 01:45,49.22
05/07/2024 02:00,62.42
05/07/2024 02:15,63.61
05/07/2024 02:30,62.79
05/07/2024 02:45,46.04
05/07/2024 03:00,25.3
05/07/2024 03:15,37.04
05/07/2024 03:30,43.09
05/07/2024 03:45,56.69
05/07/2024 04:00,55.06
05/07/2024 04:15,61.68
05/07/2024 04:30,60.59
05/07/2024 04:45,68.02
05/07/2024 05:00,50.21
05/07/2024 05:15,49.29
05/07/2024 05:30,54.56
05/07/2024 05:45,61.22
05/07/2024 06:00,70.26
05/07/2024 06:15,63.5
05/07/2024 06:30,57.21
05/07/2024 06:45,63.01
05/07/2024 07:00,92.78
05/07/2024 07:15,54.69
05/07/2024 07:30,30.56
05/07/2024 07:45,22.48
05/07/2024 08:00,73.53
05/07/2024 08:15,50.69
05/07/2024 08:30,1.31
05/07/2024 08:45,-20.66
05/07/2024 09:00,30.66
05/07/2024 09:15,0.56
05/07/2024 09:30,-20.06
05/07/2024 09:45,-34.99
05/07/2024 10:00,1
05/07/2024 10:15,-14.97
05/07/2024 10:30,-27.66
05/07/2024 10:45,-36.65
05/07/2024 11:00,-4.99
05/07/2024 11:15,-20.44
05/07/2024 11:30,-11.21
05/07/2024 11:45,-20.88
05/07/2024 12:00,-8.48
05/07/2024 12:15,-22.56
05/07/2024 12:30,-30.69
05/07/2024 12:45,-26.2
05/07/2024 13:00,-14.18
05/07/2024 13:15,-5.45
05/07/2024 13:30,-18.43
05/07/2024 13:45,-6.11
05/07/2024 14:00,-22.25
05/07/2024 14:15,-10.55
05/07/2024 14:30,-4.57
05/07/2024 14:45,1.02
05/07/2024 15:00,-33.62
05/07/2024 15:15,-22.18
05/07/2024 15:30,-9.28
05/07/2024 15:45,-5.34
05/07/2024 16:00,-28.66
05/07/2024 16:15,-3.28
05/07/2024 16:30,28.73
05/07/2024 16:45,33.89
05/07/2024 17:00,-8.06
05/07/2024 17:15,31.21
05/07/2024 17:30,75.04
05/07/2024 17:45,121.34
05/07/2024 18:00,71.28
05/07/2024 18:15,75.72
05/07/2024 18:30,78.26
05/07/2024 18:45,130.66
05/07/2024 19:00,65.05
05/07/2024 19:15,64.33
05/07/2024 19:30,87.66
05/07/2024 19:45,150.92
05/07/2024 20:00,173.19
05/07/2024 20:15,159.7
05/07/2024 20:30,130.38
05/07/2024 20:45,86.64
05/07/2024 21:00,259.41
05/07/2024 21:15,110.16
05/07/2024 21:30,143.73
05/07/2024 21:45,208.94
05/07/2024 22:00,298.26
05/07/2024 22:15,161.48
05/07/2024 22:30,117.22
05/07/2024 22:45,88.49
05/07/2024 23:00,125.25
05/07/2024 23:15,110.64
05/07/2024 23:30,83.95
05/07/2024 23:45,72.61
06/07/2024 00:00,87.45
06/07/2024 00:15,86.85
06/07/2024 00:30,39.61
06/07/2024 00:45,13.81
06/07/2024 01:00,66.38
06/07/2024 01:15,43.49
06/07/2024 01:30,12.54
06/07/2024 01:45,11.02
06/07/2024 02:00,38.61
06/07/2024 02:15,-2.78
06/07/2024 02:30,-8.65
06/07/2024 02:45,-13.81
06/07/2024 03:00,4.54
06/07/2024 03:15,-7.72
06/07/2024 03:30,-3.6
06/07/2024 03:45,-12.88
06/07/2024 04:00,17.4
06/07/2024 04:15,1.67
06/07/2024 04:30,0.57
06/07/2024 04:45,-13.84
06/07/2024 05:00,-2.91
06/07/2024 05:15,-8.51
06/07/2024 05:30,-16.36
06/07/2024 05:45,-29.44
06/07/2024 06:00,-8.13
06/07/2024 06:15,-2.67
06/07/2024 06:30,1.02
06/07/2024 06:45,-8.66
06/07/2024 07:00,8.1
06/07/2024 07:15,-7
06/07/2024 07:30,-12.07
06/07/2024 07:45,-32.49
06/07/2024 08:00,1.5
06/07/2024 08:15,-39.42
06/07/2024 08:30,-47.36
06/07/2024 08:45,-120.15
06/07/2024 09:00,6.44
06/07/2024 09:15,-6.84
06/07/2024 09:30,-21.38
06/07/2024 09:45,-43.86
06/07/2024 10:00,-9.26
06/07/2024 10:15,-15.35
06/07/2024 10:30,-21.08
06/07/2024 10:45,-24.81
06/07/2024 11:00,-21.75
06/07/2024 11:15,-28.74
06/07/2024 11:30,-30.81
06/07/2024 11:45,-26.26
06/07/2024 12:00,-12.56
06/07/2024 12:15,-12.99
06/07/2024 12:30,-32.67
06/07/2024 12:45,-25.75
06/07/2024 13:00,-34.15
06/07/2024 13:15,-33.08
06/07/2024 13:30,-27.82
06/07/2024 13:45,-26.68
06/07/2024 14:00,-51.63
06/07/2024 14:15,-31.66
06/07/2024 14:30,-18.47
06/07/2024 14:45,-3.62
06/07/2024 15:00,-10.32
06/07/2024 15:15,-2.09
06/07/2024 15:30,-0.98
06/07/2024 15:45,-2.35
06/07/2024 16:00,-11.68
06/07/2024 16:15,0.12
06/07/2024 16:30,-1.52
06/07/2024 16:45,5.1
06/07/2024 17:00,1.38
06/07/2024 17:15,-10.65
06/07/2024 17:30,-11.29
06/07/2024 17:45,-5.87
06/07/2024 18:00,-23.81
06/07/2024 18:15,-9.92
06/07/2024 18:30,0.89
06/07/2024 18:45,6.22
06/07/2024 19:00,1.69
06/07/2024 19:15,-3.64
06/07/2024 19:30,-4.73
06/07/2024 19:45,-4.44
06/07/2024 20:00,-4.32
06/07/2024 20:15,-9.62
06/07/2024 20:30,-14.94
06/07/2024 20:45,-11.47
06/07/2024 21:00,-2.34
06/07/2024 21:15,-4.55
06/07/2024 21:30,-7.39
06/07/2024 21:45,-17.13
06/07/2024 22:00,-8.82
06/07/2024 22:15,-4.66
06/07/2024 22:30,-2.57
06/07/2024 22:45,-10.36
06/07/2024 23:00,14.89
06/07/2024 23:15,-0.2
06/07/2024 23:30,-0.15
06/07/2024 23:45,-0.74
07/07/2024 00:00,2.9
07/07/2024 00:15,0.58
07/07/2024 00:30,-2.39
07/07/2024 00:45,-3.74
07/07/2024 01:00,0.04
07/07/2024 01:15,1.23
07/07/2024 01:30,0.15
07/07/2024 01:45,1.01
07/07/2024 02:00,-1.45
07/07/2024 02:15,-0.07
07/07/2024 02:30,-1.39
07/07/2024 02:45,0.91
07/07/2024 03:00,-1.11
07/07/2024 03:15,-3.64
07/07/2024 03:30,0.14
07/07/2024 03:45,0.58
07/07/2024 04:00,0.89
07/07/2024 04:15,-3.27
07/07/2024 04:30,-2.75
07/07/2024 04:45,1.36
07/07/2024 05:00,8.48
07/07/2024 05:15,1.18
07/07/2024 05:30,-1.35
07/07/2024 05:45,2.06
07/07/2024 06:00,16.32
07/07/2024 06:15,-3.52
07/07/2024 06:30,-5.09
07/07/2024 06:45,-13.63
07/07/2024 07:00,1.17
07/07/2024 07:15,-6.14
07/07/2024 07:30,-9.94
07/07/2024 07:45,-15.66
07/07/2024 08:00,-5.36
07/07/2024 08:15,-17.91
07/07/2024 08:30,-17.54
07/07/2024 08:45,-22.41
07/07/2024 09:00,-7.29
07/07/2024 09:15,-21.82
07/07/2024 09:30,-37.86
07/07/2024 09:45,-60.93
07/07/2024 10:00,-40.92
07/07/2024 10:15,-48.42
07/07/2024 10:30,-20.8
07/07/2024 10:45,-24.08
07/07/2024 11:00,-29.05
07/07/2024 11:15,-36.82
07/07/2024 11:30,-6.24
07/07/2024 11:45,-4.38
07/07/2024 12:00,-3.01
07/07/2024 12:15,-3.6
07/07/2024 12:30,-15.04
07/07/2024 12:45,-6.28
07/07/2024 13:00,-17.46
07/07/2024 13:15,-7.42
07/07/2024 13:30,-4.25
07/07/2024 13:45,-0.14
07/07/2024 14:00,-19.55
07/07/2024 14:15,-10.78
07/07/2024 14:30,-5.62
07/07/2024 14:45,-3.9
07/07/2024 15:00,-42
07/07/2024 15:15,-14.9
07/07/2024 15:30,-1.9
07/07/2024 15:45,7.73
07/07/2024 16:00,-36.84
07/07/2024 16:15,-8.82
07/07/2024 16:30,11.67
07/07/2024 16:45,57.1
07/07/2024 17:00,-25.6
07/07/2024 17:15,-7.02
07/07/2024 17:30,86.38
07/07/2024 17:45,115.07
07/07/2024 18:00,48.81
07/07/2024 18:15,71.12
07/07/2024 18:30,83.19
07/07/2024 18:45,99.78
07/07/2024 19:00,79.97
07/07/2024 19:15,83.85
07/07/2024 19:30,103.36
07/07/2024 19:45,108.57
07/07/2024 20:00,127.68
07/07/2024 20:15,97.53
07/07/2024 20:30,103.96
07/07/2024 20:45,100.16
07/07/2024 21:00,120.87
07/07/2024 21:15,96.07
07/07/2024 21:30,101.3
07/07/2024 21:45,90.55
07/07/2024 22:00,111.26
07/07/2024 22:15,94.36
07/07/2024 22:30,81.23
07/07/2024 22:45,74.47
07/07/2024 23:00,104.94
07/07/2024 23:15,105.36
07/07/2024 23:30,82.11
07/07/2024 23:45,81.26
08/07/2024 00:00,99.66
08/07/2024 00:15,80.27
08/07/2024 00:30,75.41
08/07/2024 00:45,69.47
08/07/2024 01:00,80.53
08/07/2024 01:15,72.59
08/07/2024 01:30,74.46
08/07/2024 01:45,67.43
08/07/2024 02:00,73.9
08/07/2024 02:15,77.51
08/07/2024 02:30,80.13
08/07/2024 02:45,78.56
08/07/2024 03:00,60.88
08/07/2024 03:15,69.9
08/07/2024 03:30,70.32
08/07/2024 03:45,90.53
08/07/2024 04:00,72.14
08/07/2024 04:15,69.1
08/07/2024 04:30,78.64
08/07/2024 04:45,100.44
08/07/2024 05:00,79.48
08/07/2024 05:15,87.48
08/07/2024 05:30,95.45
08/07/2024 05:45,98.85
08/07/2024 06:00,121.91
08/07/2024 06:15,95.39
08/07/2024 06:30,84.12
08/07/2024 06:45,71.35
08/07/2024 07:00,154.71
08/07/2024 07:15,91.66
08/07/2024 07:30,96.57
08/07/2024 07:45,78.21
08/07/2024 08:00,120.91
08/07/2024 08:15,81.7
08/07/2024 08:30,59.6
08/07/2024 08:45,47.16
08/07/2024 09:00,91.7
08/07/2024 09:15,63.03
08/07/2024 09:30,37.26
08/07/2024 09:45,-4.07
08/07/2024 10:00,53.17
08/07/2024 10:15,-2.22
08/07/2024 10:30,-10.35
08/07/2024 10:45,-34.43
08/07/2024 11:00,9.37
08/07/2024 11:15,-7.61
08/07/2024 11:30,3.29
08/07/2024 11:45,24.77
08/07/2024 12:00,-9.15
08/07/2024 12:15,35.28
08/07/2024 12:30,39.6
08/07/2024 12:45,36.37
08/07/2024 13:00,-45.72
08/07/2024 13:15,16.1
08/07/2024 13:30,10.2
08/07/2024 13:45,17.16
08/07/2024 14:00,-19.13
08/07/2024 14:15,8.81
08/07/2024 14:30,20.28
08/07/2024 14:45,58.63
08/07/2024 15:00,-2.06
08/07/2024 15:15,64.53
08/07/2024 15:30,73.9
08/07/2024 15:45,84.83
08/07/2024 16:00,43.52
08/07/2024 16:15,68.91
08/07/2024 16:30,93.81
08/07/2024 16:45,143.84
08/07/2024 17:00,62.57
08/07/2024 17:15,80.38
08/07/2024 17:30,91.85
08/07/2024 17:45,178.88
08/07/2024 18:00,73.42
08/07/2024 18:15,80.1
08/07/2024 18:30,108.48
08/07/2024 18:45,281.73
08/07/2024 19:00,143.41
08/07/2024 19:15,134.94
08/07/2024 19:30,160.26
08/07/2024 19:45,183.12
08/07/2024 20:00,292.55
08/07/2024 20:15,123.36
08/07/2024 20:30,96.22
08/07/2024 20:45,85.05
08/07/2024 21:00,175.78
08/07/2024 21:15,86.39
08/07/2024 21:30,81.56
08/07/2024 21:45,75.03
08/07/2024 22:00,107.1
08/07/2024 22:15,86.66
08/07/2024 22:30,81.99
08/07/2024 22:45,73.28
08/07/2024 23:00,97.69
08/07/2024 23:15,117.14
08/07/2024 23:30,83.16
08/07/2024 23:45,67.8
09/07/2024 00:00,96.37
09/07/2024 00:15,75
09/07/2024 00:30,71.89
09/07/2024 00:45,66.88
09/07/2024 01:00,82.85
09/07/2024 01:15,74.83
09/07/2024 01:30,72.92
09/07/2024 01:45,62.36
09/07/2024 02:00,84.43
09/07/2024 02:15,75.43
09/07/2024 02:30,77.77
09/07/2024 02:45,80.4
09/07/2024 03:00,75.52
09/07/2024 03:15,79.72
09/07/2024 03:30,80.25
09/07/2024 03:45,83.34
09/07/2024 04:00,65.33
09/07/2024 04:15,70.24
09/07/2024 04:30,82.28
09/07/2024 04:45,99.25
09/07/2024 05:00,73.83
09/07/2024 05:15,87.21
09/07/2024 05:30,87.99
09/07/2024 05:45,81.51
09/07/2024 06:00,105.1
09/07/2024 06:15,96.84
09/07/2024 06:30,94.06
09/07/2024 06:45,81.05
09/07/2024 07:00,96.63
09/07/2024 07:15,86.42
09/07/2024 07:30,93.61
09/07/2024 07:45,86.99
09/07/2024 08:00,108.91
09/07/2024 08:15,75.84
09/07/2024 08:30,81.36
09/07/2024 08:45,64.64
09/07/2024 09:00,91.59
09/07/2024 09:15,71.99
09/07/2024 09:30,70.21
09/07/2024 09:45,53.58
09/07/2024 10:00,80.73
09/07/2024 10:15,56.9
09/07/2024 10:30,54.01
09/07/2024 10:45,2.4
09/07/2024 11:00,32.2
09/07/2024 11:15,-9.77
09/07/2024 11:30,19
09/07/2024 11:45,8.77
09/07/2024 12:00,57.62
09/07/2024 12:15,48.29
09/07/2024 12:30,53.25
09/07/2024 12:45,24.35
09/07/2024 13:00,-29.39
09/07/2024 13:15,11.03
09/07/2024 13:30,-10.12
09/07/2024 13:45,13.5
09/07/2024 14:00,-38.91
09/07/2024 14:15,-3.43
09/07/2024 14:30,-8.97
09/07/2024 14:45,49.38
09/07/2024 15:00,-14.08
09/07/2024 15:15,37.04
09/07/2024 15:30,46.73
09/07/2024 15:45,37.23
09/07/2024 16:00,12.09
09/07/2024 16:15,49.73
09/07/2024 16:30,63.92
09/07/2024 16:45,73.83
09/07/2024 17:00,33.88
09/07/2024 17:15,62.1
09/07/2024 17:30,77.66
09/07/2024 17:45,84.53
09/07/2024 18:00,65.94
09/07/2024 18:15,70.59
09/07/2024 18:30,84.09
09/07/2024 18:45,102.94
09/07/2024 19:00,105.33
09/07/2024 19:15,96.08
09/07/2024 19:30,112.8
09/07/2024 19:45,96.04
09/07/2024 20:00,148.55
09/07/2024 20:15,79.86
09/07/2024 20:30,70.81
09/07/2024 20:45,71.54
09/07/2024 21:00,66.85
09/07/2024 21:15,76.99
09/07/2024 21:30,56.51
09/07/2024 21:45,54.91
09/07/2024 22:00,73.39
09/07/2024 22:15,79.52
09/07/2024 22:30,86.24
09/07/2024 22:45,83.31
09/07/2024 23:00,81.05
09/07/2024 23:15,89.8
09/07/2024 23:30,75.99
09/07/2024 23:45,75.73
10/07/2024 00:00,80.61
10/07/2024 00:15,80.65
10/07/2024 00:30,86.64
10/07/2024 00:45,81.82
10/07/2024 01:00,99.26
10/07/2024 01:15,79.57
10/07/2024 01:30,78.9
10/07/2024 01:45,91.03
10/07/2024 02:00,96.54
10/07/2024 02:15,93.23
10/07/2024 02:30,91.7
10/07/2024 02:45,88.73
10/07/2024 03:00,76.74
10/07/2024 03:15,85.92
10/07/2024 03:30,88.36
10/07/2024 03:45,87.03
10/07/2024 04:00,73.05
10/07/2024 04:15,79.73
10/07/2024 04:30,105.33
10/07/2024 04:45,122.06
10/07/2024 05:00,116.21
10/07/2024 05:15,141.01
10/07/2024 05:30,129.37
10/07/2024 05:45,106.02
10/07/2024 06:00,77.49
10/07/2024 06:15,86.81
10/07/2024 06:30,86.58
10/07/2024 06:45,84.23
10/07/2024 07:00,118.7
10/07/2024 07:15,110.71
10/07/2024 07:30,106.07
10/07/2024 07:45,106.04
10/07/2024 08:00,110
10/07/2024 08:15,103.08
10/07/2024 08:30,96.14
10/07/2024 08:45,78.46
10/07/2024 09:00,93.39
10/07/2024 09:15,85.48
10/07/2024 09:30,83.29
10/07/2024 09:45,82.37
10/07/2024 10:00,80.9
10/07/2024 10:15,79.61
10/07/2024 10:30,81.78
10/07/2024 10:45,87.74
10/07/2024 11:00,103.07
10/07/2024 11:15,91.58
10/07/2024 11:30,80.85
10/07/2024 11:45,65.77
10/07/2024 12:00,78.03
10/07/2024 12:15,68.45
10/07/2024 12:30,53.4
10/07/2024 12:45,48.82
10/07/2024 13:00,54.01
10/07/2024 13:15,56.13
10/07/2024 13:30,54.16
10/07/2024 13:45,40.71
10/07/2024 14:00,2.44
10/07/2024 14:15,50.18
10/07/2024 14:30,53.81
10/07/2024 14:45,59.48
10/07/2024 15:00,64.78
10/07/2024 15:15,78.25
10/07/2024 15:30,80.37
10/07/2024 15:45,80.82
10/07/2024 16:00,36.74
10/07/2024 16:15,72.11
10/07/2024 16:30,96.75
10/07/2024 16:45,129.57
10/07/2024 17:00,100.3
10/07/2024 17:15,129.26
10/07/2024 17:30,120.8
10/07/2024 17:45,142.27
10/07/2024 18:00,98.55
10/07/2024 18:15,98.13
10/07/2024 18:30,110.01
10/07/2024 18:45,122.77
10/07/2024 19:00,119.69
10/07/2024 19:15,104.28
10/07/2024 19:30,127.43
10/07/2024 19:45,136.01
10/07/2024 20:00,170.47
10/07/2024 20:15,136.78
10/07/2024 20:30,118.16
10/07/2024 20:45,115.22
10/07/2024 21:00,131.02
10/07/2024 21:15,100.73
10/07/2024 21:30,99.25
10/07/2024 21:45,85.25
10/07/2024 22:00,119.57
10/07/2024 22:15,96.28
10/07/2024 22:30,93.81
10/07/2024 22:45,79.19
10/07/2024 23:00,107.62
10/07/2024 23:15,111.55
10/07/2024 23:30,83.53
10/07/2024 23:45,80
11/07/2024 00:00,93.66
11/07/2024 00:15,93.56
11/07/2024 00:30,84.22
11/07/2024 00:45,81.48
11/07/2024 01:00,72.16
11/07/2024 01:15,77.25
11/07/2024 01:30,81.31
11/07/2024 01:45,80.98
11/07/2024 02:00,80.15
11/07/2024 02:15,79.49
11/07/2024 02:30,81.87
11/07/2024 02:45,80.59
11/07/2024 03:00,77.59
11/07/2024 03:15,80.29
11/07/2024 03:30,84.71
11/07/2024 03:45,95.66
11/07/2024 04:00,80.9
11/07/2024 04:15,82.09
11/07/2024 04:30,90.75
11/07/2024 04:45,98.5
11/07/2024 05:00,102.62
11/07/2024 05:15,117.67
11/07/2024 05:30,127.11
11/07/2024 05:45,146.59
11/07/2024 06:00,152.46
11/07/2024 06:15,118.55
11/07/2024 06:30,116.42
11/07/2024 06:45,98.03
11/07/2024 07:00,194.68
11/07/2024 07:15,124.17
11/07/2024 07:30,99.75
11/07/2024 07:45,87.17
11/07/2024 08:00,135.61
11/07/2024 08:15,104.89
11/07/2024 08:30,85.72
11/07/2024 08:45,66.24
11/07/2024 09:00,83.01
11/07/2024 09:15,60.58
11/07/2024 09:30,59.6
11/07/2024 09:45,49.41
11/07/2024 10:00,60.04
11/07/2024 10:15,65.73
11/07/2024 10:30,68.6
11/07/2024 10:45,65.35
11/07/2024 11:00,66.87
11/07/2024 11:15,48.34
11/07/2024 11:30,72.35
11/07/2024 11:45,78.72
11/07/2024 12:00,90.68
11/07/2024 12:15,88.98
11/07/2024 12:30,82.25
11/07/2024 12:45,69.85
11/07/2024 13:00,69.74
11/07/2024 13:15,70.02
11/07/2024 13:30,65.37
11/07/2024 13:45,61.65
11/07/2024 14:00,48.12
11/07/2024 14:15,65.78
11/07/2024 14:30,46
11/07/2024 14:45,52.49
11/07/2024 15:00,23.93
11/07/2024 15:15,77.3
11/07/2024 15:30,87.08
11/07/2024 15:45,85.69
11/07/2024 16:00,77.53
11/07/2024 16:15,73.3
11/07/2024 16:30,77.4
11/07/2024 16:45,121.38
11/07/2024 17:00,87.8
11/07/2024 17:15,88.5
11/07/2024 17:30,125.64
11/07/2024 17:45,137.77
11/07/2024 18:00,90.57
11/07/2024 18:15,102.41
11/07/2024 18:30,115.9
11/07/2024 18:45,168.93
11/07/2024 19:00,86.02
11/07/2024 19:15,86.16
11/07/2024 19:30,115.24
11/07/2024 19:45,141.96
11/07/2024 20:00,180.21
11/07/2024 20:15,142.48
11/07/2024 20:30,110.58
11/07/2024 20:45,106.38
11/07/2024 21:00,157.89
11/07/2024 21:15,95.99
11/07/2024 21:30,106.8
11/07/2024 21:45,102.45
11/07/2024 22:00,114.51
11/07/2024 22:15,110.51
11/07/2024 22:30,81.68
11/07/2024 22:45,72.03
11/07/2024 23:00,104.03
11/07/2024 23:15,80.75
11/07/2024 23:30,78.19
11/07/2024 23:45,73.95
12/07/2024 00:00,93.45
12/07/2024 00:15,81.46
12/07/2024 00:30,86.67
12/07/2024 00:45,84.78
12/07/2024 01:00,85.6
12/07/2024 01:15,83.29
12/07/2024 01:30,85.08
12/07/2024 01:45,88.13
12/07/2024 02:00,81.45
12/07/2024 02:15,80.85
12/07/2024 02:30,75.94
12/07/2024 02:45,74.15
12/07/2024 03:00,77.08
12/07/2024 03:15,76.26
12/07/2024 03:30,80.92
12/07/2024 03:45,74.68
12/07/2024 04:00,67.38
12/07/2024 04:15,70.51
12/07/2024 04:30,71.73
12/07/2024 04:45,81.51
12/07/2024 05:00,63.65
12/07/2024 05:15,70.97
12/07/2024 05:30,77.98
12/07/2024 05:45,75.3
12/07/2024 06:00,73.07
12/07/2024 06:15,82.22
12/07/2024 06:30,85.46
12/07/2024 06:45,86.01
12/07/2024 07:00,108.52
12/07/2024 07:15,95.91
12/07/2024 07:30,80.13
12/07/2024 07:45,72.88
12/07/2024 08:00,87.71
12/07/2024 08:15,87.17
12/07/2024 08:30,85.62
12/07/2024 08:45,83.26
12/07/2024 09:00,147.63
12/07/2024 09:15,168.77
12/07/2024 09:30,165.82
12/07/2024 09:45,174.92
12/07/2024 10:00,183.18
12/07/2024 10:15,123.54
12/07/2024 10:30,79.09
12/07/2024 10:45,80.63
12/07/2024 11:00,109.15
12/07/2024 11:15,84
12/07/2024 11:30,80.26
12/07/2024 11:45,74.76
12/07/2024 12:00,89.77
12/07/2024 12:15,73.34
12/07/2024 12:30,42.29
12/07/2024 12:45,9.84
12/07/2024 13:00,32.92
12/07/2024 13:15,54.07
12/07/2024 13:30,58.63
12/07/2024 13:45,59.72
12/07/2024 14:00,56.41
12/07/2024 14:15,52.52
12/07/2024 14:30,59.21
12/07/2024 14:45,46.45
12/07/2024 15:00,33.1
12/07/2024 15:15,34.81
12/07/2024 15:30,45.56
12/07/2024 15:45,50.82
12/07/2024 16:00,32.92
12/07/2024 16:15,44.41
12/07/2024 16:30,59.14
12/07/2024 16:45,63.32
12/07/2024 17:00,24.88
12/07/2024 17:15,54.47
12/07/2024 17:30,70.27
12/07/2024 17:45,67.38
12/07/2024 18:00,42.16
12/07/2024 18:15,42.25
12/07/2024 18:30,43.71
12/07/2024 18:45,45.59
12/07/2024 19:00,41.36
12/07/2024 19:15,30.68
12/07/2024 19:30,35.68
12/07/2024 19:45,45.88
12/07/2024 20:00,35.54
12/07/2024 20:15,41.73
12/07/2024 20:30,34.34
12/07/2024 20:45,48.13
12/07/2024 21:00,78.71
12/07/2024 21:15,63.55
12/07/2024 21:30,57.62
12/07/2024 21:45,36.3
12/07/2024 22:00,59.96
12/07/2024 22:15,56.91
12/07/2024 22:30,51.68
12/07/2024 22:45,43.89
12/07/2024 23:00,78.87
12/07/2024 23:15,82
12/07/2024 23:30,56.85
12/07/2024 23:45,55.91
13/07/2024 00:00,71.59
13/07/2024 00:15,79.19
13/07/2024 00:30,75.1
13/07/2024 00:45,76.44
13/07/2024 01:00,111.3
13/07/2024 01:15,78.24
13/07/2024 01:30,72.99
13/07/2024 01:45,88.56
13/07/2024 02:00,109.36
13/07/2024 02:15,98.7
13/07/2024 02:30,80.77
13/07/2024 02:45,66.82
13/07/2024 03:00,103.22
13/07/2024 03:15,76.24
13/07/2024 03:30,69.38
13/07/2024 03:45,48.08
13/07/2024 04:00,61.39
13/07/2024 04:15,37.22
13/07/2024 04:30,30.36
13/07/2024 04:45,28.9
13/07/2024 05:00,55.62
13/07/2024 05:15,53.48
13/07/2024 05:30,60.79
13/07/2024 05:45,46.85
13/07/2024 06:00,54.86
13/07/2024 06:15,46.85
13/07/2024 06:30,48.24
13/07/2024 06:45,42.35
13/07/2024 07:00,77.07
13/07/2024 07:15,57.39
13/07/2024 07:30,33.67
13/07/2024 07:45,-2.4
13/07/2024 08:00,19.11
13/07/2024 08:15,14.62
13/07/2024 08:30,20.57
13/07/2024 08:45,-8.13
13/07/2024 09:00,40.72
13/07/2024 09:15,23.77
13/07/2024 09:30,10.91
13/07/2024 09:45,-6.71
13/07/2024 10:00,5.38
13/07/2024 10:15,-5.67
13/07/2024 10:30,7.27
13/07/2024 10:45,-1.67
13/07/2024 11:00,31.12
13/07/2024 11:15,19.15
13/07/2024 11:30,30.5
13/07/2024 11:45,4.5
13/07/2024 12:00,11.69
13/07/2024 12:15,-0.01
13/07/2024 12:30,-0.33
13/07/2024 12:45,-3.82
13/07/2024 13:00,0.91
13/07/2024 13:15,3.98
13/07/2024 13:30,-0.43
13/07/2024 13:45,6.42
13/07/2024 14:00,-11.14
13/07/2024 14:15,2.35
13/07/2024 14:30,0.95
13/07/2024 14:45,17.08
13/07/2024 15:00,-20.89
13/07/2024 15:15,3.26
13/07/2024 15:30,19.13
13/07/2024 15:45,50.01
13/07/2024 16:00,-8.15
13/07/2024 16:15,45.4
13/07/2024 16:30,65.67
13/07/2024 16:45,110.78
13/07/2024 17:00,37.22
13/07/2024 17:15,72.78
13/07/2024 17:30,75.56
13/07/2024 17:45,103.29
13/07/2024 18:00,61.94
13/07/2024 18:15,70.27
13/07/2024 18:30,87.5
13/07/2024 18:45,94.36
13/07/2024 19:00,79.92
13/07/2024 19:15,85.45
13/07/2024 19:30,77.86
13/07/2024 19:45,91.12
13/07/2024 20:00,103.91
13/07/2024 20:15,95.06
13/07/2024 20:30,78.29
13/07/2024 20:45,78.81
13/07/2024 21:00,148.09
13/07/2024 21:15,86.91
13/07/2024 21:30,121.2
13/07/2024 21:45,106.27
13/07/2024 22:00,208.19
13/07/2024 22:15,97.68
13/07/2024 22:30,81.91
13/07/2024 22:45,68.01
13/07/2024 23:00,97.43
13/07/2024 23:15,92.49
13/07/2024 23:30,77.26
13/07/2024 23:45,78.08
14/07/2024 00:00,83.96
14/07/2024 00:15,82.63
14/07/2024 00:30,80.29
14/07/2024 00:45,67.24
14/07/2024 01:00,66.99
14/07/2024 01:15,42.37
14/07/2024 01:30,34.48
14/07/2024 01:45,14.71
14/07/2024 02:00,57.09
14/07/2024 02:15,35.95
14/07/2024 02:30,43.41
14/07/2024 02:45,46.4
14/07/2024 03:00,65.73
14/07/2024 03:15,61.59
14/07/2024 03:30,65.53
14/07/2024 03:45,53.6
14/07/2024 04:00,73.18
14/07/2024 04:15,70.43
14/07/2024 04:30,75.63
14/07/2024 04:45,61.27
14/07/2024 05:00,62.53
14/07/2024 05:15,21.37
14/07/2024 05:30,9.98
14/07/2024 05:45,5.03
14/07/2024 06:00,52.72
14/07/2024 06:15,31.65
14/07/2024 06:30,9.31
14/07/2024 06:45,-20.34
14/07/2024 07:00,12.79
14/07/2024 07:15,-10.57
14/07/2024 07:30,-23.42
14/07/2024 07:45,-54.04
14/07/2024 08:00,53.97
14/07/2024 08:15,-1.59
14/07/2024 08:30,-11.57
14/07/2024 08:45,-24.21
14/07/2024 09:00,3.21
14/07/2024 09:15,-14.33
14/07/2024 09:30,-19.96
14/07/2024 09:45,-75.2
14/07/2024 10:00,-27.05
14/07/2024 10:15,-76.91
14/07/2024 10:30,-52.67
14/07/2024 10:45,-112.05
14/07/2024 11:00,-44.65
14/07/2024 11:15,-51.32
14/07/2024 11:30,-42.64
14/07/2024 11:45,-46.68
14/07/2024 12:00,-52.08
14/07/2024 12:15,-82.94
14/07/2024 12:30,-86.82
14/07/2024 12:45,-76.09
14/07/2024 13:00,-135.26
14/07/2024 13:15,-87.54
14/07/2024 13:30,-41.67
14/07/2024 13:45,-29.29
14/07/2024 14:00,-104.31
14/07/2024 14:15,-25.81
14/07/2024 14:30,-7.34
14/07/2024 14:45,0.73
14/07/2024 15:00,-16.82
14/07/2024 15:15,-1.73
14/07/2024 15:30,-12.83
14/07/2024 15:45,3.86
14/07/2024 16:00,-38.76
14/07/2024 16:15,-11.65
14/07/2024 16:30,-5.46
14/07/2024 16:45,38.23
14/07/2024 17:00,-29
14/07/2024 17:15,5.54
14/07/2024 17:30,71.31
14/07/2024 17:45,113.99
14/07/2024 18:00,42.34
14/07/2024 18:15,57.14
14/07/2024 18:30,74.53
14/07/2024 18:45,75.43
14/07/2024 19:00,61.18
14/07/2024 19:15,70.4
14/07/2024 19:30,77.59
14/07/2024 19:45,83.86
14/07/2024 20:00,82.06
14/07/2024 20:15,83.39
14/07/2024 20:30,96.62
14/07/2024 20:45,106.22
14/07/2024 21:00,118.93
14/07/2024 21:15,94.61
14/07/2024 21:30,100.1
14/07/2024 21:45,84.35
14/07/2024 22:00,100.46
14/07/2024 22:15,93.16
14/07/2024 22:30,71.02
14/07/2024 22:45,62.76
14/07/2024 23:00,107.38
14/07/2024 23:15,100.74
14/07/2024 23:30,84.04
14/07/2024 23:45,78.04
15/07/2024 00:00,93.89
15/07/2024 00:15,79.01
15/07/2024 00:30,73.42
15/07/2024 00:45,76.31
15/07/2024 01:00,69.39
15/07/2024 01:15,66.74
15/07/2024 01:30,72.45
15/07/2024 01:45,69.93
15/07/2024 02:00,62.99
15/07/2024 02:15,63.68
15/07/2024 02:30,65.61
15/07/2024 02:45,73.03
15/07/2024 03:00,64.64
15/07/2024 03:15,67.98
15/07/2024 03:30,82.73
15/07/2024 03:45,80.82
15/07/2024 04:00,65.97
15/07/2024 04:15,69.22
15/07/2024 04:30,83.33
15/07/2024 04:45,82.06
15/07/2024 05:00,62.25
15/07/2024 05:15,77.86
15/07/2024 05:30,104.94
15/07/2024 05:45,104.12
15/07/2024 06:00,383.75
15/07/2024 06:15,165.01
15/07/2024 06:30,82.83
15/07/2024 06:45,72.22
15/07/2024 07:00,120.93
15/07/2024 07:15,76.81
15/07/2024 07:30,71.88
15/07/2024 07:45,70.12
15/07/2024 08:00,85.98
15/07/2024 08:15,54.64
15/07/2024 08:30,62.4
15/07/2024 08:45,35.06
15/07/2024 09:00,96.62
15/07/2024 09:15,74.65
15/07/2024 09:30,63.15
15/07/2024 09:45,48.72
15/07/2024 10:00,69.19
15/07/2024 10:15,68.51
15/07/2024 10:30,54.29
15/07/2024 10:45,28.6
15/07/2024 11:00,62.08
15/07/2024 11:15,37.2
15/07/2024 11:30,51.04
15/07/2024 11:45,47.96
15/07/2024 12:00,5.5
15/07/2024 12:15,-1.58
15/07/2024 12:30,-8.02
15/07/2024 12:45,-18.99
15/07/2024 13:00,0.84
15/07/2024 13:15,23.6
15/07/2024 13:30,31.09
15/07/2024 13:45,66.79
15/07/2024 14:00,4.27
15/07/2024 14:15,67.21
15/07/2024 14:30,64.51
15/07/2024 14:45,72.36
15/07/2024 15:00,30.9
15/07/2024 15:15,64.58
15/07/2024 15:30,74.09
15/07/2024 15:45,88.28
15/07/2024 16:00,64.52
15/07/2024 16:15,88.38
15/07/2024 16:30,101.42
15/07/2024 16:45,193.06
15/07/2024 17:00,73.24
15/07/2024 17:15,120.31
15/07/2024 17:30,343.99
15/07/2024 17:45,1553.06
15/07/2024 18:00,109.21
15/07/2024 18:15,189.33
15/07/2024 18:30,1137.3
15/07/2024 18:45,1475.64
15/07/2024 19:00,1031.15
15/07/2024 19:15,1364.25
15/07/2024 19:30,1297.75
15/07/2024 19:45,1162.12
15/07/2024 20:00,2410.06
15/07/2024 20:15,580.47
15/07/2024 20:30,187.39
15/07/2024 20:45,87
15/07/2024 21:00,174.17
15/07/2024 21:15,85.69
15/07/2024 21:30,85.52
15/07/2024 21:45,90.58
15/07/2024 22:00,113.81
15/07/2024 22:15,106.42
15/07/2024 22:30,85.19
15/07/2024 22:45,75.39
15/07/2024 23:00,106.45
15/07/2024 23:15,85.34
15/07/2024 23:30,68.9
15/07/2024 23:45,65.57
16/07/2024 00:00,77.55
16/07/2024 00:15,70.93
16/07/2024 00:30,70.65
16/07/2024 00:45,66.1
16/07/2024 01:00,75.08
16/07/2024 01:15,75.36
16/07/2024 01:30,80.13
16/07/2024 01:45,89.53
16/07/2024 02:00,98.09
16/07/2024 02:15,76.89
16/07/2024 02:30,77.23
16/07/2024 02:45,79.6
16/07/2024 03:00,65.15
16/07/2024 03:15,73.1
16/07/2024 03:30,81.82
16/07/2024 03:45,87.81
16/07/2024 04:00,90.79
16/07/2024 04:15,78.79
16/07/2024 04:30,81.77
16/07/2024 04:45,88.24
16/07/2024 05:00,67.28
16/07/2024 05:15,82.66
16/07/2024 05:30,84.91
16/07/2024 05:45,94.68
16/07/2024 06:00,100.45
16/07/2024 06:15,113.9
16/07/2024 06:30,113.49
16/07/2024 06:45,110.82
16/07/2024 07:00,142.19
16/07/2024 07:15,115.35
16/07/2024 07:30,100.97
16/07/2024 07:45,74.1
16/07/2024 08:00,140.34
16/07/2024 08:15,95.19
16/07/2024 08:30,73.63
16/07/2024 08:45,64.78
16/07/2024 09:00,115.43
16/07/2024 09:15,87.05
16/07/2024 09:30,60.16
16/07/2024 09:45,38.58
16/07/2024 10:00,78.82
16/07/2024 10:15,66.42
16/07/2024 10:30,61.72
16/07/2024 10:45,36.16
16/07/2024 11:00,67.97
16/07/2024 11:15,29.58
16/07/2024 11:30,9.37
16/07/2024 11:45,-14.33
16/07/2024 12:00,25.32
16/07/2024 12:15,-5.1
16/07/2024 12:30,-7.98
16/07/2024 12:45,-20.36
16/07/2024 13:00,-17.52
16/07/2024 13:15,-8.84
16/07/2024 13:30,-10.13
16/07/2024 13:45,-12.3
16/07/2024 14:00,-40.62
16/07/2024 14:15,-23.29
16/07/2024 14:30,0.65
16/07/2024 14:45,6.83
16/07/2024 15:00,-34.51
16/07/2024 15:15,-9.39
16/07/2024 15:30,-5.93
16/07/2024 15:45,36.88
16/07/2024 16:00,-33.5
16/07/2024 16:15,23.93
16/07/2024 16:30,56.63
16/07/2024 16:45,69.77
16/07/2024 17:00,6.96
16/07/2024 17:15,37.97
16/07/2024 17:30,80.18
16/07/2024 17:45,82.37
16/07/2024 18:00,52.72
16/07/2024 18:15,64.63
16/07/2024 18:30,79.3
16/07/2024 18:45,94.8
16/07/2024 19:00,78.48
16/07/2024 19:15,77.24
16/07/2024 19:30,89.04
16/07/2024 19:45,103.29
16/07/2024 20:00,123.63
16/07/2024 20:15,95.07
16/07/2024 20:30,80.16
16/07/2024 20:45,76.21
16/07/2024 21:00,98.57
16/07/2024 21:15,85.76
16/07/2024 21:30,91.19
16/07/2024 21:45,86.22
16/07/2024 22:00,110.18
16/07/2024 22:15,89.56
16/07/2024 22:30,82.22
16/07/2024 22:45,70.13
16/07/2024 23:00,78.51
16/07/2024 23:15,74.48
16/07/2024 23:30,69.57
16/07/2024 23:45,77.67
17/07/2024 00:00,76.31
17/07/2024 00:15,85.12
17/07/2024 00:30,70.45
17/07/2024 00:45,62.84
17/07/2024 01:00,63.92
17/07/2024 01:15,70.52
17/07/2024 01:30,65.91
17/07/2024 01:45,62.49
17/07/2024 02:00,65.9
17/07/2024 02:15,60.9
17/07/2024 02:30,52.72
17/07/2024 02:45,44.23
17/07/2024 03:00,48.96
17/07/2024 03:15,48.73
17/07/2024 03:30,49.3
17/07/2024 03:45,30.17
17/07/2024 04:00,33.57
17/07/2024 04:15,36.57
17/07/2024 04:30,41.55
17/07/2024 04:45,54.09
17/07/2024 05:00,47.73
17/07/2024 05:15,59.31
17/07/2024 05:30,68.67
17/07/2024 05:45,70.51
17/07/2024 06:00,78.37
17/07/2024 06:15,66.05
17/07/2024 06:30,65.17
17/07/2024 06:45,55.45
17/07/2024 07:00,103.01
17/07/2024 07:15,87.92
17/07/2024 07:30,84.5
17/07/2024 07:45,55.32
17/07/2024 08:00,78.11
17/07/2024 08:15,68.98
17/07/2024 08:30,72.75
17/07/2024 08:45,60.98
17/07/2024 09:00,62.74
17/07/2024 09:15,28.65
17/07/2024 09:30,39.72
17/07/2024 09:45,16.37
17/07/2024 10:00,35.21
17/07/2024 10:15,25.69
17/07/2024 10:30,24.92
17/07/2024 10:45,19.52
17/07/2024 11:00,53.91
17/07/2024 11:15,48.83
17/07/2024 11:30,55.17
17/07/2024 11:45,53.86
17/07/2024 12:00,63.62
17/07/2024 12:15,64.35
17/07/2024 12:30,55.85
17/07/2024 12:45,57.9
17/07/2024 13:00,37.28
17/07/2024 13:15,38.08
17/07/2024 13:30,60.36
17/07/2024 13:45,63.44
17/07/2024 14:00,36.09
17/07/2024 14:15,51.24
17/07/2024 14:30,34.78
17/07/2024 14:45,41.84
17/07/2024 15:00,35.93
17/07/2024 15:15,47.14
17/07/2024 15:30,39.5
17/07/2024 15:45,42.64
17/07/2024 16:00,45.67
17/07/2024 16:15,60.29
17/07/2024 16:30,62.77
17/07/2024 16:45,90.36
17/07/2024 17:00,49.57
17/07/2024 17:15,69.93
17/07/2024 17:30,76.72
17/07/2024 17:45,91.19
17/07/2024 18:00,72.03
17/07/2024 18:15,79.15
17/07/2024 18:30,88.32
17/07/2024 18:45,88.54
17/07/2024 19:00,74.55
17/07/2024 19:15,80.08
17/07/2024 19:30,96.6
17/07/2024 19:45,115.2
17/07/2024 20:00,96.93
17/07/2024 20:15,89.49
17/07/2024 20:30,95.17
17/07/2024 20:45,93.17
17/07/2024 21:00,105.67
17/07/2024 21:15,84.12
17/07/2024 21:30,85.6
17/07/2024 21:45,82.55
17/07/2024 22:00,90
17/07/2024 22:15,82.59
17/07/2024 22:30,77.42
17/07/2024 22:45,62.16
17/07/2024 23:00,117.88
17/07/2024 23:15,116.61
17/07/2024 23:30,82.03
17/07/2024 23:45,84.91
18/07/2024 00:00,94.45
18/07/2024 00:15,80.05
18/07/2024 00:30,85.3
18/07/2024 00:45,87.95
18/07/2024 01:00,92.7
18/07/2024 01:15,76.83
18/07/2024 01:30,75.86
18/07/2024 01:45,82.43
18/07/2024 02:00,83.09
18/07/2024 02:15,79.37
18/07/2024 02:30,77.66
18/07/2024 02:45,77.13
18/07/2024 03:00,72.57
18/07/2024 03:15,72.57
18/07/2024 03:30,83.13
18/07/2024 03:45,91.09
18/07/2024 04:00,76.88
18/07/2024 04:15,84.22
18/07/2024 04:30,95.81
18/07/2024 04:45,92.6
18/07/2024 05:00,81.98
18/07/2024 05:15,89.35
18/07/2024 05:30,94.85
18/07/2024 05:45,93.61
18/07/2024 06:00,103.84
18/07/2024 06:15,94.65
18/07/2024 06:30,84.65
18/07/2024 06:45,73.62
18/07/2024 07:00,92.26
18/07/2024 07:15,82.1
18/07/2024 07:30,79.82
18/07/2024 07:45,57.56
18/07/2024 08:00,95.97
18/07/2024 08:15,74.84
18/07/2024 08:30,74.18
18/07/2024 08:45,62.66
18/07/2024 09:00,81.11
18/07/2024 09:15,81.35
18/07/2024 09:30,73.75
18/07/2024 09:45,43.61
18/07/2024 10:00,56.91
18/07/2024 10:15,11.49
18/07/2024 10:30,-1.98
18/07/2024 10:45,-33.33
18/07/2024 11:00,17.77
18/07/2024 11:15,-18.14
18/07/2024 11:30,-18.43
18/07/2024 11:45,-29.68
18/07/2024 12:00,12.66
18/07/2024 12:15,-12.55
18/07/2024 12:30,-17.45
18/07/2024 12:45,-26.82
18/07/2024 13:00,-19.35
18/07/2024 13:15,3.79
18/07/2024 13:30,13.45
18/07/2024 13:45,31.76
18/07/2024 14:00,-48.49
18/07/2024 14:15,1.59
18/07/2024 14:30,2.28
18/07/2024 14:45,10.24
18/07/2024 15:00,-10.96
18/07/2024 15:15,49.03
18/07/2024 15:30,47.28
18/07/2024 15:45,69.38
18/07/2024 16:00,50.4
18/07/2024 16:15,63.83
18/07/2024 16:30,80.83
18/07/2024 16:45,86.25
18/07/2024 17:00,54.84
18/07/2024 17:15,67.61
18/07/2024 17:30,90.8
18/07/2024 17:45,104.66
18/07/2024 18:00,76.19
18/07/2024 18:15,88.26
18/07/2024 18:30,103.65
18/07/2024 18:45,214.81
18/07/2024 19:00,102.04
18/07/2024 19:15,106.41
18/07/2024 19:30,128.17
18/07/2024 19:45,177.98
18/07/2024 20:00,406.2
18/07/2024 20:15,239.32
18/07/2024 20:30,137.53
18/07/2024 20:45,102.75
18/07/2024 21:00,129.22
18/07/2024 21:15,99
18/07/2024 21:30,107.5
18/07/2024 21:45,102.57
18/07/2024 22:00,120.53
18/07/2024 22:15,106.14
18/07/2024 22:30,90.43
18/07/2024 22:45,75.89
18/07/2024 23:00,107.58
18/07/2024 23:15,105.15
18/07/2024 23:30,93.22
18/07/2024 23:45,93.04
19/07/2024 00:00,94.58
19/07/2024 00:15,83.57
19/07/2024 00:30,85.26
19/07/2024 00:45,67.76
19/07/2024 01:00,80.82
19/07/2024 01:15,71.31
19/07/2024 01:30,67.51
19/07/2024 01:45,74.61
19/07/2024 02:00,89.54
19/07/2024 02:15,85.74
19/07/2024 02:30,71.1
19/07/2024 02:45,70.25
19/07/2024 03:00,66.42
19/07/2024 03:15,68.05
19/07/2024 03:30,74.95
19/07/2024 03:45,84.11
19/07/2024 04:00,63.09
19/07/2024 04:15,70.65
19/07/2024 04:30,87.21
19/07/2024 04:45,99.37
19/07/2024 05:00,79.46
19/07/2024 05:15,91.5
19/07/2024 05:30,98.64
19/07/2024 05:45,94.82
19/07/2024 06:00,103.98
19/07/2024 06:15,101
19/07/2024 06:30,102.99
19/07/2024 06:45,84.75
19/07/2024 07:00,110.36
19/07/2024 07:15,88.9
19/07/2024 07:30,86.46
19/07/2024 07:45,72.01
19/07/2024 08:00,92.07
19/07/2024 08:15,78.4
19/07/2024 08:30,74.8
19/07/2024 08:45,72.32
19/07/2024 09:00,85.32
19/07/2024 09:15,75.42
19/07/2024 09:30,77.6
19/07/2024 09:45,67.63
19/07/2024 10:00,62.06
19/07/2024 10:15,59.03
19/07/2024 10:30,50.17
19/07/2024 10:45,17.28
19/07/2024 11:00,46.42
19/07/2024 11:15,47.7
19/07/2024 11:30,29.46
19/07/2024 11:45,1.03
19/07/2024 12:00,47.8
19/07/2024 12:15,40.34
19/07/2024 12:30,22.08
19/07/2024 12:45,31.72
19/07/2024 13:00,13.5
19/07/2024 13:15,40.1
19/07/2024 13:30,54.91
19/07/2024 13:45,74.64
19/07/2024 14:00,-3.26
19/07/2024 14:15,61.68
19/07/2024 14:30,57.45
19/07/2024 14:45,70.47
19/07/2024 15:00,44.76
19/07/2024 15:15,74.44
19/07/2024 15:30,78.42
19/07/2024 15:45,84.69
19/07/2024 16:00,56.61
19/07/2024 16:15,66.45
19/07/2024 16:30,78.77
19/07/2024 16:45,88.1
19/07/2024 17:00,49.53
19/07/2024 17:15,68.6
19/07/2024 17:30,84.37
19/07/2024 17:45,116.4
19/07/2024 18:00,97.69
19/07/2024 18:15,118.27
19/07/2024 18:30,135.02
19/07/2024 18:45,170.95
19/07/2024 19:00,125.9
19/07/2024 19:15,135.03
19/07/2024 19:30,135.44
19/07/2024 19:45,154.24
19/07/2024 20:00,175.76
19/07/2024 20:15,124.03
19/07/2024 20:30,101.91
19/07/2024 20:45,81.63
19/07/2024 21:00,155.28
19/07/2024 21:15,84.54
19/07/2024 21:30,83.51
19/07/2024 21:45,72.14
19/07/2024 22:00,96.69
19/07/2024 22:15,77.28
19/07/2024 22:30,74.53
19/07/2024 22:45,75.09
19/07/2024 23:00,79.07
19/07/2024 23:15,72.69
19/07/2024 23:30,81.09
19/07/2024 23:45,69.95
20/07/2024 00:00,79.03
20/07/2024 00:15,80.84
20/07/2024 00:30,76.1
20/07/2024 00:45,71.66
20/07/2024 01:00,95.54
20/07/2024 01:15,75.33
20/07/2024 01:30,69.34
20/07/2024 01:45,67.72
20/07/2024 02:00,69.03
20/07/2024 02:15,65.22
20/07/2024 02:30,67.07
20/07/2024 02:45,78.04
20/07/2024 03:00,74.23
20/07/2024 03:15,75.68
20/07/2024 03:30,89.58
20/07/2024 03:45,85.56
20/07/2024 04:00,86.91
20/07/2024 04:15,82.53
20/07/2024 04:30,78.79
20/07/2024 04:45,79.32
20/07/2024 05:00,77.91
20/07/2024 05:15,77.42
20/07/2024 05:30,72.62
20/07/2024 05:45,66.05
20/07/2024 06:00,91.71
20/07/2024 06:15,89.3
20/07/2024 06:30,79.3
20/07/2024 06:45,73.43
20/07/2024 07:00,85.17
20/07/2024 07:15,75.38
20/07/2024 07:30,72.51
20/07/2024 07:45,53.82
20/07/2024 08:00,103.77
20/07/2024 08:15,72.02
20/07/2024 08:30,65.67
20/07/2024 08:45,17.1
20/07/2024 09:00,34.51
20/07/2024 09:15,-8.93
20/07/2024 09:30,-5.73
20/07/2024 09:45,-20.51
20/07/2024 10:00,14.11
20/07/2024 10:15,-10.42
20/07/2024 10:30,2.05
20/07/2024 10:45,-19.59
20/07/2024 11:00,-13.51
20/07/2024 11:15,-26.65
20/07/2024 11:30,-18.76
20/07/2024 11:45,-56.54
20/07/2024 12:00,-21.75
20/07/2024 12:15,-50.83
20/07/2024 12:30,-43.16
20/07/2024 12:45,-28.8
20/07/2024 13:00,-10.8
20/07/2024 13:15,-2.84
20/07/2024 13:30,4
20/07/2024 13:45,15.14
20/07/2024 14:00,-25.66
20/07/2024 14:15,0.93
20/07/2024 14:30,-2.51
20/07/2024 14:45,26.56
20/07/2024 15:00,-48.21
20/07/2024 15:15,-13.11
20/07/2024 15:30,8.86
20/07/2024 15:45,31.05
20/07/2024 16:00,-29.19
20/07/2024 16:15,30.33
20/07/2024 16:30,66.88
20/07/2024 16:45,77.56
20/07/2024 17:00,55.04
20/07/2024 17:15,76.12
20/07/2024 17:30,89.85
20/07/2024 17:45,91.66
20/07/2024 18:00,83.19
20/07/2024 18:15,94.54
20/07/2024 18:30,97
20/07/2024 18:45,163.04
20/07/2024 19:00,160.4
20/07/2024 19:15,335.12
20/07/2024 19:30,235.79
20/07/2024 19:45,177.97
20/07/2024 20:00,496.23
20/07/2024 20:15,648.45
20/07/2024 20:30,329.84
20/07/2024 20:45,185.65
20/07/2024 21:00,280.52
20/07/2024 21:15,160.85
20/07/2024 21:30,171.46
20/07/2024 21:45,146.93
20/07/2024 22:00,137.69
20/07/2024 22:15,99.05
20/07/2024 22:30,70.7
20/07/2024 22:45,60.58
20/07/2024 23:00,89.33
20/07/2024 23:15,80.32
20/07/2024 23:30,59.66
20/07/2024 23:45,61.17
21/07/2024 00:00,63.97
21/07/2024 00:15,65.81
21/07/2024 00:30,65.45
21/07/2024 00:45,59.19
21/07/2024 01:00,63.03
21/07/2024 01:15,75.24
21/07/2024 01:30,63.44
21/07/2024 01:45,51.31
21/07/2024 02:00,51.43
21/07/2024 02:15,65.07
21/07/2024 02:30,86.09
21/07/2024 02:45,87.99
21/07/2024 03:00,85.31
21/07/2024 03:15,92.1
21/07/2024 03:30,89.53
21/07/2024 03:45,90.02
21/07/2024 04:00,89.61
21/07/2024 04:15,90.11
21/07/2024 04:30,80.11
21/07/2024 04:45,73.35
21/07/2024 05:00,70.62
21/07/2024 05:15,66.16
21/07/2024 05:30,64.36
21/07/2024 05:45,57.45
21/07/2024 06:00,64.25
21/07/2024 06:15,56.02
21/07/2024 06:30,43.08
21/07/2024 06:45,24.14
21/07/2024 07:00,71.26
21/07/2024 07:15,69.54
21/07/2024 07:30,53.73
21/07/2024 07:45,34.62
21/07/2024 08:00,88.35
21/07/2024 08:15,16.16
21/07/2024 08:30,6.8
21/07/2024 08:45,-21.73
21/07/2024 09:00,50.71
21/07/2024 09:15,2.4
21/07/2024 09:30,27.99
21/07/2024 09:45,12.92
21/07/2024 10:00,80.4
21/07/2024 10:15,55.71
21/07/2024 10:30,56.86
21/07/2024 10:45,52.62
21/07/2024 11:00,64.16
21/07/2024 11:15,51.47
21/07/2024 11:30,42.72
21/07/2024 11:45,26.04
21/07/2024 12:00,21.98
21/07/2024 12:15,3.17
21/07/2024 12:30,-12.84
21/07/2024 12:45,-12.35
21/07/2024 13:00,6.96
21/07/2024 13:15,2.34
21/07/2024 13:30,-49.9
21/07/2024 13:45,-14.42
21/07/2024 14:00,-21.45
21/07/2024 14:15,-9.17
21/07/2024 14:30,-12.07
21/07/2024 14:45,30.37
21/07/2024 15:00,-7.62
21/07/2024 15:15,57.55
21/07/2024 15:30,68.3
21/07/2024 15:45,72.38
21/07/2024 16:00,33.88
21/07/2024 16:15,26.24
21/07/2024 16:30,83.14
21/07/2024 16:45,117.69
21/07/2024 17:00,61.6
21/07/2024 17:15,94.09
21/07/2024 17:30,109.69
21/07/2024 17:45,113.25
21/07/2024 18:00,73.77
21/07/2024 18:15,98.85
21/07/2024 18:30,115.58
21/07/2024 18:45,121.6
21/07/2024 19:00,72.85
21/07/2024 19:15,89.85
21/07/2024 19:30,116.01
21/07/2024 19:45,132.75
21/07/2024 20:00,187.23
21/07/2024 20:15,163.88
21/07/2024 20:30,120.41
21/07/2024 20:45,117.29
21/07/2024 21:00,238.12
21/07/2024 21:15,146.78
21/07/2024 21:30,126.88
21/07/2024 21:45,123.57
21/07/2024 22:00,178.32
21/07/2024 22:15,107.57
21/07/2024 22:30,90.58
21/07/2024 22:45,78.31
21/07/2024 23:00,118.4
21/07/2024 23:15,83.24
21/07/2024 23:30,74.44
21/07/2024 23:45,71.31
22/07/2024 00:00,104.66
22/07/2024 00:15,78.99
22/07/2024 00:30,91.36
22/07/2024 00:45,98.68
22/07/2024 01:00,104.1
22/07/2024 01:15,79.09
22/07/2024 01:30,77.53
22/07/2024 01:45,76.33
22/07/2024 02:00,98.11
22/07/2024 02:15,90.87
22/07/2024 02:30,88.32
22/07/2024 02:45,81.41
22/07/2024 03:00,89.79
22/07/2024 03:15,80.45
22/07/2024 03:30,85.54
22/07/2024 03:45,91.15
22/07/2024 04:00,64.03
22/07/2024 04:15,73.18
22/07/2024 04:30,67.09
22/07/2024 04:45,71.15
22/07/2024 05:00,68.08
22/07/2024 05:15,72.18
22/07/2024 05:30,79.44
22/07/2024 05:45,73.91
22/07/2024 06:00,73.88
22/07/2024 06:15,80.99
22/07/2024 06:30,76.24
22/07/2024 06:45,58.03
22/07/2024 07:00,92.16
22/07/2024 07:15,75.41
22/07/2024 07:30,75.52
22/07/2024 07:45,69.34
22/07/2024 08:00,76.12
22/07/2024 08:15,63.3
22/07/2024 08:30,57.58
22/07/2024 08:45,53.1
22/07/2024 09:00,68.35
22/07/2024 09:15,55.69
22/07/2024 09:30,56.32
22/07/2024 09:45,41.72
22/07/2024 10:00,65.37
22/07/2024 10:15,51.83
22/07/2024 10:30,46.29
22/07/2024 10:45,9.39
22/07/2024 11:00,34.09
22/07/2024 11:15,23.82
22/07/2024 11:30,4.71
22/07/2024 11:45,0.5
22/07/2024 12:00,47.29
22/07/2024 12:15,10.82
22/07/2024 12:30,-13.15
22/07/2024 12:45,-14.73
22/07/2024 13:00,4.45
22/07/2024 13:15,23.34
22/07/2024 13:30,24.09
22/07/2024 13:45,26.39
22/07/2024 14:00,-21.89
22/07/2024 14:15,-3.03
22/07/2024 14:30,18.89
22/07/2024 14:45,55.69
22/07/2024 15:00,-57.9
22/07/2024 15:15,-18.62
22/07/2024 15:30,20.24
22/07/2024 15:45,42.03
22/07/2024 16:00,-3.61
22/07/2024 16:15,28.07
22/07/2024 16:30,41.25
22/07/2024 16:45,53.21
22/07/2024 17:00,16.91
22/07/2024 17:15,60.1
22/07/2024 17:30,76.31
22/07/2024 17:45,87.32
22/07/2024 18:00,70.64
22/07/2024 18:15,92.1
22/07/2024 18:30,113.24
22/07/2024 18:45,278.43
22/07/2024 19:00,99.8
22/07/2024 19:15,107.94
22/07/2024 19:30,159.04
22/07/2024 19:45,237.29
22/07/2024 20:00,302.38
22/07/2024 20:15,129.37
22/07/2024 20:30,103.47
22/07/2024 20:45,85.08
22/07/2024 21:00,208.3
22/07/2024 21:15,109.78
22/07/2024 21:30,85.48
22/07/2024 21:45,87.04
22/07/2024 22:00,100.31
22/07/2024 22:15,89.7
22/07/2024 22:30,92.8
22/07/2024 22:45,81.63
22/07/2024 23:00,102.67
22/07/2024 23:15,96.48
22/07/2024 23:30,84.37
22/07/2024 23:45,74.42
23/07/2024 00:00,92.27
23/07/2024 00:15,80.77
23/07/2024 00:30,72.84
23/07/2024 00:45,65.28
23/07/2024 01:00,82
23/07/2024 01:15,84.25
23/07/2024 01:30,88.57
23/07/2024 01:45,90.16
23/07/2024 02:00,93.57
23/07/2024 02:15,101.89
23/07/2024 02:30,91.18
23/07/2024 02:45,81.95
23/07/2024 03:00,91.78
23/07/2024 03:15,102.2
23/07/2024 03:30,104.58
23/07/2024 03:45,108.24
23/07/2024 04:00,95.34
23/07/2024 04:15,92.83
23/07/2024 04:30,98.67
23/07/2024 04:45,121.31
23/07/2024 05:00,97.05
23/07/2024 05:15,117.41
23/07/2024 05:30,122.24
23/07/2024 05:45,115.51
23/07/2024 06:00,154.23
23/07/2024 06:15,129.74
23/07/2024 06:30,102.24
23/07/2024 06:45,86.1
23/07/2024 07:00,157.15
23/07/2024 07:15,118.35
23/07/2024 07:30,103.07
23/07/2024 07:45,90.95
23/07/2024 08:00,96.58
23/07/2024 08:15,89.12
23/07/2024 08:30,83.24
23/07/2024 08:45,79.62
23/07/2024 09:00,85.35
23/07/2024 09:15,69.95
23/07/2024 09:30,61.13
23/07/2024 09:45,41.63
23/07/2024 10:00,63.18
23/07/2024 10:15,67.42
23/07/2024 10:30,63.78
23/07/2024 10:45,65.41
23/07/2024 11:00,75.98
23/07/2024 11:15,72.18
23/07/2024 11:30,68.31
23/07/2024 11:45,64.14
23/07/2024 12:00,79.32
23/07/2024 12:15,66.48
23/07/2024 12:30,45.48
23/07/2024 12:45,-5.57
23/07/2024 13:00,20.46
23/07/2024 13:15,20.12
23/07/2024 13:30,24.62
23/07/2024 13:45,12.77
23/07/2024 14:00,-8.6
23/07/2024 14:15,0.18
23/07/2024 14:30,48.1
23/07/2024 14:45,55.92
23/07/2024 15:00,16.77
23/07/2024 15:15,59.24
23/07/2024 15:30,84.3
23/07/2024 15:45,97.42
23/07/2024 16:00,69.61
23/07/2024 16:15,77.48
23/07/2024 16:30,91.92
23/07/2024 16:45,118.23
23/07/2024 17:00,73.97
23/07/2024 17:15,89.26
23/07/2024 17:30,99.07
23/07/2024 17:45,111.97
23/07/2024 18:00,91.25
23/07/2024 18:15,90.13
23/07/2024 18:30,103.06
23/07/2024 18:45,115.24
23/07/2024 19:00,84.45
23/07/2024 19:15,87.58
23/07/2024 19:30,98.45
23/07/2024 19:45,110.02
23/07/2024 20:00,117.21
23/07/2024 20:15,112.51
23/07/2024 20:30,106.33
23/07/2024 20:45,119.75
23/07/2024 21:00,151.27
23/07/2024 21:15,103.03
23/07/2024 21:30,96.27
23/07/2024 21:45,95.3
23/07/2024 22:00,127.22
23/07/2024 22:15,117.91
23/07/2024 22:30,105.77
23/07/2024 22:45,113.01
23/07/2024 23:00,112.2
23/07/2024 23:15,88.41
23/07/2024 23:30,79.22
23/07/2024 23:45,86.07
24/07/2024 00:00,92.4
24/07/2024 00:15,95.59
24/07/2024 00:30,77.54
24/07/2024 00:45,85.54
24/07/2024 01:00,89.11
24/07/2024 01:15,88.65
24/07/2024 01:30,94.21
24/07/2024 01:45,88.63
24/07/2024 02:00,85.18
24/07/2024 02:15,83.56
24/07/2024 02:30,81.94
24/07/2024 02:45,84
24/07/2024 03:00,103.02
24/07/2024 03:15,112.42
24/07/2024 03:30,102.13
24/07/2024 03:45,114.06
24/07/2024 04:00,127.69
24/07/2024 04:15,141.73
24/07/2024 04:30,128.11
24/07/2024 04:45,115.92
24/07/2024 05:00,165.32
24/07/2024 05:15,164.15
24/07/2024 05:30,134.11
24/07/2024 05:45,131.86
24/07/2024 06:00,173.2
24/07/2024 06:15,172.33
24/07/2024 06:30,223.81
24/07/2024 06:45,243.86
24/07/2024 07:00,368.67
24/07/2024 07:15,174.97
24/07/2024 07:30,145.08
24/07/2024 07:45,148.85
24/07/2024 08:00,164.25
24/07/2024 08:15,98.8
24/07/2024 08:30,86.68
24/07/2024 08:45,68.39
24/07/2024 09:00,125.06
24/07/2024 09:15,94.19
24/07/2024 09:30,81.06
24/07/2024 09:45,51.9
24/07/2024 10:00,80.07
24/07/2024 10:15,81.74
24/07/2024 10:30,71.01
24/07/2024 10:45,41.75
24/07/2024 11:00,79
24/07/2024 11:15,77.99
24/07/2024 11:30,67.97
24/07/2024 11:45,24.36
24/07/2024 12:00,56.96
24/07/2024 12:15,6.26
24/07/2024 12:30,-28.89
24/07/2024 12:45,-40.74
24/07/2024 13:00,-12.53
24/07/2024 13:15,-16.41
24/07/2024 13:30,-11.47
24/07/2024 13:45,1.24
24/07/2024 14:00,-31.31
24/07/2024 14:15,-10.7
24/07/2024 14:30,5.79
24/07/2024 14:45,46.45
24/07/2024 15:00,-45.81
24/07/2024 15:15,-14.44
24/07/2024 15:30,-2.97
24/07/2024 15:45,47.89
24/07/2024 16:00,-11.37
24/07/2024 16:15,57.02
24/07/2024 16:30,69.85
24/07/2024 16:45,88.49
24/07/2024 17:00,36.61
24/07/2024 17:15,59.43
24/07/2024 17:30,84.13
24/07/2024 17:45,93.31
24/07/2024 18:00,65.78
24/07/2024 18:15,79.25
24/07/2024 18:30,85.44
24/07/2024 18:45,110.16
24/07/2024 19:00,71.44
24/07/2024 19:15,77.1
24/07/2024 19:30,98.42
24/07/2024 19:45,114.67
24/07/2024 20:00,116.34
24/07/2024 20:15,113.93
24/07/2024 20:30,102.39
24/07/2024 20:45,84.11
24/07/2024 21:00,137.24
24/07/2024 21:15,103.71
24/07/2024 21:30,101.15
24/07/2024 21:45,92.2
24/07/2024 22:00,108.2
24/07/2024 22:15,115.32
24/07/2024 22:30,80.65
24/07/2024 22:45,79.63
24/07/2024 23:00,97.19
24/07/2024 23:15,94.59
24/07/2024 23:30,77.14
24/07/2024 23:45,80.08
25/07/2024 00:00,99.49
25/07/2024 00:15,85.5
25/07/2024 00:30,75.43
25/07/2024 00:45,94.99
25/07/2024 01:00,94.57
25/07/2024 01:15,87.56
25/07/2024 01:30,87.62
25/07/2024 01:45,81.04
25/07/2024 02:00,74.57
25/07/2024 02:15,76.79
25/07/2024 02:30,84.17
25/07/2024 02:45,81.38
25/07/2024 03:00,77.95
25/07/2024 03:15,84.42
25/07/2024 03:30,90.67
25/07/2024 03:45,92.28
25/07/2024 04:00,77.62
25/07/2024 04:15,78.7
25/07/2024 04:30,94.38
25/07/2024 04:45,102.04
25/07/2024 05:00,89.22
25/07/2024 05:15,97.6
25/07/2024 05:30,105.94
25/07/2024 05:45,89.42
25/07/2024 06:00,190.36
25/07/2024 06:15,81.8
25/07/2024 06:30,79.2
25/07/2024 06:45,64.55
25/07/2024 07:00,94.29
25/07/2024 07:15,86.33
25/07/2024 07:30,73.31
25/07/2024 07:45,62.32
25/07/2024 08:00,101.48
25/07/2024 08:15,78.77
25/07/2024 08:30,52.28
25/07/2024 08:45,28.58
25/07/2024 09:00,87.96
25/07/2024 09:15,71.31
25/07/2024 09:30,64.18
25/07/2024 09:45,14.81
25/07/2024 10:00,65.93
25/07/2024 10:15,39.88
25/07/2024 10:30,16.22
25/07/2024 10:45,-7.39
25/07/2024 11:00,37.31
25/07/2024 11:15,-15.34
25/07/2024 11:30,-16.48
25/07/2024 11:45,-20.07
25/07/2024 12:00,0.83
25/07/2024 12:15,-0.73
25/07/2024 12:30,-14.53
25/07/2024 12:45,-26.16
25/07/2024 13:00,-19.83
25/07/2024 13:15,-5.77
25/07/2024 13:30,-7.34
25/07/2024 13:45,60.45
25/07/2024 14:00,-15.87
25/07/2024 14:15,9.02
25/07/2024 14:30,82.18
25/07/2024 14:45,100.42
25/07/2024 15:00,-8.37
25/07/2024 15:15,64.09
25/07/2024 15:30,79.23
25/07/2024 15:45,98
25/07/2024 16:00,41.29
25/07/2024 16:15,57.26
25/07/2024 16:30,88.29
25/07/2024 16:45,104.85
25/07/2024 17:00,56.89
25/07/2024 17:15,81.78
25/07/2024 17:30,115.38
25/07/2024 17:45,140.75
25/07/2024 18:00,70.79
25/07/2024 18:15,86.48
25/07/2024 18:30,102.87
25/07/2024 18:45,153.85
25/07/2024 19:00,93.43
25/07/2024 19:15,97.94
25/07/2024 19:30,93.59
25/07/2024 19:45,94.97
25/07/2024 20:00,93.41
25/07/2024 20:15,85.22
25/07/2024 20:30,87.18
25/07/2024 20:45,92.3
25/07/2024 21:00,137.54
25/07/2024 21:15,131.11
25/07/2024 21:30,120.13
25/07/2024 21:45,99.52
25/07/2024 22:00,103.54
25/07/2024 22:15,90.48
25/07/2024 22:30,86.82
25/07/2024 22:45,71.79
25/07/2024 23:00,108.83
25/07/2024 23:15,103.22
25/07/2024 23:30,100.72
25/07/2024 23:45,94.33
26/07/2024 00:00,98.56
26/07/2024 00:15,92.08
26/07/2024 00:30,68.85
26/07/2024 00:45,66.02
26/07/2024 01:00,78.71
26/07/2024 01:15,71.76
26/07/2024 01:30,75.7
26/07/2024 01:45,71.82
26/07/2024 02:00,83.19
26/07/2024 02:15,75.19
26/07/2024 02:30,82.56
26/07/2024 02:45,79.96
26/07/2024 03:00,71.17
26/07/2024 03:15,77.42
26/07/2024 03:30,81.78
26/07/2024 03:45,75.17
26/07/2024 04:00,67.21
26/07/2024 04:15,68.04
26/07/2024 04:30,69.9
26/07/2024 04:45,88.15
26/07/2024 05:00,81.32
26/07/2024 05:15,84.95
26/07/2024 05:30,96.09
26/07/2024 05:45,83.93
26/07/2024 06:00,80.65
26/07/2024 06:15,81.02
26/07/2024 06:30,81.72
26/07/2024 06:45,83.63
26/07/2024 07:00,90.14
26/07/2024 07:15,83.8
26/07/2024 07:30,79.37
26/07/2024 07:45,85.91
26/07/2024 08:00,92.96
26/07/2024 08:15,79.25
26/07/2024 08:30,66.55
26/07/2024 08:45,64.6
26/07/2024 09:00,85.42
26/07/2024 09:15,82.34
26/07/2024 09:30,77.2
26/07/2024 09:45,71.5
26/07/2024 10:00,88.32
26/07/2024 10:15,75.38
26/07/2024 10:30,77.64
26/07/2024 10:45,81.17
26/07/2024 11:00,93.15
26/07/2024 11:15,80.71
26/07/2024 11:30,80.45
26/07/2024 11:45,73.98
26/07/2024 12:00,86.33
26/07/2024 12:15,78.01
26/07/2024 12:30,69.81
26/07/2024 12:45,48.08
26/07/2024 13:00,54.78
26/07/2024 13:15,48.57
26/07/2024 13:30,32.78
26/07/2024 13:45,37.85
26/07/2024 14:00,53.6
26/07/2024 14:15,51.41
26/07/2024 14:30,56.42
26/07/2024 14:45,66
26/07/2024 15:00,4.34
26/07/2024 15:15,41.07
26/07/2024 15:30,55.63
26/07/2024 15:45,83.47
26/07/2024 16:00,56.77
26/07/2024 16:15,70.05
26/07/2024 16:30,77.9
26/07/2024 16:45,98.93
26/07/2024 17:00,53.06
26/07/2024 17:15,77.41
26/07/2024 17:30,104.45
26/07/2024 17:45,115.95
26/07/2024 18:00,91.69
26/07/2024 18:15,103.82
26/07/2024 18:30,115.81
26/07/2024 18:45,129.55
26/07/2024 19:00,98.1
26/07/2024 19:15,101.58
26/07/2024 19:30,106.61
26/07/2024 19:45,101.19
26/07/2024 20:00,139.16
26/07/2024 20:15,126.04
26/07/2024 20:30,111.59
26/07/2024 20:45,101.09
26/07/2024 21:00,116.27
26/07/2024 21:15,103.03
26/07/2024 21:30,99.85
26/07/2024 21:45,90.18
26/07/2024 22:00,110.37
26/07/2024 22:15,110.45
26/07/2024 22:30,92.13
26/07/2024 22:45,80.66
26/07/2024 23:00,103.86
26/07/2024 23:15,97.07
26/07/2024 23:30,99.73
26/07/2024 23:45,92.99
27/07/2024 00:00,110.66
27/07/2024 00:15,98.62
27/07/2024 00:30,94.31
27/07/2024 00:45,81.3
27/07/2024 01:00,93.29
27/07/2024 01:15,97.82
27/07/2024 01:30,99.44
27/07/2024 01:45,95.02
27/07/2024 02:00,81.81
27/07/2024 02:15,82.68
27/07/2024 02:30,82.42
27/07/2024 02:45,85.76
27/07/2024 03:00,85.19
27/07/2024 03:15,92.41
27/07/2024 03:30,94.72
27/07/2024 03:45,103.68
27/07/2024 04:00,99.77
27/07/2024 04:15,91.69
27/07/2024 04:30,98.07
27/07/2024 04:45,102.87
27/07/2024 05:00,84.92
27/07/2024 05:15,93.99
27/07/2024 05:30,103.58
27/07/2024 05:45,99.61
27/07/2024 06:00,91.49
27/07/2024 06:15,101.64
27/07/2024 06:30,92.41
27/07/2024 06:45,83.4
27/07/2024 07:00,87.34
27/07/2024 07:15,91.68
27/07/2024 07:30,90.45
27/07/2024 07:45,86.49
27/07/2024 08:00,105.47
27/07/2024 08:15,97.65
27/07/2024 08:30,79.1
27/07/2024 08:45,70.19
27/07/2024 09:00,97.89
27/07/2024 09:15,82.84
27/07/2024 09:30,73.91
27/07/2024 09:45,45.57
27/07/2024 10:00,72.9
27/07/2024 10:15,58.93
27/07/2024 10:30,45.36
27/07/2024 10:45,-0.39
27/07/2024 11:00,53.68
27/07/2024 11:15,14.19
27/07/2024 11:30,38.36
27/07/2024 11:45,50.96
27/07/2024 12:00,63.69
27/07/2024 12:15,74.23
27/07/2024 12:30,69.88
27/07/2024 12:45,70.63
27/07/2024 13:00,65.78
27/07/2024 13:15,68.54
27/07/2024 13:30,67.09
27/07/2024 13:45,88.29
27/07/2024 14:00,58.68
27/07/2024 14:15,69.55
27/07/2024 14:30,80.44
27/07/2024 14:45,87
27/07/2024 15:00,73.7
27/07/2024 15:15,83.39
27/07/2024 15:30,104.09
27/07/2024 15:45,115.77
27/07/2024 16:00,96.11
27/07/2024 16:15,105.05
27/07/2024 16:30,105.19
27/07/2024 16:45,99.97
27/07/2024 17:00,110.4
27/07/2024 17:15,107.38
27/07/2024 17:30,121.64
27/07/2024 17:45,126.03
27/07/2024 18:00,130.39
27/07/2024 18:15,118.13
27/07/2024 18:30,105.39
27/07/2024 18:45,106.24
27/07/2024 19:00,83.58
27/07/2024 19:15,75.81
27/07/2024 19:30,83.22
27/07/2024 19:45,77.32
27/07/2024 20:00,96
27/07/2024 20:15,99.1
27/07/2024 20:30,88.56
27/07/2024 20:45,89.12
27/07/2024 21:00,115.33
27/07/2024 21:15,101.11
27/07/2024 21:30,86.76
27/07/2024 21:45,70.65
27/07/2024 22:00,95.92
27/07/2024 22:15,90.9
27/07/2024 22:30,90.52
27/07/2024 22:45,90.29
27/07/2024 23:00,90.8
27/07/2024 23:15,89.58
27/07/2024 23:30,89.82
27/07/2024 23:45,92.86
28/07/2024 00:00,102.9
28/07/2024 00:15,105.57
28/07/2024 00:30,90.01
28/07/2024 00:45,85.52
28/07/2024 01:00,96.24
28/07/2024 01:15,90.72
28/07/2024 01:30,90.52
28/07/2024 01:45,86.19
28/07/2024 02:00,74.69
28/07/2024 02:15,82.72
28/07/2024 02:30,86.44
28/07/2024 02:45,89.44
28/07/2024 03:00,79.35
28/07/2024 03:15,70.12
28/07/2024 03:30,70.62
28/07/2024 03:45,73.76
28/07/2024 04:00,109.81
28/07/2024 04:15,87.97
28/07/2024 04:30,78.74
28/07/2024 04:45,80.39
28/07/2024 05:00,84.56
28/07/2024 05:15,75.79
28/07/2024 05:30,69.67
28/07/2024 05:45,57.72
28/07/2024 06:00,64.71
28/07/2024 06:15,68.93
28/07/2024 06:30,58.28
28/07/2024 06:45,57.59
28/07/2024 07:00,70.28
28/07/2024 07:15,45.66
28/07/2024 07:30,20.61
28/07/2024 07:45,20.47
28/07/2024 08:00,88.8
28/07/2024 08:15,57.62
28/07/2024 08:30,19.99
28/07/2024 08:45,-26.69
28/07/2024 09:00,34.62
28/07/2024 09:15,-10.08
28/07/2024 09:30,-10.73
28/07/2024 09:45,-41.63
28/07/2024 10:00,1.47
28/07/2024 10:15,-7.51
28/07/2024 10:30,-22.79
28/07/2024 10:45,-40.98
28/07/2024 11:00,2.16
28/07/2024 11:15,-20.73
28/07/2024 11:30,-37.11
28/07/2024 11:45,-56.44
28/07/2024 12:00,-27.18
28/07/2024 12:15,-106.2
28/07/2024 12:30,-118.05
28/07/2024 12:45,-270.69
28/07/2024 13:00,-346.74
28/07/2024 13:15,-253.06
28/07/2024 13:30,-198.88
28/07/2024 13:45,-149.23
28/07/2024 14:00,-146.18
28/07/2024 14:15,-94.05
28/07/2024 14:30,-56.67
28/07/2024 14:45,-5.25
28/07/2024 15:00,-51.97
28/07/2024 15:15,-37.73
28/07/2024 15:30,-39.13
28/07/2024 15:45,1.12
28/07/2024 16:00,-66.11
28/07/2024 16:15,-20.58
28/07/2024 16:30,-9.57
28/07/2024 16:45,20.82
28/07/2024 17:00,-65.79
28/07/2024 17:15,15.22
28/07/2024 17:30,58.58
28/07/2024 17:45,86.04
28/07/2024 18:00,22.72
28/07/2024 18:15,52.49
28/07/2024 18:30,89.41
28/07/2024 18:45,106.81
28/07/2024 19:00,63.29
28/07/2024 19:15,71.8
28/07/2024 19:30,96.79
28/07/2024 19:45,139.1
28/07/2024 20:00,114.81
28/07/2024 20:15,117.56
28/07/2024 20:30,86.55
28/07/2024 20:45,81.45
28/07/2024 21:00,120.26
28/07/2024 21:15,110.59
28/07/2024 21:30,98.04
28/07/2024 21:45,101.74
28/07/2024 22:00,107.69
28/07/2024 22:15,94.06
28/07/2024 22:30,77.53
28/07/2024 22:45,67.09
28/07/2024 23:00,87.55
28/07/2024 23:15,79.59
28/07/2024 23:30,83.91
28/07/2024 23:45,72.88
29/07/2024 00:00,73.5
29/07/2024 00:15,63.68
29/07/2024 00:30,68.75
29/07/2024 00:45,60.15
29/07/2024 01:00,77.53
29/07/2024 01:15,74.63
29/07/2024 01:30,76.11
29/07/2024 01:45,72.82
29/07/2024 02:00,71.86
29/07/2024 02:15,63.36
29/07/2024 02:30,67.86
29/07/2024 02:45,70.26
29/07/2024 03:00,65.31
29/07/2024 03:15,66.7
29/07/2024 03:30,76.74
29/07/2024 03:45,87.46
29/07/2024 04:00,45.26
29/07/2024 04:15,59.7
29/07/2024 04:30,77.93
29/07/2024 04:45,110.92
29/07/2024 05:00,72.02
29/07/2024 05:15,79.07
29/07/2024 05:30,85.23
29/07/2024 05:45,90.91
29/07/2024 06:00,110.52
29/07/2024 06:15,85.08
29/07/2024 06:30,72.72
29/07/2024 06:45,47.56
29/07/2024 07:00,132.58
29/07/2024 07:15,84.17
29/07/2024 07:30,71.65
29/07/2024 07:45,17.02
29/07/2024 08:00,97.11
29/07/2024 08:15,89.83
29/07/2024 08:30,70.51
29/07/2024 08:45,5.36
29/07/2024 09:00,92.07
29/07/2024 09:15,63.82
29/07/2024 09:30,28.03
29/07/2024 09:45,-8.89
29/07/2024 10:00,35.15
29/07/2024 10:15,5.33
29/07/2024 10:30,-21.34
29/07/2024 10:45,-39.1
29/07/2024 11:00,30.8
29/07/2024 11:15,-10.16
29/07/2024 11:30,-12.54
29/07/2024 11:45,-23.42
29/07/2024 12:00,15.81
29/07/2024 12:15,-6.27
29/07/2024 12:30,-19.2
29/07/2024 12:45,-22.3
29/07/2024 13:00,-38.99
29/07/2024 13:15,-18.56
29/07/2024 13:30,-7.42
29/07/2024 13:45,13.78
29/07/2024 14:00,-44.31
29/07/2024 14:15,-3.46
29/07/2024 14:30,-7.35
29/07/2024 14:45,26.7
29/07/2024 15:00,-32.75
29/07/2024 15:15,23.09
29/07/2024 15:30,29.46
29/07/2024 15:45,39.83
29/07/2024 16:00,6.26
29/07/2024 16:15,52.46
29/07/2024 16:30,82.02
29/07/2024 16:45,97.68
29/07/2024 17:00,58.04
29/07/2024 17:15,77.2
29/07/2024 17:30,92.67
29/07/2024 17:45,124.3
29/07/2024 18:00,99
29/07/2024 18:15,94.49
29/07/2024 18:30,95.93
29/07/2024 18:45,124.56
29/07/2024 19:00,104.74
29/07/2024 19:15,124.14
29/07/2024 19:30,133.68
29/07/2024 19:45,124.54
29/07/2024 20:00,132.83
29/07/2024 20:15,100.04
29/07/2024 20:30,98.91
29/07/2024 20:45,93.14
29/07/2024 21:00,129.6
29/07/2024 21:15,114.37
29/07/2024 21:30,118.93
29/07/2024 21:45,100.43
29/07/2024 22:00,106.42
29/07/2024 22:15,91.41
29/07/2024 22:30,95.49
29/07/2024 22:45,105.54
29/07/2024 23:00,85.99
29/07/2024 23:15,106.29
29/07/2024 23:30,101.11
29/07/2024 23:45,88.48
30/07/2024 00:00,93.43
30/07/2024 00:15,84.64
30/07/2024 00:30,80.87
30/07/2024 00:45,70.17
30/07/2024 01:00,84.31
30/07/2024 01:15,77.54
30/07/2024 01:30,83.63
30/07/2024 01:45,82.62
30/07/2024 02:00,87.41
30/07/2024 02:15,85.41
30/07/2024 02:30,100.49
30/07/2024 02:45,101.1
30/07/2024 03:00,100.89
30/07/2024 03:15,98.19
30/07/2024 03:30,95.04
30/07/2024 03:45,92.5
30/07/2024 04:00,75.39
30/07/2024 04:15,87.75
30/07/2024 04:30,97.5
30/07/2024 04:45,106.21
30/07/2024 05:00,87.7
30/07/2024 05:15,96.65
30/07/2024 05:30,109.56
30/07/2024 05:45,92.06
30/07/2024 06:00,115.13
30/07/2024 06:15,99.42
30/07/2024 06:30,98.73
30/07/2024 06:45,88.26
30/07/2024 07:00,104.32
30/07/2024 07:15,98.88
30/07/2024 07:30,82.32
30/07/2024 07:45,84.67
30/07/2024 08:00,104.13
30/07/2024 08:15,91.36
30/07/2024 08:30,73.74
30/07/2024 08:45,51.39
30/07/2024 09:00,74.12
30/07/2024 09:15,41.73
30/07/2024 09:30,55.98
30/07/2024 09:45,14.77
30/07/2024 10:00,53.69
30/07/2024 10:15,30.13
30/07/2024 10:30,-8.66
30/07/2024 10:45,-16.73
30/07/2024 11:00,67.97
30/07/2024 11:15,35.14
30/07/2024 11:30,30.84
30/07/2024 11:45,20.31
30/07/2024 12:00,68.19
30/07/2024 12:15,64.26
30/07/2024 12:30,62.02
30/07/2024 12:45,49.94
30/07/2024 13:00,-19.71
30/07/2024 13:15,4.8
30/07/2024 13:30,8.4
30/07/2024 13:45,48.88
30/07/2024 14:00,-2.63
30/07/2024 14:15,24.92
30/07/2024 14:30,32.31
30/07/2024 14:45,34.55
30/07/2024 15:00,27.71
30/07/2024 15:15,45.84
30/07/2024 15:30,50.92
30/07/2024 15:45,80.55
30/07/2024 16:00,63.61
30/07/2024 16:15,74.46
30/07/2024 16:30,76.04
30/07/2024 16:45,108.95
30/07/2024 17:00,68.36
30/07/2024 17:15,86.74
30/07/2024 17:30,91.17
30/07/2024 17:45,104.12
30/07/2024 18:00,88.47
30/07/2024 18:15,109.37
30/07/2024 18:30,96.84
30/07/2024 18:45,130.06
30/07/2024 19:00,121.65
30/07/2024 19:15,113.51
30/07/2024 19:30,107.03
30/07/2024 19:45,106.43
30/07/2024 20:00,193.9
30/07/2024 20:15,131.11
30/07/2024 20:30,124.74
30/07/2024 20:45,100.02
30/07/2024 21:00,118.1
30/07/2024 21:15,98.19
30/07/2024 21:30,108.61
30/07/2024 21:45,94.2
30/07/2024 22:00,108.59
30/07/2024 22:15,91.21
30/07/2024 22:30,75.8
30/07/2024 22:45,83.27
30/07/2024 23:00,112.73
30/07/2024 23:15,108.45
30/07/2024 23:30,104.8
30/07/2024 23:45,93.6
31/07/2024 00:00,82.86
31/07/2024 00:15,80.49
31/07/2024 00:30,80.14
31/07/2024 00:45,75.23
31/07/2024 01:00,88.77
31/07/2024 01:15,83.3
31/07/2024 01:30,76.77
31/07/2024 01:45,75.82
31/07/2024 02:00,95.94
31/07/2024 02:15,81.7
31/07/2024 02:30,91.55
31/07/2024 02:45,86.95
31/07/2024 03:00,84.89
31/07/2024 03:15,88.38
31/07/2024 03:30,86.33
31/07/2024 03:45,97.8
31/07/2024 04:00,78.58
31/07/2024 04:15,76.71
31/07/2024 04:30,80.78
31/07/2024 04:45,111.37
31/07/2024 05:00,86.9
31/07/2024 05:15,99.82
31/07/2024 05:30,108.1
31/07/2024 05:45,91.91
31/07/2024 06:00,117.85
31/07/2024 06:15,96.87
31/07/2024 06:30,78.76
31/07/2024 06:45,77.19
31/07/2024 07:00,100.27
31/07/2024 07:15,102.02
31/07/2024 07:30,86.24
31/07/2024 07:45,70.39
31/07/2024 08:00,111.08
31/07/2024 08:15,86.58
31/07/2024 08:30,65.97
31/07/2024 08:45,45.11
31/07/2024 09:00,90.62
31/07/2024 09:15,73.11
31/07/2024 09:30,81.33
31/07/2024 09:45,67.4
31/07/2024 10:00,68.95
31/07/2024 10:15,68.78
31/07/2024 10:30,74.59
31/07/2024 10:45,78.29
31/07/2024 11:00,81.83
31/07/2024 11:15,44.96
31/07/2024 11:30,19.75
31/07/2024 11:45,27.75
31/07/2024 12:00,60.73
31/07/2024 12:15,8.69
31/07/2024 12:30,16.06
31/07/2024 12:45,25.79
31/07/2024 13:00,39.88
31/07/2024 13:15,59.31
31/07/2024 13:30,52.48
31/07/2024 13:45,52.52
31/07/2024 14:00,56.11
31/07/2024 14:15,69.79
31/07/2024 14:30,64.79
31/07/2024 14:45,75.16
31/07/2024 15:00,49.05
31/07/2024 15:15,66.91
31/07/2024 15:30,74.13
31/07/2024 15:45,93.82
31/07/2024 16:00,79.42
31/07/2024 16:15,86.03
31/07/2024 16:30,92.04
31/07/2024 16:45,89.3
31/07/2024 17:00,80.3
31/07/2024 17:15,87.08
31/07/2024 17:30,93.77
31/07/2024 17:45,116.3
31/07/2024 18:00,78.73
31/07/2024 18:15,97.13
31/07/2024 18:30,102.03
31/07/2024 18:45,130.72
31/07/2024 19:00,81.29
31/07/2024 19:15,86.04
31/07/2024 19:30,95.46
31/07/2024 19:45,91.02
31/07/2024 20:00,112.58
31/07/2024 20:15,110.69
31/07/2024 20:30,96.47
31/07/2024 20:45,86.1
31/07/2024 21:00,107.94
31/07/2024 21:15,105.64
31/07/2024 21:30,94.87
31/07/2024 21:45,90.24
31/07/2024 22:00,110.3
31/07/2024 22:15,111.42
31/07/2024 22:30,104.89
31/07/2024 22:45,84.23
31/07/2024 23:00,104.69
31/07/2024 23:15,92.2
31/07/2024 23:30,83.33
31/07/2024 23:45,74.79
01/08/2024 00:00,88.21
01/08/2024 00:15,81.74
01/08/2024 00:30,87.44
01/08/2024 00:45,92.15
01/08/2024 01:00,80.1
01/08/2024 01:15,78.14
01/08/2024 01:30,80.11
01/08/2024 01:45,79.86
01/08/2024 02:00,79.55
01/08/2024 02:15,75.54
01/08/2024 02:30,79.18
01/08/2024 02:45,82.59
01/08/2024 03:00,78.87
01/08/2024 03:15,78.53
01/08/2024 03:30,87.24
01/08/2024 03:45,82.19
01/08/2024 04:00,66.54
01/08/2024 04:15,80.7
01/08/2024 04:30,94.51
01/08/2024 04:45,110.91
01/08/2024 05:00,97.99
01/08/2024 05:15,107.96
01/08/2024 05:30,113.63
01/08/2024 05:45,115.76
01/08/2024 06:00,99.16
01/08/2024 06:15,103.82
01/08/2024 06:30,93.66
01/08/2024 06:45,82.85
01/08/2024 07:00,97.84
01/08/2024 07:15,91.68
01/08/2024 07:30,78.75
01/08/2024 07:45,83.29
01/08/2024 08:00,124.38
01/08/2024 08:15,111.99
01/08/2024 08:30,94.16
01/08/2024 08:45,83.04
01/08/2024 09:00,89.73
01/08/2024 09:15,87.22
01/08/2024 09:30,86.53
01/08/2024 09:45,76.41
01/08/2024 10:00,100.44
01/08/2024 10:15,86.62
01/08/2024 10:30,71.71
01/08/2024 10:45,40.03
01/08/2024 11:00,68.67
01/08/2024 11:15,70.83
01/08/2024 11:30,84.94
01/08/2024 11:45,92.57
01/08/2024 12:00,90.85
01/08/2024 12:15,83.28
01/08/2024 12:30,77.83
01/08/2024 12:45,82.47
01/08/2024 13:00,102
01/08/2024 13:15,89.27
01/08/2024 13:30,85.51
01/08/2024 13:45,83.96
01/08/2024 14:00,79.77
01/08/2024 14:15,68.03
01/08/2024 14:30,69.99
01/08/2024 14:45,81.18
01/08/2024 15:00,74.96
01/08/2024 15:15,74.19
01/08/2024 15:30,75.37
01/08/2024 15:45,84.6
01/08/2024 16:00,80.13
01/08/2024 16:15,95.02
01/08/2024 16:30,108.64
01/08/2024 16:45,112.41
01/08/2024 17:00,98.86
01/08/2024 17:15,110.04
01/08/2024 17:30,98.99
01/08/2024 17:45,96.13
01/08/2024 18:00,90.54
01/08/2024 18:15,104.19
01/08/2024 18:30,106.44
01/08/2024 18:45,104.56
01/08/2024 19:00,110.19
01/08/2024 19:15,108.85
01/08/2024 19:30,104.69
01/08/2024 19:45,97.6
01/08/2024 20:00,120.46
01/08/2024 20:15,114.28
01/08/2024 20:30,101.43
01/08/2024 20:45,98.5
01/08/2024 21:00,113.58
01/08/2024 21:15,101.53
01/08/2024 21:30,105.3
01/08/2024 21:45,94.69
01/08/2024 22:00,106.67
01/08/2024 22:15,84.67
01/08/2024 22:30,79.33
01/08/2024 22:45,76.73
01/08/2024 23:00,127.24
01/08/2024 23:15,130.8
01/08/2024 23:30,104.9
01/08/2024 23:45,104.11
02/08/2024 00:00,107.82
02/08/2024 00:15,103.27
02/08/2024 00:30,106.29
02/08/2024 00:45,95.36
02/08/2024 01:00,94.24
02/08/2024 01:15,87.04
02/08/2024 01:30,78.26
02/08/2024 01:45,73.35
02/08/2024 02:00,85.57
02/08/2024 02:15,90.88
02/08/2024 02:30,91.03
02/08/2024 02:45,89.91
02/08/2024 03:00,81.89
02/08/2024 03:15,73.72
02/08/2024 03:30,84.17
02/08/2024 03:45,83.04
02/08/2024 04:00,73.76
02/08/2024 04:15,79.07
02/08/2024 04:30,82.28
02/08/2024 04:45,100.75
02/08/2024 05:00,80.21
02/08/2024 05:15,85.09
02/08/2024 05:30,96.42
02/08/2024 05:45,92.56
02/08/2024 06:00,100.73
02/08/2024 06:15,102.01
02/08/2024 06:30,103.34
02/08/2024 06:45,94.5
02/08/2024 07:00,106.67
02/08/2024 07:15,106.76
02/08/2024 07:30,106.01
02/08/2024 07:45,90.74
02/08/2024 08:00,102.97
02/08/2024 08:15,96.69
02/08/2024 08:30,102.81
02/08/2024 08:45,96.01
02/08/2024 09:00,110.34
02/08/2024 09:15,104.24
02/08/2024 09:30,94.08
02/08/2024 09:45,81.03
02/08/2024 10:00,111.78
02/08/2024 10:15,92.68
02/08/2024 10:30,84.99
02/08/2024 10:45,62.18
02/08/2024 11:00,90.37
02/08/2024 11:15,74.7
02/08/2024 11:30,78.25
02/08/2024 11:45,76.64
02/08/2024 12:00,88.88
02/08/2024 12:15,87.7
02/08/2024 12:30,81.78
02/08/2024 12:45,62.42
02/08/2024 13:00,63.44
02/08/2024 13:15,54.2
02/08/2024 13:30,59.38
02/08/2024 13:45,70.16
02/08/2024 14:00,55.5
02/08/2024 14:15,71.78
02/08/2024 14:30,76.76
02/08/2024 14:45,83
02/08/2024 15:00,11.06
02/08/2024 15:15,68.32
02/08/2024 15:30,76.89
02/08/2024 15:45,77.41
02/08/2024 16:00,79.95
02/08/2024 16:15,79.06
02/08/2024 16:30,99.36
02/08/2024 16:45,104.06
02/08/2024 17:00,54.98
02/08/2024 17:15,66.4
02/08/2024 17:30,100.55
02/08/2024 17:45,111.06
02/08/2024 18:00,79.66
02/08/2024 18:15,85.06
02/08/2024 18:30,101.03
02/08/2024 18:45,113.86
02/08/2024 19:00,98.96
02/08/2024 19:15,111.35
02/08/2024 19:30,106.21
02/08/2024 19:45,103.29
02/08/2024 20:00,109.98
02/08/2024 20:15,109.89
02/08/2024 20:30,100.72
02/08/2024 20:45,84.8
02/08/2024 21:00,111.37
02/08/2024 21:15,95.5
02/08/2024 21:30,95.96
02/08/2024 21:45,93.92
02/08/2024 22:00,99.05
02/08/2024 22:15,91.74
02/08/2024 22:30,96.67
02/08/2024 22:45,80.95
02/08/2024 23:00,100.34
02/08/2024 23:15,99.96
02/08/2024 23:30,77.68
02/08/2024 23:45,75.39
03/08/2024 00:00,85
03/08/2024 00:15,82.37
03/08/2024 00:30,84.4
03/08/2024 00:45,84.85
03/08/2024 01:00,89.22
03/08/2024 01:15,86.1
03/08/2024 01:30,85.18
03/08/2024 01:45,74.83
03/08/2024 02:00,96.14
03/08/2024 02:15,92.91
03/08/2024 02:30,86.25
03/08/2024 02:45,84.76
03/08/2024 03:00,85.17
03/08/2024 03:15,85.6
03/08/2024 03:30,95.2
03/08/2024 03:45,87.12
03/08/2024 04:00,74.42
03/08/2024 04:15,81.92
03/08/2024 04:30,87.12
03/08/2024 04:45,86.98
03/08/2024 05:00,96.09
03/08/2024 05:15,87.77
03/08/2024 05:30,85.87
03/08/2024 05:45,78.39
03/08/2024 06:00,92.73
03/08/2024 06:15,93.42
03/08/2024 06:30,80.6
03/08/2024 06:45,71.62
03/08/2024 07:00,101.44
03/08/2024 07:15,97.88
03/08/2024 07:30,77.55
03/08/2024 07:45,69.09
03/08/2024 08:00,105.28
03/08/2024 08:15,79.51
03/08/2024 08:30,26.39
03/08/2024 08:45,12.85
03/08/2024 09:00,53.42
03/08/2024 09:15,17.99
03/08/2024 09:30,-3.36
03/08/2024 09:45,-18.95
03/08/2024 10:00,20.12
03/08/2024 10:15,-0.88
03/08/2024 10:30,38.18
03/08/2024 10:45,31.16
03/08/2024 11:00,45.65
03/08/2024 11:15,3.92
03/08/2024 11:30,19.51
03/08/2024 11:45,-4.07
03/08/2024 12:00,10.92
03/08/2024 12:15,-18.95
03/08/2024 12:30,-18.59
03/08/2024 12:45,-24.96
03/08/2024 13:00,-9.05
03/08/2024 13:15,-11.19
03/08/2024 13:30,-8.33
03/08/2024 13:45,14.59
03/08/2024 14:00,-4.18
03/08/2024 14:15,10.38
03/08/2024 14:30,-1.06
03/08/2024 14:45,26.47
03/08/2024 15:00,-1.64
03/08/2024 15:15,12.79
03/08/2024 15:30,45.73
03/08/2024 15:45,55.76
03/08/2024 16:00,21.51
03/08/2024 16:15,50.84
03/08/2024 16:30,59.94
03/08/2024 16:45,76.59
03/08/2024 17:00,22.58
03/08/2024 17:15,81.24
03/08/2024 17:30,102.53
03/08/2024 17:45,128.28
03/08/2024 18:00,82.66
03/08/2024 18:15,103.43
03/08/2024 18:30,107.5
03/08/2024 18:45,116.12
03/08/2024 19:00,95.15
03/08/2024 19:15,95.37
03/08/2024 19:30,102.36
03/08/2024 19:45,105.38
03/08/2024 20:00,117.15
03/08/2024 20:15,106.53
03/08/2024 20:30,97.73
03/08/2024 20:45,96.56
03/08/2024 21:00,121.77
03/08/2024 21:15,104.26
03/08/2024 21:30,95.55
03/08/2024 21:45,88.85
03/08/2024 22:00,105.58
03/08/2024 22:15,103.44
03/08/2024 22:30,102.33
03/08/2024 22:45,93.94
03/08/2024 23:00,101.69
03/08/2024 23:15,90.22
03/08/2024 23:30,84.23
03/08/2024 23:45,77.46
04/08/2024 00:00,99.67
04/08/2024 00:15,93.16
04/08/2024 00:30,89.61
04/08/2024 00:45,81.18
04/08/2024 01:00,143.58
04/08/2024 01:15,97.73
04/08/2024 01:30,93.39
04/08/2024 01:45,79.17
04/08/2024 02:00,100.84
04/08/2024 02:15,91.01
04/08/2024 02:30,77.76
04/08/2024 02:45,68.21
04/08/2024 03:00,88.83
04/08/2024 03:15,82.04
04/08/2024 03:30,84.89
04/08/2024 03:45,82.32
04/08/2024 04:00,88.33
04/08/2024 04:15,83.63
04/08/2024 04:30,77.9
04/08/2024 04:45,78.61
04/08/2024 05:00,92.41
04/08/2024 05:15,90.5
04/08/2024 05:30,86.54
04/08/2024 05:45,72.99
04/08/2024 06:00,100.99
04/08/2024 06:15,93.11
04/08/2024 06:30,65.35
04/08/2024 06:45,49.2
04/08/2024 07:00,88.42
04/08/2024 07:15,72.73
04/08/2024 07:30,41.73
04/08/2024 07:45,28.4
04/08/2024 08:00,51.64
04/08/2024 08:15,20.05
04/08/2024 08:30,2.54
04/08/2024 08:45,-12.73
04/08/2024 09:00,18.51
04/08/2024 09:15,-9.73
04/08/2024 09:30,-33.63
04/08/2024 09:45,-46.59
04/08/2024 10:00,-1.36
04/08/2024 10:15,-11.75
04/08/2024 10:30,-13.02
04/08/2024 10:45,-32.27
04/08/2024 11:00,-1.43
04/08/2024 11:15,-9.44
04/08/2024 11:30,-28.64
04/08/2024 11:45,-23.62
04/08/2024 12:00,16.39
04/08/2024 12:15,9.11
04/08/2024 12:30,-6.76
04/08/2024 12:45,-19.46
04/08/2024 13:00,-15.1
04/08/2024 13:15,-5.75
04/08/2024 13:30,-6.03
04/08/2024 13:45,3.84
04/08/2024 14:00,-4.78
04/08/2024 14:15,-8.09
04/08/2024 14:30,3.73
04/08/2024 14:45,16.77
04/08/2024 15:00,-34.7
04/08/2024 15:15,-0.53
04/08/2024 15:30,-10.26
04/08/2024 15:45,-0.23
04/08/2024 16:00,-27.79
04/08/2024 16:15,-4.46
04/08/2024 16:30,17.59
04/08/2024 16:45,67.33
04/08/2024 17:00,31.46
04/08/2024 17:15,73.9
04/08/2024 17:30,96.54
04/08/2024 17:45,96.21
04/08/2024 18:00,74.08
04/08/2024 18:15,93.42
04/08/2024 18:30,106.06
04/08/2024 18:45,109.19
04/08/2024 19:00,97.11
04/08/2024 19:15,110.32
04/08/2024 19:30,110.94
04/08/2024 19:45,105.75
04/08/2024 20:00,104.5
04/08/2024 20:15,106.77
04/08/2024 20:30,108.55
04/08/2024 20:45,97.17
04/08/2024 21:00,107.95
04/08/2024 21:15,110.52
04/08/2024 21:30,110.76
04/08/2024 21:45,104.78
04/08/2024 22:00,101.83
04/08/2024 22:15,84.68
04/08/2024 22:30,71.28
04/08/2024 22:45,68.74
04/08/2024 23:00,110.04
04/08/2024 23:15,89.56
04/08/2024 23:30,77.97
04/08/2024 23:45,79.01
05/08/2024 00:00,89.77
05/08/2024 00:15,83.1
05/08/2024 00:30,74.98
05/08/2024 00:45,69.16
05/08/2024 01:00,79.21
05/08/2024 01:15,79.51
05/08/2024 01:30,79.19
05/08/2024 01:45,80.57
05/08/2024 02:00,76.23
05/08/2024 02:15,73.89
05/08/2024 02:30,79.22
05/08/2024 02:45,81.7
05/08/2024 03:00,72.53
05/08/2024 03:15,76
05/08/2024 03:30,75.99
05/08/2024 03:45,83.56
05/08/2024 04:00,73.08
05/08/2024 04:15,78.67
05/08/2024 04:30,94.43
05/08/2024 04:45,105.35
05/08/2024 05:00,92.06
05/08/2024 05:15,103.29
05/08/2024 05:30,96.7
05/08/2024 05:45,105.74
05/08/2024 06:00,149.64
05/08/2024 06:15,116.15
05/08/2024 06:30,115.81
05/08/2024 06:45,132.98
05/08/2024 07:00,290.51
05/08/2024 07:15,123.18
05/08/2024 07:30,98.41
05/08/2024 07:45,93.58
05/08/2024 08:00,107.6
05/08/2024 08:15,103.12
05/08/2024 08:30,96.52
05/08/2024 08:45,91.31
05/08/2024 09:00,102.45
05/08/2024 09:15,89.88
05/08/2024 09:30,68.17
05/08/2024 09:45,57.22
05/08/2024 10:00,70.7
05/08/2024 10:15,65.82
05/08/2024 10:30,66.86
05/08/2024 10:45,47.47
05/08/2024 11:00,53.74
05/08/2024 11:15,54.52
05/08/2024 11:30,30.28
05/08/2024 11:45,-19.87
05/08/2024 12:00,43.28
05/08/2024 12:15,3.22
05/08/2024 12:30,-12
05/08/2024 12:45,-43.58
05/08/2024 13:00,-11.52
05/08/2024 13:15,-11.1
05/08/2024 13:30,-6.52
05/08/2024 13:45,8.36
05/08/2024 14:00,-13.81
05/08/2024 14:15,24.16
05/08/2024 14:30,69.07
05/08/2024 14:45,69.33
05/08/2024 15:00,-2.82
05/08/2024 15:15,42.42
05/08/2024 15:30,65.06
05/08/2024 15:45,73.67
05/08/2024 16:00,51.51
05/08/2024 16:15,69.87
05/08/2024 16:30,88.93
05/08/2024 16:45,88.75
05/08/2024 17:00,79.38
05/08/2024 17:15,85.37
05/08/2024 17:30,90.68
05/08/2024 17:45,97.7
05/08/2024 18:00,89.38
05/08/2024 18:15,97.08
05/08/2024 18:30,103.69
05/08/2024 18:45,176.18
05/08/2024 19:00,111.79
05/08/2024 19:15,121.37
05/08/2024 19:30,121.55
05/08/2024 19:45,117.24
05/08/2024 20:00,223.14
05/08/2024 20:15,110.31
05/08/2024 20:30,99.55
05/08/2024 20:45,97.38
05/08/2024 21:00,104.9
05/08/2024 21:15,92.78
05/08/2024 21:30,86.54
05/08/2024 21:45,87.83
05/08/2024 22:00,97.23
05/08/2024 22:15,89.91
05/08/2024 22:30,88.15
05/08/2024 22:45,86.84
05/08/2024 23:00,85.37
05/08/2024 23:15,86.72
05/08/2024 23:30,93.13
05/08/2024 23:45,69.7
06/08/2024 00:00,100.49
06/08/2024 00:15,92.62
06/08/2024 00:30,73.88
06/08/2024 00:45,67.3
06/08/2024 01:00,85.67
06/08/2024 01:15,88.35
06/08/2024 01:30,80.82
06/08/2024 01:45,74.77
06/08/2024 02:00,90.15
06/08/2024 02:15,85.87
06/08/2024 02:30,85.83
06/08/2024 02:45,74.88
06/08/2024 03:00,80.36
06/08/2024 03:15,77.08
06/08/2024 03:30,82.18
06/08/2024 03:45,85.36
06/08/2024 04:00,68.63
06/08/2024 04:15,77.08
06/08/2024 04:30,104.08
06/08/2024 04:45,108.03
06/08/2024 05:00,88.23
06/08/2024 05:15,95.29
06/08/2024 05:30,97.57
06/08/2024 05:45,91.75
06/08/2024 06:00,119.83
06/08/2024 06:15,99.67
06/08/2024 06:30,92.88
06/08/2024 06:45,85.55
06/08/2024 07:00,96.04
06/08/2024 07:15,96.59
06/08/2024 07:30,102.47
06/08/2024 07:45,86.05
06/08/2024 08:00,109.76
06/08/2024 08:15,77.32
06/08/2024 08:30,61.86
06/08/2024 08:45,61.78
06/08/2024 09:00,111.42
06/08/2024 09:15,83.46
06/08/2024 09:30,50.94
06/08/2024 09:45,-16.85
06/08/2024 10:00,45.7
06/08/2024 10:15,57.26
06/08/2024 10:30,36.42
06/08/2024 10:45,17.03
06/08/2024 11:00,54.97
06/08/2024 11:15,57.43
06/08/2024 11:30,60.33
06/08/2024 11:45,10.93
06/08/2024 12:00,36.46
06/08/2024 12:15,8.72
06/08/2024 12:30,-8.34
06/08/2024 12:45,-10.31
06/08/2024 13:00,-9.72
06/08/2024 13:15,3.27
06/08/2024 13:30,18.66
06/08/2024 13:45,71.06
06/08/2024 14:00,-8.22
06/08/2024 14:15,72.3
06/08/2024 14:30,71.55
06/08/2024 14:45,77.47
06/08/2024 15:00,45.32
06/08/2024 15:15,63.75
06/08/2024 15:30,75.28
06/08/2024 15:45,85.58
06/08/2024 16:00,64.3
06/08/2024 16:15,75.19
06/08/2024 16:30,86.44
06/08/2024 16:45,98.26
06/08/2024 17:00,80.39
06/08/2024 17:15,90.98
06/08/2024 17:30,102.51
06/08/2024 17:45,126.25
06/08/2024 18:00,92.1
06/08/2024 18:15,109.83
06/08/2024 18:30,114.86
06/08/2024 18:45,183.78
06/08/2024 19:00,266.4
06/08/2024 19:15,256.57
06/08/2024 19:30,205.96
06/08/2024 19:45,144.38
06/08/2024 20:00,219.35
06/08/2024 20:15,126.09
06/08/2024 20:30,100.4
06/08/2024 20:45,95.34
06/08/2024 21:00,124.74
06/08/2024 21:15,108.97
06/08/2024 21:30,96.93
06/08/2024 21:45,91.19
06/08/2024 22:00,104.54
06/08/2024 22:15,94.93
06/08/2024 22:30,76.91
06/08/2024 22:45,72.53
06/08/2024 23:00,101.63
06/08/2024 23:15,119.02
06/08/2024 23:30,92.02
06/08/2024 23:45,84.71
07/08/2024 00:00,109.4
07/08/2024 00:15,104.03
07/08/2024 00:30,96.27
07/08/2024 00:45,90.19
07/08/2024 01:00,93.54
07/08/2024 01:15,88.06
07/08/2024 01:30,86.55
07/08/2024 01:45,83.71
07/08/2024 02:00,92.91
07/08/2024 02:15,86.76
07/08/2024 02:30,90.45
07/08/2024 02:45,94.88
07/08/2024 03:00,88.88
07/08/2024 03:15,84.71
07/08/2024 03:30,87.42
07/08/2024 03:45,96.16
07/08/2024 04:00,82.29
07/08/2024 04:15,90.22
07/08/2024 04:30,121.79
07/08/2024 04:45,126.77
07/08/2024 05:00,114.06
07/08/2024 05:15,115.41
07/08/2024 05:30,122.91
07/08/2024 05:45,130.42
07/08/2024 06:00,187.99
07/08/2024 06:15,139.79
07/08/2024 06:30,106.86
07/08/2024 06:45,100.27
07/08/2024 07:00,108.18
07/08/2024 07:15,102.29
07/08/2024 07:30,104.55
07/08/2024 07:45,79.58
07/08/2024 08:00,108.51
07/08/2024 08:15,100.07
07/08/2024 08:30,82.77
07/08/2024 08:45,87.41
07/08/2024 09:00,108.98
07/08/2024 09:15,111.45
07/08/2024 09:30,96.77
07/08/2024 09:45,94.82
07/08/2024 10:00,77
07/08/2024 10:15,84.98
07/08/2024 10:30,89.05
07/08/2024 10:45,82.55
07/08/2024 11:00,100.43
07/08/2024 11:15,86.01
07/08/2024 11:30,82.99
07/08/2024 11:45,84.96
07/08/2024 12:00,83.62
07/08/2024 12:15,86.73
07/08/2024 12:30,38.63
07/08/2024 12:45,-8.15
07/08/2024 13:00,50.05
07/08/2024 13:15,68.78
07/08/2024 13:30,83.07
07/08/2024 13:45,79.42
07/08/2024 14:00,69.12
07/08/2024 14:15,72.7
07/08/2024 14:30,81.64
07/08/2024 14:45,87.45
07/08/2024 15:00,69.91
07/08/2024 15:15,70.9
07/08/2024 15:30,77.58
07/08/2024 15:45,89.76
07/08/2024 16:00,68.71
07/08/2024 16:15,95.29
07/08/2024 16:30,103.59
07/08/2024 16:45,117.32
07/08/2024 17:00,76.79
07/08/2024 17:15,94.95
07/08/2024 17:30,103.23
07/08/2024 17:45,110.43
07/08/2024 18:00,92.74
07/08/2024 18:15,102.95
07/08/2024 18:30,100.62
07/08/2024 18:45,125.39
07/08/2024 19:00,106.36
07/08/2024 19:15,104.37
07/08/2024 19:30,107.1
07/08/2024 19:45,116.41
07/08/2024 20:00,132.56
07/08/2024 20:15,119.1
07/08/2024 20:30,115.25
07/08/2024 20:45,107.87
07/08/2024 21:00,142.95
07/08/2024 21:15,136.73
07/08/2024 21:30,109.32
07/08/2024 21:45,99.14
07/08/2024 22:00,130.43
07/08/2024 22:15,120.4
07/08/2024 22:30,121.17
07/08/2024 22:45,103.64
07/08/2024 23:00,99.19
07/08/2024 23:15,101.51
07/08/2024 23:30,100.67
07/08/2024 23:45,99.59
08/08/2024 00:00,101.22
08/08/2024 00:15,98.23
08/08/2024 00:30,105.64
08/08/2024 00:45,97.88
08/08/2024 01:00,105.64
08/08/2024 01:15,97.28
08/08/2024 01:30,111.52
08/08/2024 01:45,112.11
08/08/2024 02:00,106.88
08/08/2024 02:15,89.49
08/08/2024 02:30,89.97
08/08/2024 02:45,88.36
08/08/2024 03:00,87.96
08/08/2024 03:15,85.75
08/08/2024 03:30,90.5
08/08/2024 03:45,90.96
08/08/2024 04:00,76.27
08/08/2024 04:15,85.13
08/08/2024 04:30,91.54
08/08/2024 04:45,105.76
08/08/2024 05:00,83.95
08/08/2024 05:15,106.31
08/08/2024 05:30,116.06
08/08/2024 05:45,107.99
08/08/2024 06:00,97.47
08/08/2024 06:15,99.06
08/08/2024 06:30,101.84
08/08/2024 06:45,102.01
08/08/2024 07:00,104.68
08/08/2024 07:15,108.85
08/08/2024 07:30,98.28
08/08/2024 07:45,92.85
08/08/2024 08:00,103.33
08/08/2024 08:15,104.26
08/08/2024 08:30,98.06
08/08/2024 08:45,77.44
08/08/2024 09:00,93.62
08/08/2024 09:15,85.29
08/08/2024 09:30,81.84
08/08/2024 09:45,77.93
08/08/2024 10:00,88.56
08/08/2024 10:15,87.62
08/08/2024 10:30,81.85
08/08/2024 10:45,60.3
08/08/2024 11:00,77.75
08/08/2024 11:15,59.26
08/08/2024 11:30,-0.83
08/08/2024 11:45,-27.53
08/08/2024 12:00,36.07
08/08/2024 12:15,42.19
08/08/2024 12:30,43.82
08/08/2024 12:45,1.02
08/08/2024 13:00,47.97
08/08/2024 13:15,20.13
08/08/2024 13:30,26.31
08/08/2024 13:45,41.09
08/08/2024 14:00,6.43
08/08/2024 14:15,3.82
08/08/2024 14:30,36.32
08/08/2024 14:45,13.47
08/08/2024 15:00,-15.26
08/08/2024 15:15,16.78
08/08/2024 15:30,59.39
08/08/2024 15:45,76.68
08/08/2024 16:00,38.78
08/08/2024 16:15,73.81
08/08/2024 16:30,96.13
08/08/2024 16:45,111.65
08/08/2024 17:00,68.35
08/08/2024 17:15,104.18
08/08/2024 17:30,116.44
08/08/2024 17:45,131.13
08/08/2024 18:00,101.82
08/08/2024 18:15,104.36
08/08/2024 18:30,136.99
08/08/2024 18:45,314.88
08/08/2024 19:00,207
08/08/2024 19:15,217.13
08/08/2024 19:30,201.65
08/08/2024 19:45,173.06
08/08/2024 20:00,293.72
08/08/2024 20:15,218.4
08/08/2024 20:30,139.2
08/08/2024 20:45,144.61
08/08/2024 21:00,199.9
08/08/2024 21:15,170.54
08/08/2024 21:30,116.45
08/08/2024 21:45,91.63
08/08/2024 22:00,130.69
08/08/2024 22:15,99.05
08/08/2024 22:30,92.73
08/08/2024 22:45,84.47
08/08/2024 23:00,153.53
08/08/2024 23:15,113.77
08/08/2024 23:30,91.03
08/08/2024 23:45,78.98
09/08/2024 00:00,103.64
09/08/2024 00:15,91.53
09/08/2024 00:30,83.54
09/08/2024 00:45,72.88
09/08/2024 01:00,94.7
09/08/2024 01:15,79.45
09/08/2024 01:30,87.53
09/08/2024 01:45,78.15
09/08/2024 02:00,94.62
09/08/2024 02:15,86.92
09/08/2024 02:30,83.02
09/08/2024 02:45,74.24
09/08/2024 03:00,86.16
09/08/2024 03:15,86.11
09/08/2024 03:30,83.97
09/08/2024 03:45,83.34
09/08/2024 04:00,99.25
09/08/2024 04:15,82.6
09/08/2024 04:30,83.24
09/08/2024 04:45,97.56
09/08/2024 05:00,82.89
09/08/2024 05:15,92.85
09/08/2024 05:30,93.67
09/08/2024 05:45,84
09/08/2024 06:00,82.21
09/08/2024 06:15,72.85
09/08/2024 06:30,69.9
09/08/2024 06:45,63.21
09/08/2024 07:00,65.11
09/08/2024 07:15,40.26
09/08/2024 07:30,23.91
09/08/2024 07:45,7.39
09/08/2024 08:00,43.51
09/08/2024 08:15,23.25
09/08/2024 08:30,14.82
09/08/2024 08:45,3.8
09/08/2024 09:00,30.19
09/08/2024 09:15,-4.87
09/08/2024 09:30,-8.94
09/08/2024 09:45,-28.57
09/08/2024 10:00,-3.92
09/08/2024 10:15,-6.78
09/08/2024 10:30,-10.98
09/08/2024 10:45,-17.34
09/08/2024 11:00,-6.41
09/08/2024 11:15,-10.69
09/08/2024 11:30,-11.13
09/08/2024 11:45,-1.65
09/08/2024 12:00,-4.01
09/08/2024 12:15,-16.3
09/08/2024 12:30,-19.29
09/08/2024 12:45,-19.05
09/08/2024 13:00,-11.25
09/08/2024 13:15,-11.89
09/08/2024 13:30,-9.55
09/08/2024 13:45,-6.89
09/08/2024 14:00,-17.5
09/08/2024 14:15,-12.94
09/08/2024 14:30,-3.94
09/08/2024 14:45,6.46
09/08/2024 15:00,-17.6
09/08/2024 15:15,-8.37
09/08/2024 15:30,-4.39
09/08/2024 15:45,2.53
09/08/2024 16:00,-24.47
09/08/2024 16:15,-8.28
09/08/2024 16:30,13.21
09/08/2024 16:45,52.21
09/08/2024 17:00,19.23
09/08/2024 17:15,14.75
09/08/2024 17:30,67.7
09/08/2024 17:45,92.87
09/08/2024 18:00,61.4
09/08/2024 18:15,86.67
09/08/2024 18:30,98
09/08/2024 18:45,88.39
09/08/2024 19:00,89
09/08/2024 19:15,97.44
09/08/2024 19:30,108.71
09/08/2024 19:45,147.29
09/08/2024 20:00,99.96
09/08/2024 20:15,110.07
09/08/2024 20:30,93.13
09/08/2024 20:45,94.21
09/08/2024 21:00,128.02
09/08/2024 21:15,99.24
09/08/2024 21:30,85.57
09/08/2024 21:45,76.82
09/08/2024 22:00,89.32
09/08/2024 22:15,85.23
09/08/2024 22:30,95.61
09/08/2024 22:45,104.82
09/08/2024 23:00,127.66
09/08/2024 23:15,123.47
09/08/2024 23:30,109.31
09/08/2024 23:45,87.26
10/08/2024 00:00,114.53
10/08/2024 00:15,93.74
10/08/2024 00:30,86.52
10/08/2024 00:45,79.17
10/08/2024 01:00,106.2
10/08/2024 01:15,102.34
10/08/2024 01:30,107.34
10/08/2024 01:45,108.67
10/08/2024 02:00,109.19
10/08/2024 02:15,107.97
10/08/2024 02:30,107.27
10/08/2024 02:45,99.05
10/08/2024 03:00,101.81
10/08/2024 03:15,104.11
10/08/2024 03:30,95.03
10/08/2024 03:45,100.33
10/08/2024 04:00,90.84
10/08/2024 04:15,86.51
10/08/2024 04:30,81.83
10/08/2024 04:45,66.33
10/08/2024 05:00,80.66
10/08/2024 05:15,76.93
10/08/2024 05:30,81.54
10/08/2024 05:45,75.48
10/08/2024 06:00,85.05
10/08/2024 06:15,81.5
10/08/2024 06:30,78.7
10/08/2024 06:45,64.09
10/08/2024 07:00,92.77
10/08/2024 07:15,75.79
10/08/2024 07:30,51.46
10/08/2024 07:45,17.07
10/08/2024 08:00,103.18
10/08/2024 08:15,37
10/08/2024 08:30,6.61
10/08/2024 08:45,-29.53
10/08/2024 09:00,44.43
10/08/2024 09:15,6.63
10/08/2024 09:30,-5.39
10/08/2024 09:45,-28.68
10/08/2024 10:00,0.49
10/08/2024 10:15,-6.35
10/08/2024 10:30,-10.18
10/08/2024 10:45,-30.57
10/08/2024 11:00,-8.29
10/08/2024 11:15,-14.23
10/08/2024 11:30,-27.52
10/08/2024 11:45,-38.03
10/08/2024 12:00,-24
10/08/2024 12:15,-35.05
10/08/2024 12:30,-45.95
10/08/2024 12:45,-55.12
10/08/2024 13:00,-63.67
10/08/2024 13:15,-54.55
10/08/2024 13:30,-46.08
10/08/2024 13:45,-38.13
10/08/2024 14:00,-74.43
10/08/2024 14:15,-39.04
10/08/2024 14:30,-26.54
10/08/2024 14:45,-11.47
10/08/2024 15:00,-79.28
10/08/2024 15:15,-24.39
10/08/2024 15:30,-8.36
10/08/2024 15:45,-6.67
10/08/2024 16:00,-73.79
10/08/2024 16:15,-39.15
10/08/2024 16:30,-21.93
10/08/2024 16:45,6
10/08/2024 17:00,-38.38
10/08/2024 17:15,58.57
10/08/2024 17:30,75.58
10/08/2024 17:45,108.06
10/08/2024 18:00,70.84
10/08/2024 18:15,85.48
10/08/2024 18:30,92.78
10/08/2024 18:45,105.41
10/08/2024 19:00,77.18
10/08/2024 19:15,89.04
10/08/2024 19:30,102.01
10/08/2024 19:45,115.91
10/08/2024 20:00,166.17
10/08/2024 20:15,174.66
10/08/2024 20:30,123.63
10/08/2024 20:45,114.47
10/08/2024 21:00,184.37
10/08/2024 21:15,123.04
10/08/2024 21:30,107.41
10/08/2024 21:45,105.86
10/08/2024 22:00,120.99
10/08/2024 22:15,119.94
10/08/2024 22:30,97.11
10/08/2024 22:45,95.44
10/08/2024 23:00,108.73
10/08/2024 23:15,96.69
10/08/2024 23:30,91.04
10/08/2024 23:45,87.55
11/08/2024 00:00,105.02
11/08/2024 00:15,90.14
11/08/2024 00:30,89.07
11/08/2024 00:45,94.3
11/08/2024 01:00,91.98
11/08/2024 01:15,99.24
11/08/2024 01:30,106.33
11/08/2024 01:45,103.53
11/08/2024 02:00,95.5
11/08/2024 02:15,101.33
11/08/2024 02:30,104.04
11/08/2024 02:45,94.21
11/08/2024 03:00,76.42
11/08/2024 03:15,73.57
11/08/2024 03:30,75.65
11/08/2024 03:45,74.34
11/08/2024 04:00,78.59
11/08/2024 04:15,91
11/08/2024 04:30,98.54
11/08/2024 04:45,98.51
11/08/2024 05:00,87.45
11/08/2024 05:15,99.95
11/08/2024 05:30,110.84
11/08/2024 05:45,92.97
11/08/2024 06:00,100.22
11/08/2024 06:15,90.5
11/08/2024 06:30,84.67
11/08/2024 06:45,69.04
11/08/2024 07:00,92.75
11/08/2024 07:15,68.59
11/08/2024 07:30,33.38
11/08/2024 07:45,-5.88
11/08/2024 08:00,70.71
11/08/2024 08:15,32.21
11/08/2024 08:30,-5.4
11/08/2024 08:45,-60.22
11/08/2024 09:00,73.13
11/08/2024 09:15,3.69
11/08/2024 09:30,-5.82
11/08/2024 09:45,-60.96
11/08/2024 10:00,10.54
11/08/2024 10:15,-3.72
11/08/2024 10:30,-9.79
11/08/2024 10:45,-51.72
11/08/2024 11:00,2.46
11/08/2024 11:15,-1.01
11/08/2024 11:30,-4.09
11/08/2024 11:45,-51.07
11/08/2024 12:00,-5.56
11/08/2024 12:15,-62.5
11/08/2024 12:30,-108.23
11/08/2024 12:45,-115.28
11/08/2024 13:00,-89.08
11/08/2024 13:15,-45.95
11/08/2024 13:30,-3.77
11/08/2024 13:45,-2.46
11/08/2024 14:00,-99.17
11/08/2024 14:15,-6.69
11/08/2024 14:30,-6.07
11/08/2024 14:45,4.16
11/08/2024 15:00,-49.71
11/08/2024 15:15,-11.22
11/08/2024 15:30,18.56
11/08/2024 15:45,70.54
11/08/2024 16:00,-65.2
11/08/2024 16:15,8.71
11/08/2024 16:30,57.33
11/08/2024 16:45,73.62
11/08/2024 17:00,24.88
11/08/2024 17:15,60.1
11/08/2024 17:30,113.92
11/08/2024 17:45,135.49
11/08/2024 18:00,94.44
11/08/2024 18:15,122.28
11/08/2024 18:30,148.89
11/08/2024 18:45,188.11
11/08/2024 19:00,184.39
11/08/2024 19:15,166.64
11/08/2024 19:30,114.22
11/08/2024 19:45,127.03
11/08/2024 20:00,207.6
11/08/2024 20:15,143.83
11/08/2024 20:30,119.01
11/08/2024 20:45,107.15
11/08/2024 21:00,168.94
11/08/2024 21:15,114.18
11/08/2024 21:30,109.25
11/08/2024 21:45,104.43
11/08/2024 22:00,117.19
11/08/2024 22:15,105.04
11/08/2024 22:30,108.98
11/08/2024 22:45,93.67
11/08/2024 23:00,133.77
11/08/2024 23:15,121.05
11/08/2024 23:30,85.57
11/08/2024 23:45,86.07
12/08/2024 00:00,116.26
12/08/2024 00:15,91.25
12/08/2024 00:30,91.53
12/08/2024 00:45,90.27
12/08/2024 01:00,126.48
12/08/2024 01:15,95.29
12/08/2024 01:30,101.21
12/08/2024 01:45,85.72
12/08/2024 02:00,93.79
12/08/2024 02:15,80.42
12/08/2024 02:30,79.44
12/08/2024 02:45,85.92
12/08/2024 03:00,81.49
12/08/2024 03:15,78.65
12/08/2024 03:30,76.99
12/08/2024 03:45,97.32
12/08/2024 04:00,72.64
12/08/2024 04:15,79.59
12/08/2024 04:30,124.45
12/08/2024 04:45,117.5
12/08/2024 05:00,95.63
12/08/2024 05:15,102.53
12/08/2024 05:30,119.43
12/08/2024 05:45,135.71
12/08/2024 06:00,202.49
12/08/2024 06:15,118.71
12/08/2024 06:30,106.69
12/08/2024 06:45,93.19
12/08/2024 07:00,119.14
12/08/2024 07:15,104.65
12/08/2024 07:30,94.64
12/08/2024 07:45,85.2
12/08/2024 08:00,178.24
12/08/2024 08:15,104.72
12/08/2024 08:30,74
12/08/2024 08:45,62.91
12/08/2024 09:00,99.85
12/08/2024 09:15,58.38
12/08/2024 09:30,33.71
12/08/2024 09:45,-5.04
12/08/2024 10:00,105.05
12/08/2024 10:15,33.52
12/08/2024 10:30,14.41
12/08/2024 10:45,-5.04
12/08/2024 11:00,72.48
12/08/2024 11:15,2.26
12/08/2024 11:30,15.28
12/08/2024 11:45,3.59
12/08/2024 12:00,28.51
12/08/2024 12:15,-5.14
12/08/2024 12:30,-13.26
12/08/2024 12:45,-10.62
12/08/2024 13:00,-5.15
12/08/2024 13:15,3.88
12/08/2024 13:30,17.42
12/08/2024 13:45,79.61
12/08/2024 14:00,-14.95
12/08/2024 14:15,22.43
12/08/2024 14:30,-9.58
12/08/2024 14:45,71.64
12/08/2024 15:00,-1.79
12/08/2024 15:15,63.93
12/08/2024 15:30,71.4
12/08/2024 15:45,89.18
12/08/2024 16:00,75.71
12/08/2024 16:15,92.04
12/08/2024 16:30,101.56
12/08/2024 16:45,134.1
12/08/2024 17:00,86.43
12/08/2024 17:15,104.58
12/08/2024 17:30,121.27
12/08/2024 17:45,148.07
12/08/2024 18:00,144.78
12/08/2024 18:15,153.62
12/08/2024 18:30,211.24
12/08/2024 18:45,223.34
12/08/2024 19:00,591.72
12/08/2024 19:15,203.07
12/08/2024 19:30,169.37
12/08/2024 19:45,165.53
12/08/2024 20:00,359.63
12/08/2024 20:15,130.39
12/08/2024 20:30,115.88
12/08/2024 20:45,98.82
12/08/2024 21:00,124.8
12/08/2024 21:15,113.01
12/08/2024 21:30,110.51
12/08/2024 21:45,83.98
12/08/2024 22:00,92.31
12/08/2024 22:15,87.7
12/08/2024 22:30,84.25
12/08/2024 22:45,78.4
12/08/2024 23:00,89.25
12/08/2024 23:15,84.18
12/08/2024 23:30,83.31
12/08/2024 23:45,84
13/08/2024 00:00,83.09
13/08/2024 00:15,82.51
13/08/2024 00:30,84.84
13/08/2024 00:45,78.61
13/08/2024 01:00,80.1
13/08/2024 01:15,81.49
13/08/2024 01:30,90.01
13/08/2024 01:45,89.81
13/08/2024 02:00,81.97
13/08/2024 02:15,81.66
13/08/2024 02:30,83.04
13/08/2024 02:45,84.69
13/08/2024 03:00,75.61
13/08/2024 03:15,79.67
13/08/2024 03:30,90.84
13/08/2024 03:45,102.96
13/08/2024 04:00,80.92
13/08/2024 04:15,79.24
13/08/2024 04:30,104.85
13/08/2024 04:45,126.81
13/08/2024 05:00,94.68
13/08/2024 05:15,118.8
13/08/2024 05:30,123.23
13/08/2024 05:45,112.79
13/08/2024 06:00,122.68
13/08/2024 06:15,107.12
13/08/2024 06:30,116.96
13/08/2024 06:45,113.31
13/08/2024 07:00,136.01
13/08/2024 07:15,133.49
13/08/2024 07:30,144.7
13/08/2024 07:45,100.67
13/08/2024 08:00,135.74
13/08/2024 08:15,98.99
13/08/2024 08:30,88.66
13/08/2024 08:45,71.59
13/08/2024 09:00,117.25
13/08/2024 09:15,108
13/08/2024 09:30,79.56
13/08/2024 09:45,70.74
13/08/2024 10:00,113.39
13/08/2024 10:15,83.04
13/08/2024 10:30,64.28
13/08/2024 10:45,29.58
13/08/2024 11:00,71.26
13/08/2024 11:15,35.15
13/08/2024 11:30,19.35
13/08/2024 11:45,0.09
13/08/2024 12:00,37.09
13/08/2024 12:15,20.39
13/08/2024 12:30,-3.11
13/08/2024 12:45,-8.3
13/08/2024 13:00,-5.71
13/08/2024 13:15,10.85
13/08/2024 13:30,13.17
13/08/2024 13:45,61.26
13/08/2024 14:00,-21.47
13/08/2024 14:15,-6.08
13/08/2024 14:30,-1.98
13/08/2024 14:45,15.54
13/08/2024 15:00,-12.63
13/08/2024 15:15,38.24
13/08/2024 15:30,52
13/08/2024 15:45,91.54
13/08/2024 16:00,41.5
13/08/2024 16:15,66.91
13/08/2024 16:30,78.95
13/08/2024 16:45,111.79
13/08/2024 17:00,66.44
13/08/2024 17:15,108.89
13/08/2024 17:30,115.37
13/08/2024 17:45,106.33
13/08/2024 18:00,97.45
13/08/2024 18:15,99.7
13/08/2024 18:30,112.32
13/08/2024 18:45,114.2
13/08/2024 19:00,106.45
13/08/2024 19:15,102.29
13/08/2024 19:30,104.62
13/08/2024 19:45,95.08
13/08/2024 20:00,83.26
13/08/2024 20:15,75.97
13/08/2024 20:30,86.53
13/08/2024 20:45,73
13/08/2024 21:00,84.84
13/08/2024 21:15,79.98
13/08/2024 21:30,71.18
13/08/2024 21:45,75.51
13/08/2024 22:00,83.89
13/08/2024 22:15,78.44
13/08/2024 22:30,77.56
13/08/2024 22:45,68.85
13/08/2024 23:00,81.02
13/08/2024 23:15,78.03
13/08/2024 23:30,59.5
13/08/2024 23:45,72.69
14/08/2024 00:00,74.06
14/08/2024 00:15,81.84
14/08/2024 00:30,89.33
14/08/2024 00:45,99.98
14/08/2024 01:00,97.19
14/08/2024 01:15,102.25
14/08/2024 01:30,100.58
14/08/2024 01:45,105.57
14/08/2024 02:00,85.95
14/08/2024 02:15,84.86
14/08/2024 02:30,85.18
14/08/2024 02:45,80.14
14/08/2024 03:00,81.97
14/08/2024 03:15,92.43
14/08/2024 03:30,83.82
14/08/2024 03:45,94.14
14/08/2024 04:00,82.63
14/08/2024 04:15,90.07
14/08/2024 04:30,101.96
14/08/2024 04:45,104.94
14/08/2024 05:00,83.26
14/08/2024 05:15,106.73
14/08/2024 05:30,119.88
14/08/2024 05:45,114.87
14/08/2024 06:00,107.85
14/08/2024 06:15,104.79
14/08/2024 06:30,110.48
14/08/2024 06:45,102.47
14/08/2024 07:00,116.85
14/08/2024 07:15,110.77
14/08/2024 07:30,107.47
14/08/2024 07:45,86.38
14/08/2024 08:00,109.69
14/08/2024 08:15,95.43
14/08/2024 08:30,79.2
14/08/2024 08:45,72.32
14/08/2024 09:00,106.66
14/08/2024 09:15,88.93
14/08/2024 09:30,81.18
14/08/2024 09:45,72.31
14/08/2024 10:00,82.67
14/08/2024 10:15,77.5
14/08/2024 10:30,83.23
14/08/2024 10:45,82.16
14/08/2024 11:00,81.78
14/08/2024 11:15,90.49
14/08/2024 11:30,80.58
14/08/2024 11:45,65.44
14/08/2024 12:00,80.8
14/08/2024 12:15,82.33
14/08/2024 12:30,75.06
14/08/2024 12:45,55.39
14/08/2024 13:00,54.25
14/08/2024 13:15,82.97
14/08/2024 13:30,72.06
14/08/2024 13:45,68.45
14/08/2024 14:00,46.57
14/08/2024 14:15,79.32
14/08/2024 14:30,97.78
14/08/2024 14:45,113.42
14/08/2024 15:00,90.38
14/08/2024 15:15,92.38
14/08/2024 15:30,121.47
14/08/2024 15:45,119.01
14/08/2024 16:00,94.28
14/08/2024 16:15,95.59
14/08/2024 16:30,102.48
14/08/2024 16:45,120.38
14/08/2024 17:00,105.23
14/08/2024 17:15,116.75
14/08/2024 17:30,127.51
14/08/2024 17:45,173.29
14/08/2024 18:00,136.17
14/08/2024 18:15,172.57
14/08/2024 18:30,286.51
14/08/2024 18:45,466.82
14/08/2024 19:00,697.06
14/08/2024 19:15,439.31
14/08/2024 19:30,438.94
14/08/2024 19:45,384.91
14/08/2024 20:00,435.82
14/08/2024 20:15,299.06
14/08/2024 20:30,250.06
14/08/2024 20:45,189.85
14/08/2024 21:00,292.18
14/08/2024 21:15,184.01
14/08/2024 21:30,153.96
14/08/2024 21:45,125.43
14/08/2024 22:00,173.32
14/08/2024 22:15,143.36
14/08/2024 22:30,119.57
14/08/2024 22:45,111.12
14/08/2024 23:00,111.99
14/08/2024 23:15,113.47
14/08/2024 23:30,100.12
14/08/2024 23:45,108.49
15/08/2024 00:00,121.37
15/08/2024 00:15,119.64
15/08/2024 00:30,106.13
15/08/2024 00:45,100.61
15/08/2024 01:00,124.8
15/08/2024 01:15,110.62
15/08/2024 01:30,105.28
15/08/2024 01:45,103.81
15/08/2024 02:00,95.55
15/08/2024 02:15,94.92
15/08/2024 02:30,94
15/08/2024 02:45,94.65
15/08/2024 03:00,103.13
15/08/2024 03:15,103.48
15/08/2024 03:30,116.42
15/08/2024 03:45,113.59
15/08/2024 04:00,83.93
15/08/2024 04:15,94.39
15/08/2024 04:30,105.63
15/08/2024 04:45,125.7
15/08/2024 05:00,92.94
15/08/2024 05:15,118.76
15/08/2024 05:30,133.66
15/08/2024 05:45,144.22
15/08/2024 06:00,144.27
15/08/2024 06:15,132.87
15/08/2024 06:30,115.92
15/08/2024 06:45,98.86
15/08/2024 07:00,146.31
15/08/2024 07:15,122.62
15/08/2024 07:30,106.01
15/08/2024 07:45,88.8
15/08/2024 08:00,111.74
15/08/2024 08:15,113.57
15/08/2024 08:30,95.77
15/08/2024 08:45,79.43
15/08/2024 09:00,114.49
15/08/2024 09:15,106.9
15/08/2024 09:30,69.76
15/08/2024 09:45,7.3
15/08/2024 10:00,77.86
15/08/2024 10:15,58.75
15/08/2024 10:30,-7.36
15/08/2024 10:45,-46.71
15/08/2024 11:00,-4.16
15/08/2024 11:15,-13.83
15/08/2024 11:30,-10.92
15/08/2024 11:45,-36.11
15/08/2024 12:00,-1.72
15/08/2024 12:15,-20.77
15/08/2024 12:30,-29.57
15/08/2024 12:45,-37.37
15/08/2024 13:00,-24.97
15/08/2024 13:15,-32.53
15/08/2024 13:30,-24.38
15/08/2024 13:45,-19.39
15/08/2024 14:00,-29.61
15/08/2024 14:15,-24.07
15/08/2024 14:30,-19.25
15/08/2024 14:45,-0.94
15/08/2024 15:00,-40.45
15/08/2024 15:15,-14.4
15/08/2024 15:30,49.7
15/08/2024 15:45,68.33
15/08/2024 16:00,2.89
15/08/2024 16:15,83.04
15/08/2024 16:30,83.95
15/08/2024 16:45,77.58
15/08/2024 17:00,65.48
15/08/2024 17:15,83.55
15/08/2024 17:30,98.64
15/08/2024 17:45,125.5
15/08/2024 18:00,84.15
15/08/2024 18:15,111.26
15/08/2024 18:30,118.12
15/08/2024 18:45,130.41
15/08/2024 19:00,122.13
15/08/2024 19:15,124.45
15/08/2024 19:30,123.63
15/08/2024 19:45,114.6
15/08/2024 20:00,128.02
15/08/2024 20:15,109.54
15/08/2024 20:30,104.38
15/08/2024 20:45,100.71
15/08/2024 21:00,131.6
15/08/2024 21:15,121.51
15/08/2024 21:30,99.39
15/08/2024 21:45,72.85
15/08/2024 22:00,95.06
15/08/2024 22:15,76.32
15/08/2024 22:30,76.83
15/08/2024 22:45,70.73
15/08/2024 23:00,106.1
15/08/2024 23:15,93.08
15/08/2024 23:30,77.25
15/08/2024 23:45,86.11
16/08/2024 00:00,83.58
16/08/2024 00:15,75.18
16/08/2024 00:30,75.81
16/08/2024 00:45,81.01
16/08/2024 01:00,88.58
16/08/2024 01:15,87.64
16/08/2024 01:30,93.22
16/08/2024 01:45,88.71
16/08/2024 02:00,92.89
16/08/2024 02:15,84.51
16/08/2024 02:30,85.65
16/08/2024 02:45,89.63
16/08/2024 03:00,89
16/08/2024 03:15,80.05
16/08/2024 03:30,99.3
16/08/2024 03:45,99.72
16/08/2024 04:00,78.96
16/08/2024 04:15,79.31
16/08/2024 04:30,104.96
16/08/2024 04:45,128.27
16/08/2024 05:00,115.91
16/08/2024 05:15,116.17
16/08/2024 05:30,116.92
16/08/2024 05:45,126.19
16/08/2024 06:00,147.78
16/08/2024 06:15,126.27
16/08/2024 06:30,116.4
16/08/2024 06:45,105.73
16/08/2024 07:00,123.01
16/08/2024 07:15,105.44
16/08/2024 07:30,93.97
16/08/2024 07:45,87.51
16/08/2024 08:00,98.64
16/08/2024 08:15,84.29
16/08/2024 08:30,72.32
16/08/2024 08:45,66.64
16/08/2024 09:00,84.76
16/08/2024 09:15,62.39
16/08/2024 09:30,57.41
16/08/2024 09:45,48.37
16/08/2024 10:00,74.47
16/08/2024 10:15,45.81
16/08/2024 10:30,27.18
16/08/2024 10:45,-1.87
16/08/2024 11:00,66.11
16/08/2024 11:15,49.89
16/08/2024 11:30,71.6
16/08/2024 11:45,73.51
16/08/2024 12:00,73.32
16/08/2024 12:15,73.45
16/08/2024 12:30,66.63
16/08/2024 12:45,59.47
16/08/2024 13:00,32.45
16/08/2024 13:15,67.98
16/08/2024 13:30,54.99
16/08/2024 13:45,75.88
16/08/2024 14:00,43.7
16/08/2024 14:15,69.01
16/08/2024 14:30,33.9
16/08/2024 14:45,61.99
16/08/2024 15:00,26.91
16/08/2024 15:15,62.13
16/08/2024 15:30,77.75
16/08/2024 15:45,83.83
16/08/2024 16:00,76.13
16/08/2024 16:15,84.76
16/08/2024 16:30,93.52
16/08/2024 16:45,110.74
16/08/2024 17:00,62.17
16/08/2024 17:15,113.44
16/08/2024 17:30,127
16/08/2024 17:45,157.01
16/08/2024 18:00,105.87
16/08/2024 18:15,114.47
16/08/2024 18:30,154.62
16/08/2024 18:45,293.63
16/08/2024 19:00,251.82
16/08/2024 19:15,207.41
16/08/2024 19:30,193.74
16/08/2024 19:45,161.04
16/08/2024 20:00,320.81
16/08/2024 20:15,118.38
16/08/2024 20:30,116.97
16/08/2024 20:45,123.1
16/08/2024 21:00,135.85
16/08/2024 21:15,121.04
16/08/2024 21:30,117.74
16/08/2024 21:45,116.91
16/08/2024 22:00,131.09
16/08/2024 22:15,117.16
16/08/2024 22:30,99.21
16/08/2024 22:45,90
16/08/2024 23:00,119.47
16/08/2024 23:15,113.19
16/08/2024 23:30,94.66
16/08/2024 23:45,86.7
17/08/2024 00:00,113.29
17/08/2024 00:15,102.27
17/08/2024 00:30,94.37
17/08/2024 00:45,87.32
17/08/2024 01:00,116.34
17/08/2024 01:15,109.96
17/08/2024 01:30,95.46
17/08/2024 01:45,89.17
17/08/2024 02:00,109.38
17/08/2024 02:15,98.18
17/08/2024 02:30,82.25
17/08/2024 02:45,81.26
17/08/2024 03:00,113.11
17/08/2024 03:15,107.41
17/08/2024 03:30,109.41
17/08/2024 03:45,106.16
17/08/2024 04:00,108.43
17/08/2024 04:15,102.94
17/08/2024 04:30,121.85
17/08/2024 04:45,132.16
17/08/2024 05:00,110.62
17/08/2024 05:15,107.81
17/08/2024 05:30,118.84
17/08/2024 05:45,105.78
17/08/2024 06:00,92.04
17/08/2024 06:15,91.65
17/08/2024 06:30,91.7
17/08/2024 06:45,90.21
17/08/2024 07:00,117.34
17/08/2024 07:15,104.54
17/08/2024 07:30,91.48
17/08/2024 07:45,90.73
17/08/2024 08:00,122.69
17/08/2024 08:15,100.68
17/08/2024 08:30,78.1
17/08/2024 08:45,74.97
17/08/2024 09:00,94.34
17/08/2024 09:15,77.8
17/08/2024 09:30,56.41
17/08/2024 09:45,30.11
17/08/2024 10:00,75.21
17/08/2024 10:15,24.11
17/08/2024 10:30,-11.56
17/08/2024 10:45,-50.35
17/08/2024 11:00,64.16
17/08/2024 11:15,1.51
17/08/2024 11:30,36.1
17/08/2024 11:45,-5.76
17/08/2024 12:00,52.02
17/08/2024 12:15,23.37
17/08/2024 12:30,9.42
17/08/2024 12:45,-9.8
17/08/2024 13:00,-5.85
17/08/2024 13:15,-9.78
17/08/2024 13:30,3.79
17/08/2024 13:45,39.47
17/08/2024 14:00,-24.55
17/08/2024 14:15,34.62
17/08/2024 14:30,65.17
17/08/2024 14:45,74.61
17/08/2024 15:00,-42.04
17/08/2024 15:15,52.84
17/08/2024 15:30,68.43
17/08/2024 15:45,71.91
17/08/2024 16:00,70.31
17/08/2024 16:15,83.39
17/08/2024 16:30,87.86
17/08/2024 16:45,96.07
17/08/2024 17:00,72.89
17/08/2024 17:15,92.44
17/08/2024 17:30,99.81
17/08/2024 17:45,115.11
17/08/2024 18:00,88.95
17/08/2024 18:15,103.34
17/08/2024 18:30,115.54
17/08/2024 18:45,141.86
17/08/2024 19:00,115.14
17/08/2024 19:15,113.63
17/08/2024 19:30,112.48
17/08/2024 19:45,111.43
17/08/2024 20:00,114.79
17/08/2024 20:15,107.46
17/08/2024 20:30,99.43
17/08/2024 20:45,97.93
17/08/2024 21:00,121.56
17/08/2024 21:15,109.3
17/08/2024 21:30,103.01
17/08/2024 21:45,98.02
17/08/2024 22:00,112.4
17/08/2024 22:15,105.85
17/08/2024 22:30,90.48
17/08/2024 22:45,85.7
17/08/2024 23:00,105.5
17/08/2024 23:15,107.12
17/08/2024 23:30,83.25
17/08/2024 23:45,80.61
18/08/2024 00:00,105.84
18/08/2024 00:15,90.29
18/08/2024 00:30,100.47
18/08/2024 00:45,89.1
18/08/2024 01:00,110.65
18/08/2024 01:15,86.28
18/08/2024 01:30,85.79
18/08/2024 01:45,82.57
18/08/2024 02:00,104.09
18/08/2024 02:15,101.04
18/08/2024 02:30,99.41
18/08/2024 02:45,97.07
18/08/2024 03:00,86.95
18/08/2024 03:15,95.58
18/08/2024 03:30,105.48
18/08/2024 03:45,110.89
18/08/2024 04:00,96.91
18/08/2024 04:15,105.85
18/08/2024 04:30,114.45
18/08/2024 04:45,115.04
18/08/2024 05:00,90.13
18/08/2024 05:15,114.05
18/08/2024 05:30,117.78
18/08/2024 05:45,122.84
18/08/2024 06:00,98.81
18/08/2024 06:15,105.17
18/08/2024 06:30,101.04
18/08/2024 06:45,103.21
18/08/2024 07:00,113.98
18/08/2024 07:15,91.4
18/08/2024 07:30,98.65
18/08/2024 07:45,96.67
18/08/2024 08:00,90.22
18/08/2024 08:15,90.28
18/08/2024 08:30,80.76
18/08/2024 08:45,79.17
18/08/2024 09:00,90.41
18/08/2024 09:15,79.37
18/08/2024 09:30,67.26
18/08/2024 09:45,60.35
18/08/2024 10:00,74.43
18/08/2024 10:15,75.36
18/08/2024 10:30,59.39
18/08/2024 10:45,43.73
18/08/2024 11:00,71.04
18/08/2024 11:15,38.32
18/08/2024 11:30,-7.5
18/08/2024 11:45,-41.5
18/08/2024 12:00,52.12
18/08/2024 12:15,5.35
18/08/2024 12:30,-23.14
18/08/2024 12:45,-30.02
18/08/2024 13:00,4.08
18/08/2024 13:15,1.43
18/08/2024 13:30,10.19
18/08/2024 13:45,41.38
18/08/2024 14:00,3.55
18/08/2024 14:15,59.32
18/08/2024 14:30,84.64
18/08/2024 14:45,83.32
18/08/2024 15:00,15.06
18/08/2024 15:15,65.1
18/08/2024 15:30,78.97
18/08/2024 15:45,87.97
18/08/2024 16:00,68.04
18/08/2024 16:15,77.86
18/08/2024 16:30,85.18
18/08/2024 16:45,79.85
18/08/2024 17:00,90.89
18/08/2024 17:15,107.78
18/08/2024 17:30,127.39
18/08/2024 17:45,127.19
18/08/2024 18:00,112.63
18/08/2024 18:15,118.69
18/08/2024 18:30,116.04
18/08/2024 18:45,113.04
18/08/2024 19:00,110.44
18/08/2024 19:15,126.99
18/08/2024 19:30,131.92
18/08/2024 19:45,125.34
18/08/2024 20:00,130.41
18/08/2024 20:15,124.5
18/08/2024 20:30,117.11
18/08/2024 20:45,110.43
18/08/2024 21:00,127.3
18/08/2024 21:15,112.43
18/08/2024 21:30,93.9
18/08/2024 21:45,88.31
18/08/2024 22:00,110.34
18/08/2024 22:15,88.28
18/08/2024 22:30,81.21
18/08/2024 22:45,67.49
18/08/2024 23:00,114.67
18/08/2024 23:15,109.51
18/08/2024 23:30,83.2
18/08/2024 23:45,77.01
19/08/2024 00:00,91.79
19/08/2024 00:15,81.29
19/08/2024 00:30,80.77
19/08/2024 00:45,80.9
19/08/2024 01:00,88.84
19/08/2024 01:15,86.35
19/08/2024 01:30,72.76
19/08/2024 01:45,74.77
19/08/2024 02:00,76.12
19/08/2024 02:15,81.27
19/08/2024 02:30,89.18
19/08/2024 02:45,91.92
19/08/2024 03:00,79.08
19/08/2024 03:15,78.39
19/08/2024 03:30,83
19/08/2024 03:45,89.75
19/08/2024 04:00,71.88
19/08/2024 04:15,75.17
19/08/2024 04:30,88.74
19/08/2024 04:45,126.4
19/08/2024 05:00,93.56
19/08/2024 05:15,110.92
19/08/2024 05:30,150.23
19/08/2024 05:45,300.5
19/08/2024 06:00,189.57
19/08/2024 06:15,188.43
19/08/2024 06:30,134.21
19/08/2024 06:45,120.6
19/08/2024 07:00,188.21
19/08/2024 07:15,120.84
19/08/2024 07:30,99.86
19/08/2024 07:45,101.35
19/08/2024 08:00,158.43
19/08/2024 08:15,108.59
19/08/2024 08:30,101.68
19/08/2024 08:45,77.58
19/08/2024 09:00,109.26
19/08/2024 09:15,85.63
19/08/2024 09:30,73.67
19/08/2024 09:45,70.27
19/08/2024 10:00,87.82
19/08/2024 10:15,78.33
19/08/2024 10:30,79.61
19/08/2024 10:45,78.21
19/08/2024 11:00,82.75
19/08/2024 11:15,79.42
19/08/2024 11:30,84.94
19/08/2024 11:45,89.35
19/08/2024 12:00,90.55
19/08/2024 12:15,90.27
19/08/2024 12:30,86.04
19/08/2024 12:45,82.22
19/08/2024 13:00,65.34
19/08/2024 13:15,76.86
19/08/2024 13:30,81.8
19/08/2024 13:45,79.36
19/08/2024 14:00,45.27
19/08/2024 14:15,70.29
19/08/2024 14:30,68.32
19/08/2024 14:45,71.25
19/08/2024 15:00,67.21
19/08/2024 15:15,84.31
19/08/2024 15:30,84.9
19/08/2024 15:45,90.04
19/08/2024 16:00,82.96
19/08/2024 16:15,85.4
19/08/2024 16:30,113.42
19/08/2024 16:45,115.94
19/08/2024 17:00,81.63
19/08/2024 17:15,86.3
19/08/2024 17:30,106.26
19/08/2024 17:45,137.38
19/08/2024 18:00,97.1
19/08/2024 18:15,104.16
19/08/2024 18:30,117.21
19/08/2024 18:45,178.02
19/08/2024 19:00,178.83
19/08/2024 19:15,123.32
19/08/2024 19:30,114.63
19/08/2024 19:45,93.61
19/08/2024 20:00,141.07
19/08/2024 20:15,109.26
19/08/2024 20:30,101.38
19/08/2024 20:45,89.76
19/08/2024 21:00,106.06
19/08/2024 21:15,94.04
19/08/2024 21:30,101.98
19/08/2024 21:45,101.83
19/08/2024 22:00,113.44
19/08/2024 22:15,109.51
19/08/2024 22:30,103.61
19/08/2024 22:45,86.72
19/08/2024 23:00,113.38
19/08/2024 23:15,110.91
19/08/2024 23:30,105.2
19/08/2024 23:45,81.52
20/08/2024 00:00,106.96
20/08/2024 00:15,82.31
20/08/2024 00:30,74.26
20/08/2024 00:45,67.64
20/08/2024 01:00,88.53
20/08/2024 01:15,72.29
20/08/2024 01:30,76.24
20/08/2024 01:45,75.14
20/08/2024 02:00,87.36
20/08/2024 02:15,74.8
20/08/2024 02:30,76.72
20/08/2024 02:45,74.14
20/08/2024 03:00,77.76
20/08/2024 03:15,73.54
20/08/2024 03:30,80.96
20/08/2024 03:45,79.67
20/08/2024 04:00,69.89
20/08/2024 04:15,67.35
20/08/2024 04:30,89.76
20/08/2024 04:45,88.84
20/08/2024 05:00,87.74
20/08/2024 05:15,97.99
20/08/2024 05:30,114.29
20/08/2024 05:45,109.39
20/08/2024 06:00,131.59
20/08/2024 06:15,112.52
20/08/2024 06:30,101.16
20/08/2024 06:45,84.18
20/08/2024 07:00,115.78
20/08/2024 07:15,99.25
20/08/2024 07:30,96.8
20/08/2024 07:45,86.34
20/08/2024 08:00,106.92
20/08/2024 08:15,95.33
20/08/2024 08:30,96.92
20/08/2024 08:45,90.99
20/08/2024 09:00,108.23
20/08/2024 09:15,87.96
20/08/2024 09:30,66.73
20/08/2024 09:45,59.11
20/08/2024 10:00,95.33
20/08/2024 10:15,86.39
20/08/2024 10:30,82.91
20/08/2024 10:45,68.23
20/08/2024 11:00,73.15
20/08/2024 11:15,52.59
20/08/2024 11:30,42.56
20/08/2024 11:45,23.75
20/08/2024 12:00,57.97
20/08/2024 12:15,29.09
20/08/2024 12:30,-1.03
20/08/2024 12:45,-15.78
20/08/2024 13:00,-9.29
20/08/2024 13:15,2.95
20/08/2024 13:30,50.54
20/08/2024 13:45,68.5
20/08/2024 14:00,3.22
20/08/2024 14:15,72.74
20/08/2024 14:30,84.42
20/08/2024 14:45,89.65
20/08/2024 15:00,72.95
20/08/2024 15:15,79.58
20/08/2024 15:30,76.03
20/08/2024 15:45,83.66
20/08/2024 16:00,64.54
20/08/2024 16:15,81.97
20/08/2024 16:30,94.8
20/08/2024 16:45,112.46
20/08/2024 17:00,79.31
20/08/2024 17:15,91.41
20/08/2024 17:30,109.94
20/08/2024 17:45,121.19
20/08/2024 18:00,99.04
20/08/2024 18:15,113.77
20/08/2024 18:30,129.62
20/08/2024 18:45,207.88
20/08/2024 19:00,179.37
20/08/2024 19:15,136.58
20/08/2024 19:30,125.73
20/08/2024 19:45,122.31
20/08/2024 20:00,184.67
20/08/2024 20:15,138.47
20/08/2024 20:30,138.21
20/08/2024 20:45,106.62
20/08/2024 21:00,125.05
20/08/2024 21:15,109.61
20/08/2024 21:30,107.72
20/08/2024 21:45,100.09
20/08/2024 22:00,116.95
20/08/2024 22:15,98.26
20/08/2024 22:30,89.24
20/08/2024 22:45,83.34
20/08/2024 23:00,99.34
20/08/2024 23:15,97.05
20/08/2024 23:30,92.44
20/08/2024 23:45,71.96
21/08/2024 00:00,100.52
21/08/2024 00:15,82.91
21/08/2024 00:30,69.58
21/08/2024 00:45,70.1
21/08/2024 01:00,96.08
21/08/2024 01:15,75.52
21/08/2024 01:30,57.5
21/08/2024 01:45,61.13
21/08/2024 02:00,70.94
21/08/2024 02:15,79.82
21/08/2024 02:30,78.39
21/08/2024 02:45,75.44
21/08/2024 03:00,83.92
21/08/2024 03:15,82.69
21/08/2024 03:30,78.51
21/08/2024 03:45,72.48
21/08/2024 04:00,61.05
21/08/2024 04:15,75.96
21/08/2024 04:30,85.02
21/08/2024 04:45,100.07
21/08/2024 05:00,78.71
21/08/2024 05:15,99.7
21/08/2024 05:30,102.28
21/08/2024 05:45,83.44
21/08/2024 06:00,93.58
21/08/2024 06:15,87.52
21/08/2024 06:30,82.78
21/08/2024 06:45,90.64
21/08/2024 07:00,164.87
21/08/2024 07:15,116.43
21/08/2024 07:30,61.15
21/08/2024 07:45,-2.9
21/08/2024 08:00,100.58
21/08/2024 08:15,82.58
21/08/2024 08:30,17.06
21/08/2024 08:45,7.95
21/08/2024 09:00,83.6
21/08/2024 09:15,20.15
21/08/2024 09:30,13.15
21/08/2024 09:45,-9.84
21/08/2024 10:00,33.25
21/08/2024 10:15,0.65
21/08/2024 10:30,-0.65
21/08/2024 10:45,-1.17
21/08/2024 11:00,8.94
21/08/2024 11:15,1.03
21/08/2024 11:30,-1.37
21/08/2024 11:45,-8.16
21/08/2024 12:00,6.33
21/08/2024 12:15,1.58
21/08/2024 12:30,-1.19
21/08/2024 12:45,-5.2
21/08/2024 13:00,-4.59
21/08/2024 13:15,-7.37
21/08/2024 13:30,-9.15
21/08/2024 13:45,-3.89
21/08/2024 14:00,-12.88
21/08/2024 14:15,-5.2
21/08/2024 14:30,-5.08
21/08/2024 14:45,-0.81
21/08/2024 15:00,-21.98
21/08/2024 15:15,-5.62
21/08/2024 15:30,-0.91
21/08/2024 15:45,14.27
21/08/2024 16:00,-32.7
21/08/2024 16:15,-15
21/08/2024 16:30,-0.08
21/08/2024 16:45,48.2
21/08/2024 17:00,-0.58
21/08/2024 17:15,90.66
21/08/2024 17:30,91.65
21/08/2024 17:45,94.92
21/08/2024 18:00,69.88
21/08/2024 18:15,85.06
21/08/2024 18:30,164.52
21/08/2024 18:45,560.85
21/08/2024 19:00,460.45
21/08/2024 19:15,710.68
21/08/2024 19:30,1419.66
21/08/2024 19:45,1629.77
21/08/2024 20:00,954.68
21/08/2024 20:15,205.35
21/08/2024 20:30,143.38
21/08/2024 20:45,139.17
21/08/2024 21:00,116.46
21/08/2024 21:15,111.45
21/08/2024 21:30,108.13
21/08/2024 21:45,74.81
21/08/2024 22:00,103.82
21/08/2024 22:15,95.76
21/08/2024 22:30,82.45
21/08/2024 22:45,55.66
21/08/2024 23:00,88.72
21/08/2024 23:15,93.13
21/08/2024 23:30,83.34
21/08/2024 23:45,82.06
22/08/2024 00:00,101.55
22/08/2024 00:15,87.25
22/08/2024 00:30,85.4
22/08/2024 00:45,75.08
22/08/2024 01:00,84.04
22/08/2024 01:15,77.87
22/08/2024 01:30,87.38
22/08/2024 01:45,85.12
22/08/2024 02:00,91.55
22/08/2024 02:15,83.01
22/08/2024 02:30,83.06
22/08/2024 02:45,78.16
22/08/2024 03:00,74.24
22/08/2024 03:15,77.88
22/08/2024 03:30,86.29
22/08/2024 03:45,97.38
22/08/2024 04:00,79.98
22/08/2024 04:15,83.62
22/08/2024 04:30,91.96
22/08/2024 04:45,112.74
22/08/2024 05:00,120.48
22/08/2024 05:15,128.85
22/08/2024 05:30,154.82
22/08/2024 05:45,312.18
22/08/2024 06:00,298.46
22/08/2024 06:15,206.77
22/08/2024 06:30,162.66
22/08/2024 06:45,107.1
22/08/2024 07:00,144.28
22/08/2024 07:15,106.99
22/08/2024 07:30,87.03
22/08/2024 07:45,75.93
22/08/2024 08:00,109.7
22/08/2024 08:15,93.66
22/08/2024 08:30,84.74
22/08/2024 08:45,42.62
22/08/2024 09:00,71.67
22/08/2024 09:15,63.92
22/08/2024 09:30,28.86
22/08/2024 09:45,-5.57
22/08/2024 10:00,24.5
22/08/2024 10:15,-9.59
22/08/2024 10:30,-31.56
22/08/2024 10:45,-45.1
22/08/2024 11:00,-3.04
22/08/2024 11:15,-30.68
22/08/2024 11:30,-40.88
22/08/2024 11:45,-40.6
22/08/2024 12:00,-27.76
22/08/2024 12:15,-35.76
22/08/2024 12:30,-38.4
22/08/2024 12:45,-41.33
22/08/2024 13:00,-33.98
22/08/2024 13:15,-31.42
22/08/2024 13:30,-21.25
22/08/2024 13:45,-5.12
22/08/2024 14:00,-33.44
22/08/2024 14:15,-29.25
22/08/2024 14:30,-6.75
22/08/2024 14:45,1.58
22/08/2024 15:00,-37.18
22/08/2024 15:15,-27.89
22/08/2024 15:30,-13.15
22/08/2024 15:45,11.02
22/08/2024 16:00,-32.09
22/08/2024 16:15,13.33
22/08/2024 16:30,74.95
22/08/2024 16:45,90.27
22/08/2024 17:00,62.23
22/08/2024 17:15,91.02
22/08/2024 17:30,117.37
22/08/2024 17:45,171.39
22/08/2024 18:00,86.32
22/08/2024 18:15,105.27
22/08/2024 18:30,141.6
22/08/2024 18:45,243.57
22/08/2024 19:00,116.13
22/08/2024 19:15,89.56
22/08/2024 19:30,89.16
22/08/2024 19:45,80.6
22/08/2024 20:00,132.72
22/08/2024 20:15,78.93
22/08/2024 20:30,85.17
22/08/2024 20:45,68.59
22/08/2024 21:00,105.09
22/08/2024 21:15,80.74
22/08/2024 21:30,73.44
22/08/2024 21:45,87.78
22/08/2024 22:00,104.17
22/08/2024 22:15,89.14
22/08/2024 22:30,84.45
22/08/2024 22:45,64.93
22/08/2024 23:00,60.77
22/08/2024 23:15,43.74
22/08/2024 23:30,28.48
22/08/2024 23:45,24.3
23/08/2024 00:00,69.81
23/08/2024 00:15,51.23
23/08/2024 00:30,42.88
23/08/2024 00:45,26.57
23/08/2024 01:00,41.23
23/08/2024 01:15,39.08
23/08/2024 01:30,38.04
23/08/2024 01:45,39.96
23/08/2024 02:00,59.44
23/08/2024 02:15,55.6
23/08/2024 02:30,50.24
23/08/2024 02:45,54.46
23/08/2024 03:00,49.16
23/08/2024 03:15,52.46
23/08/2024 03:30,54.44
23/08/2024 03:45,52.31
23/08/2024 04:00,43.56
23/08/2024 04:15,44.02
23/08/2024 04:30,45.3
23/08/2024 04:45,57
23/08/2024 05:00,37.03
23/08/2024 05:15,44.6
23/08/2024 05:30,56.75
23/08/2024 05:45,54.38
23/08/2024 06:00,48.21
23/08/2024 06:15,34.74
23/08/2024 06:30,12.13
23/08/2024 06:45,1
23/08/2024 07:00,22.94
23/08/2024 07:15,2.58
23/08/2024 07:30,0.83
23/08/2024 07:45,-5.03
23/08/2024 08:00,22.94
23/08/2024 08:15,1.53
23/08/2024 08:30,-3.87
23/08/2024 08:45,-25.71
23/08/2024 09:00,23.04
23/08/2024 09:15,1.94
23/08/2024 09:30,-2.22
23/08/2024 09:45,-12.15
23/08/2024 10:00,8.77
23/08/2024 10:15,-1.26
23/08/2024 10:30,-6.24
23/08/2024 10:45,-27.41
23/08/2024 11:00,-1.53
23/08/2024 11:15,-8.16
23/08/2024 11:30,-14.29
23/08/2024 11:45,-29.37
23/08/2024 12:00,-9.68
23/08/2024 12:15,-18.82
23/08/2024 12:30,-12.11
23/08/2024 12:45,-10.4
23/08/2024 13:00,-16.08
23/08/2024 13:15,-6.4
23/08/2024 13:30,-0.07
23/08/2024 13:45,-1.15
23/08/2024 14:00,-10.58
23/08/2024 14:15,-2.67
23/08/2024 14:30,-0.23
23/08/2024 14:45,3.71
23/08/2024 15:00,-28.33
23/08/2024 15:15,-7.11
23/08/2024 15:30,-0.32
23/08/2024 15:45,29.4
23/08/2024 16:00,-13.81
23/08/2024 16:15,0.88
23/08/2024 16:30,15.02
23/08/2024 16:45,62.23
23/08/2024 17:00,-10.03
23/08/2024 17:15,79.83
23/08/2024 17:30,90.35
23/08/2024 17:45,124.88
23/08/2024 18:00,74.75
23/08/2024 18:15,97
23/08/2024 18:30,99
23/08/2024 18:45,312.43
23/08/2024 19:00,109.63
23/08/2024 19:15,84.32
23/08/2024 19:30,86.32
23/08/2024 19:45,92.27
23/08/2024 20:00,106.25
23/08/2024 20:15,101.4
23/08/2024 20:30,97.85
23/08/2024 20:45,96.86
23/08/2024 21:00,91.2
23/08/2024 21:15,85.35
23/08/2024 21:30,95.46
23/08/2024 21:45,99.75
23/08/2024 22:00,128.44
23/08/2024 22:15,129.79
23/08/2024 22:30,121.27
23/08/2024 22:45,100.02
23/08/2024 23:00,106.1
23/08/2024 23:15,107.75
23/08/2024 23:30,101.88
23/08/2024 23:45,105.54
24/08/2024 00:00,132.89
24/08/2024 00:15,124.63
24/08/2024 00:30,113.05
24/08/2024 00:45,103.31
24/08/2024 01:00,121.75
24/08/2024 01:15,113.31
24/08/2024 01:30,104.4
24/08/2024 01:45,101.45
24/08/2024 02:00,136.69
24/08/2024 02:15,129.18
24/08/2024 02:30,111.64
24/08/2024 02:45,104.01
24/08/2024 03:00,137.42
24/08/2024 03:15,98.78
24/08/2024 03:30,101.41
24/08/2024 03:45,96.24
24/08/2024 04:00,102.9
24/08/2024 04:15,95.21
24/08/2024 04:30,93.63
24/08/2024 04:45,103.1
24/08/2024 05:00,103.83
24/08/2024 05:15,100.36
24/08/2024 05:30,93.54
24/08/2024 05:45,85.46
24/08/2024 06:00,95.99
24/08/2024 06:15,87.98
24/08/2024 06:30,64.73
24/08/2024 06:45,51.51
24/08/2024 07:00,86.99
24/08/2024 07:15,73.89
24/08/2024 07:30,55.23
24/08/2024 07:45,47.39
24/08/2024 08:00,91.01
24/08/2024 08:15,74.99
24/08/2024 08:30,60.01
24/08/2024 08:45,0.78
24/08/2024 09:00,26.75
24/08/2024 09:15,1.56
24/08/2024 09:30,-2.02
24/08/2024 09:45,-23.18
24/08/2024 10:00,19.07
24/08/2024 10:15,11.5
24/08/2024 10:30,1.95
24/08/2024 10:45,-3.77
24/08/2024 11:00,6.81
24/08/2024 11:15,-4.68
24/08/2024 11:30,-4.78
24/08/2024 11:45,-14.05
24/08/2024 12:00,-3.52
24/08/2024 12:15,-13.66
24/08/2024 12:30,-21.6
24/08/2024 12:45,-32.13
24/08/2024 13:00,-29.23
24/08/2024 13:15,-27.65
24/08/2024 13:30,-23.08
24/08/2024 13:45,-15.87
24/08/2024 14:00,-24.67
24/08/2024 14:15,-9.12
24/08/2024 14:30,-2.91
24/08/2024 14:45,2.7
24/08/2024 15:00,-36.63
24/08/2024 15:15,-5.28
24/08/2024 15:30,-0.36
24/08/2024 15:45,17.31
24/08/2024 16:00,-22.55
24/08/2024 16:15,-0.66
24/08/2024 16:30,0.61
24/08/2024 16:45,25.17
24/08/2024 17:00,13.53
24/08/2024 17:15,11.48
24/08/2024 17:30,2.13
24/08/2024 17:45,21.95
24/08/2024 18:00,55.37
24/08/2024 18:15,89.19
24/08/2024 18:30,151.09
24/08/2024 18:45,428.51
24/08/2024 19:00,206.44
24/08/2024 19:15,94.34
24/08/2024 19:30,51.31
24/08/2024 19:45,47.89
24/08/2024 20:00,51.54
24/08/2024 20:15,19.85
24/08/2024 20:30,4.52
24/08/2024 20:45,5.21
24/08/2024 21:00,22.34
24/08/2024 21:15,8.21
24/08/2024 21:30,8.28
24/08/2024 21:45,45.19
24/08/2024 22:00,56.79
24/08/2024 22:15,51.17
24/08/2024 22:30,64.62
24/08/2024 22:45,63.71
24/08/2024 23:00,37.93
24/08/2024 23:15,24.44
24/08/2024 23:30,18.51
24/08/2024 23:45,15.36
25/08/2024 00:00,29.69
25/08/2024 00:15,16.6
25/08/2024 00:30,6.69
25/08/2024 00:45,0.88
25/08/2024 01:00,5.01
25/08/2024 01:15,-1.03
25/08/2024 01:30,-1.73
25/08/2024 01:45,-0.63
25/08/2024 02:00,25.09
25/08/2024 02:15,23.51
25/08/2024 02:30,16.6
25/08/2024 02:45,17.58
25/08/2024 03:00,11.12
25/08/2024 03:15,18.09
25/08/2024 03:30,22.81
25/08/2024 03:45,23
25/08/2024 04:00,27.48
25/08/2024 04:15,22
25/08/2024 04:30,15.88
25/08/2024 04:45,14.4
25/08/2024 05:00,16.23
25/08/2024 05:15,11.43
25/08/2024 05:30,4.64
25/08/2024 05:45,-1.9
25/08/2024 06:00,-0.27
25/08/2024 06:15,-0.94
25/08/2024 06:30,0.95
25/08/2024 06:45,3.71
25/08/2024 07:00,15.47
25/08/2024 07:15,4.46
25/08/2024 07:30,-1.22
25/08/2024 07:45,-10.75
25/08/2024 08:00,17.35
25/08/2024 08:15,0.56
25/08/2024 08:30,0.22
25/08/2024 08:45,-3.87
25/08/2024 09:00,1.05
25/08/2024 09:15,-1.94
25/08/2024 09:30,-2.92
25/08/2024 09:45,-19.62
25/08/2024 10:00,-4.26
25/08/2024 10:15,-7.09
25/08/2024 10:30,-10.25
25/08/2024 10:45,-25.83
25/08/2024 11:00,-5.37
25/08/2024 11:15,-13.48
25/08/2024 11:30,-19.62
25/08/2024 11:45,-26.22
25/08/2024 12:00,-25.02
25/08/2024 12:15,-24.4
25/08/2024 12:30,-25.1
25/08/2024 12:45,-29.31
25/08/2024 13:00,-39.84
25/08/2024 13:15,-31.95
25/08/2024 13:30,-18.33
25/08/2024 13:45,-5.28
25/08/2024 14:00,-23.42
25/08/2024 14:15,-17.67
25/08/2024 14:30,-2.39
25/08/2024 14:45,-0.91
25/08/2024 15:00,-28.86
25/08/2024 15:15,-5.26
25/08/2024 15:30,3.34
25/08/2024 15:45,35.77
25/08/2024 16:00,-37.92
25/08/2024 16:15,-7.98
25/08/2024 16:30,48.84
25/08/2024 16:45,83.62
25/08/2024 17:00,59
25/08/2024 17:15,73.51
25/08/2024 17:30,111.77
25/08/2024 17:45,119.66
25/08/2024 18:00,95.66
25/08/2024 18:15,95.37
25/08/2024 18:30,98.14
25/08/2024 18:45,108.52
25/08/2024 19:00,90.19
25/08/2024 19:15,106.72
25/08/2024 19:30,116.82
25/08/2024 19:45,110.33
25/08/2024 20:00,169.96
25/08/2024 20:15,119.01
25/08/2024 20:30,94.88
25/08/2024 20:45,102.63
25/08/2024 21:00,118.57
25/08/2024 21:15,114.14
25/08/2024 21:30,103.46
25/08/2024 21:45,86.32
25/08/2024 22:00,118.51
25/08/2024 22:15,103.37
25/08/2024 22:30,79.9
25/08/2024 22:45,72.88
25/08/2024 23:00,109.95
25/08/2024 23:15,95.97
25/08/2024 23:30,77.3
25/08/2024 23:45,74.86
26/08/2024 00:00,82.45
26/08/2024 00:15,77.74
26/08/2024 00:30,73.16
26/08/2024 00:45,74.19
26/08/2024 01:00,84.9
26/08/2024 01:15,77.62
26/08/2024 01:30,75.75
26/08/2024 01:45,73.38
26/08/2024 02:00,85.62
26/08/2024 02:15,81.01
26/08/2024 02:30,75.89
26/08/2024 02:45,82.2
26/08/2024 03:00,81.79
26/08/2024 03:15,77.94
26/08/2024 03:30,93.71
26/08/2024 03:45,96.21
26/08/2024 04:00,72.15
26/08/2024 04:15,85.71
26/08/2024 04:30,106.08
26/08/2024 04:45,120.61
26/08/2024 05:00,78.64
26/08/2024 05:15,91.01
26/08/2024 05:30,110.13
26/08/2024 05:45,120.88
26/08/2024 06:00,190.77
26/08/2024 06:15,144.3
26/08/2024 06:30,108.44
26/08/2024 06:45,99.05
26/08/2024 07:00,194.82
26/08/2024 07:15,112.54
26/08/2024 07:30,93.86
26/08/2024 07:45,90.46
26/08/2024 08:00,96.47
26/08/2024 08:15,97.78
26/08/2024 08:30,96.43
26/08/2024 08:45,85.67
26/08/2024 09:00,95.85
26/08/2024 09:15,85.62
26/08/2024 09:30,77.79
26/08/2024 09:45,52.32
26/08/2024 10:00,73.47
26/08/2024 10:15,70.71
26/08/2024 10:30,48.53
26/08/2024 10:45,28.79
26/08/2024 11:00,48.8
26/08/2024 11:15,20.75
26/08/2024 11:30,20.79
26/08/2024 11:45,10.46
26/08/2024 12:00,35.82
26/08/2024 12:15,47.39
26/08/2024 12:30,18.68
26/08/2024 12:45,7.57
26/08/2024 13:00,-13.74
26/08/2024 13:15,23.71
26/08/2024 13:30,35.42
26/08/2024 13:45,61.94
26/08/2024 14:00,0.89
26/08/2024 14:15,56.62
26/08/2024 14:30,73.69
26/08/2024 14:45,83.13
26/08/2024 15:00,62.63
26/08/2024 15:15,66.46
26/08/2024 15:30,82.56
26/08/2024 15:45,132.49
26/08/2024 16:00,76.7
26/08/2024 16:15,96.17
26/08/2024 16:30,117.44
26/08/2024 16:45,139.31
26/08/2024 17:00,87.75
26/08/2024 17:15,94.54
26/08/2024 17:30,120.51
26/08/2024 17:45,146.86
26/08/2024 18:00,94.92
26/08/2024 18:15,206.97
26/08/2024 18:30,643.35
26/08/2024 18:45,727.01
26/08/2024 19:00,636.63
26/08/2024 19:15,2672.54
26/08/2024 19:30,3165.92
26/08/2024 19:45,2792.71
26/08/2024 20:00,728.92
26/08/2024 20:15,140.64
26/08/2024 20:30,126.11
26/08/2024 20:45,124.64
26/08/2024 21:00,175.44
26/08/2024 21:15,163.75
26/08/2024 21:30,116.87
26/08/2024 21:45,119.52
26/08/2024 22:00,119.62
26/08/2024 22:15,85.6
26/08/2024 22:30,88.48
26/08/2024 22:45,77.76
26/08/2024 23:00,126.44
26/08/2024 23:15,119.05
26/08/2024 23:30,88.75
26/08/2024 23:45,88.91
27/08/2024 00:00,94.3
27/08/2024 00:15,86.25
27/08/2024 00:30,91.54
27/08/2024 00:45,86.89
27/08/2024 01:00,90.55
27/08/2024 01:15,90.18
27/08/2024 01:30,88.69
27/08/2024 01:45,83.27
27/08/2024 02:00,87.61
27/08/2024 02:15,88.86
27/08/2024 02:30,78.04
27/08/2024 02:45,76.65
27/08/2024 03:00,77.96
27/08/2024 03:15,78.9
27/08/2024 03:30,79.67
27/08/2024 03:45,83.27
27/08/2024 04:00,74.79
27/08/2024 04:15,84.14
27/08/2024 04:30,84.81
27/08/2024 04:45,109.25
27/08/2024 05:00,106.25
27/08/2024 05:15,107.46
27/08/2024 05:30,109.42
27/08/2024 05:45,110.52
27/08/2024 06:00,119.33
27/08/2024 06:15,124.43
27/08/2024 06:30,112.85
27/08/2024 06:45,97.17
27/08/2024 07:00,108.81
27/08/2024 07:15,103.56
27/08/2024 07:30,95.01
27/08/2024 07:45,72.9
27/08/2024 08:00,90.07
27/08/2024 08:15,83.02
27/08/2024 08:30,84.89
27/08/2024 08:45,84.36
27/08/2024 09:00,105.04
27/08/2024 09:15,58.49
27/08/2024 09:30,23.65
27/08/2024 09:45,-4.76
27/08/2024 10:00,52.83
27/08/2024 10:15,3.25
27/08/2024 10:30,0.58
27/08/2024 10:45,-43.96
27/08/2024 11:00,54.62
27/08/2024 11:15,-22.81
27/08/2024 11:30,-29.16
27/08/2024 11:45,-45.64
27/08/2024 12:00,1.5
27/08/2024 12:15,-8.35
27/08/2024 12:30,-12.49
27/08/2024 12:45,-28.17
27/08/2024 13:00,-32.15
27/08/2024 13:15,-8.47
27/08/2024 13:30,-8.04
27/08/2024 13:45,42.19
27/08/2024 14:00,-24.08
27/08/2024 14:15,-8.01
27/08/2024 14:30,-23.18
27/08/2024 14:45,34.04
27/08/2024 15:00,-4.65
27/08/2024 15:15,59.83
27/08/2024 15:30,84.43
27/08/2024 15:45,96.57
27/08/2024 16:00,79.21
27/08/2024 16:15,89.59
27/08/2024 16:30,114.15
27/08/2024 16:45,127.38
27/08/2024 17:00,82.85
27/08/2024 17:15,83.76
27/08/2024 17:30,104.15
27/08/2024 17:45,119.19
27/08/2024 18:00,95.82
27/08/2024 18:15,105.12
27/08/2024 18:30,178.69
27/08/2024 18:45,332.28
27/08/2024 19:00,502.92
27/08/2024 19:15,356.28
27/08/2024 19:30,170.78
27/08/2024 19:45,106.68
27/08/2024 20:00,192.22
27/08/2024 20:15,129.43
27/08/2024 20:30,114.48
27/08/2024 20:45,99.19
27/08/2024 21:00,120.91
27/08/2024 21:15,96.66
27/08/2024 21:30,93.43
27/08/2024 21:45,77.88
27/08/2024 22:00,97.79
27/08/2024 22:15,88.87
27/08/2024 22:30,74.2
27/08/2024 22:45,69.9
27/08/2024 23:00,102.13
27/08/2024 23:15,102.18
27/08/2024 23:30,77.75
27/08/2024 23:45,82.52
28/08/2024 00:00,92.95
28/08/2024 00:15,92.06
28/08/2024 00:30,109.92
28/08/2024 00:45,109.24
28/08/2024 01:00,92.91
28/08/2024 01:15,91.5
28/08/2024 01:30,93.94
28/08/2024 01:45,108.05
28/08/2024 02:00,92.11
28/08/2024 02:15,89.15
28/08/2024 02:30,90.03
28/08/2024 02:45,91.15
28/08/2024 03:00,81.68
28/08/2024 03:15,85.58
28/08/2024 03:30,99.16
28/08/2024 03:45,108.79
28/08/2024 04:00,88.58
28/08/2024 04:15,91.31
28/08/2024 04:30,114.5
28/08/2024 04:45,127
28/08/2024 05:00,121.5
28/08/2024 05:15,124.76
28/08/2024 05:30,127.13
28/08/2024 05:45,130.16
28/08/2024 06:00,165.17
28/08/2024 06:15,192.57
28/08/2024 06:30,143.24
28/08/2024 06:45,115.48
28/08/2024 07:00,205.69
28/08/2024 07:15,122.7
28/08/2024 07:30,116.2
28/08/2024 07:45,103.25
28/08/2024 08:00,139.89
28/08/2024 08:15,122.28
28/08/2024 08:30,96.01
28/08/2024 08:45,98.49
28/08/2024 09:00,107.79
28/08/2024 09:15,87.93
28/08/2024 09:30,83.4
28/08/2024 09:45,72.37
28/08/2024 10:00,99.6
28/08/2024 10:15,84.51
28/08/2024 10:30,88.81
28/08/2024 10:45,73.25
28/08/2024 11:00,70.4
28/08/2024 11:15,-0.82
28/08/2024 11:30,64.79
28/08/2024 11:45,14.26
28/08/2024 12:00,33.56
28/08/2024 12:15,-13.19
28/08/2024 12:30,-11.44
28/08/2024 12:45,-23.51
28/08/2024 13:00,-25.51
28/08/2024 13:15,-10.48
28/08/2024 13:30,-10.95
28/08/2024 13:45,31.12
28/08/2024 14:00,-36.73
28/08/2024 14:15,57.06
28/08/2024 14:30,60.28
28/08/2024 14:45,103.86
28/08/2024 15:00,33.76
28/08/2024 15:15,87.83
28/08/2024 15:30,90.15
28/08/2024 15:45,134.62
28/08/2024 16:00,70.9
28/08/2024 16:15,81.94
28/08/2024 16:30,103.07
28/08/2024 16:45,120.14
28/08/2024 17:00,70.63
28/08/2024 17:15,107.98
28/08/2024 17:30,137.33
28/08/2024 17:45,162.26
28/08/2024 18:00,153.88
28/08/2024 18:15,153.77
28/08/2024 18:30,206.03
28/08/2024 18:45,294.3
28/08/2024 19:00,662.5
28/08/2024 19:15,621.16
28/08/2024 19:30,293.46
28/08/2024 19:45,131.56
28/08/2024 20:00,143.4
28/08/2024 20:15,118.91
28/08/2024 20:30,114.17
28/08/2024 20:45,114.05
28/08/2024 21:00,180.73
28/08/2024 21:15,107.17
28/08/2024 21:30,98.28
28/08/2024 21:45,85.98
28/08/2024 22:00,108.24
28/08/2024 22:15,98.14
28/08/2024 22:30,86.43
28/08/2024 22:45,77.52
28/08/2024 23:00,103.82
28/08/2024 23:15,110.11
28/08/2024 23:30,89.65
28/08/2024 23:45,87.75
29/08/2024 00:00,86.38
29/08/2024 00:15,87.98
29/08/2024 00:30,86.95
29/08/2024 00:45,91.72
29/08/2024 01:00,91.29
29/08/2024 01:15,92.2
29/08/2024 01:30,87.94
29/08/2024 01:45,89.6
29/08/2024 02:00,89.16
29/08/2024 02:15,94.79
29/08/2024 02:30,99.2
29/08/2024 02:45,98.98
29/08/2024 03:00,83.61
29/08/2024 03:15,94.27
29/08/2024 03:30,94.12
29/08/2024 03:45,96.53
29/08/2024 04:00,91.84
29/08/2024 04:15,102.95
29/08/2024 04:30,122.61
29/08/2024 04:45,123.57
29/08/2024 05:00,120.64
29/08/2024 05:15,127.49
29/08/2024 05:30,144.5
29/08/2024 05:45,193.24
29/08/2024 06:00,181.55
29/08/2024 06:15,146.87
29/08/2024 06:30,142.7
29/08/2024 06:45,124.64
29/08/2024 07:00,254.15
29/08/2024 07:15,126.18
29/08/2024 07:30,117.99
29/08/2024 07:45,87.84
29/08/2024 08:00,145.37
29/08/2024 08:15,113.36
29/08/2024 08:30,85.96
29/08/2024 08:45,80.53
29/08/2024 09:00,130.5
29/08/2024 09:15,97.92
29/08/2024 09:30,87.27
29/08/2024 09:45,74.1
29/08/2024 10:00,103.44
29/08/2024 10:15,97.4
29/08/2024 10:30,89.16
29/08/2024 10:45,85.92
29/08/2024 11:00,106.97
29/08/2024 11:15,86.71
29/08/2024 11:30,90.99
29/08/2024 11:45,77.62
29/08/2024 12:00,84.73
29/08/2024 12:15,52.23
29/08/2024 12:30,23.71
29/08/2024 12:45,11.16
29/08/2024 13:00,35.32
29/08/2024 13:15,58.59
29/08/2024 13:30,65.16
29/08/2024 13:45,89.99
29/08/2024 14:00,62.85
29/08/2024 14:15,89.06
29/08/2024 14:30,95.08
29/08/2024 14:45,105.04
29/08/2024 15:00,74.25
29/08/2024 15:15,84.07
29/08/2024 15:30,95.44
29/08/2024 15:45,116.46
29/08/2024 16:00,73.22
29/08/2024 16:15,88.59
29/08/2024 16:30,117.75
29/08/2024 16:45,171
29/08/2024 17:00,82.48
29/08/2024 17:15,98.29
29/08/2024 17:30,154.52
29/08/2024 17:45,705.51
29/08/2024 18:00,161.21
29/08/2024 18:15,226.88
29/08/2024 18:30,355.91
29/08/2024 18:45,408.22
29/08/2024 19:00,560.68
29/08/2024 19:15,552.36
29/08/2024 19:30,549.62
29/08/2024 19:45,352.98
29/08/2024 20:00,802.04
29/08/2024 20:15,383.63
29/08/2024 20:30,243.52
29/08/2024 20:45,171.96
29/08/2024 21:00,293.96
29/08/2024 21:15,149.76
29/08/2024 21:30,143.15
29/08/2024 21:45,138.35
29/08/2024 22:00,141.73
29/08/2024 22:15,132.3
29/08/2024 22:30,110.58
29/08/2024 22:45,99.69
29/08/2024 23:00,132.22
29/08/2024 23:15,131.45
29/08/2024 23:30,127.84
29/08/2024 23:45,103.18
30/08/2024 00:00,129.57
30/08/2024 00:15,120.92
30/08/2024 00:30,98.79
30/08/2024 00:45,105.14
30/08/2024 01:00,105.47
30/08/2024 01:15,96.83
30/08/2024 01:30,95.61
30/08/2024 01:45,97.38
30/08/2024 02:00,103.86
30/08/2024 02:15,102.45
30/08/2024 02:30,96.66
30/08/2024 02:45,93.88
30/08/2024 03:00,96.02
30/08/2024 03:15,100.71
30/08/2024 03:30,108.59
30/08/2024 03:45,102.92
30/08/2024 04:00,104.03
30/08/2024 04:15,108.38
30/08/2024 04:30,132.01
30/08/2024 04:45,157.15
30/08/2024 05:00,108.25
30/08/2024 05:15,134.45
30/08/2024 05:30,147.96
30/08/2024 05:45,147.66
30/08/2024 06:00,164.04
30/08/2024 06:15,128.13
30/08/2024 06:30,120.44
30/08/2024 06:45,119.32
30/08/2024 07:00,163.91
30/08/2024 07:15,126.75
30/08/2024 07:30,116.41
30/08/2024 07:45,92.79
30/08/2024 08:00,125.65
30/08/2024 08:15,108.52
30/08/2024 08:30,96.54
30/08/2024 08:45,101.94
30/08/2024 09:00,123.56
30/08/2024 09:15,91.81
30/08/2024 09:30,102.31
30/08/2024 09:45,83.99
30/08/2024 10:00,93.46
30/08/2024 10:15,94.71
30/08/2024 10:30,96.44
30/08/2024 10:45,86.6
30/08/2024 11:00,112.12
30/08/2024 11:15,103.77
30/08/2024 11:30,100.55
30/08/2024 11:45,97.61
30/08/2024 12:00,102.17
30/08/2024 12:15,100.81
30/08/2024 12:30,86.87
30/08/2024 12:45,75.42
30/08/2024 13:00,83.09
30/08/2024 13:15,96.89
30/08/2024 13:30,89.04
30/08/2024 13:45,90.45
30/08/2024 14:00,81.44
30/08/2024 14:15,81.42
30/08/2024 14:30,86
30/08/2024 14:45,81.69
30/08/2024 15:00,69.03
30/08/2024 15:15,74.31
30/08/2024 15:30,84.84
30/08/2024 15:45,95.33
30/08/2024 16:00,47.16
30/08/2024 16:15,82.95
30/08/2024 16:30,105.14
30/08/2024 16:45,108.04
30/08/2024 17:00,97.62
30/08/2024 17:15,114.85
30/08/2024 17:30,110.92
30/08/2024 17:45,119.74
30/08/2024 18:00,102.69
30/08/2024 18:15,99.92
30/08/2024 18:30,108.43
30/08/2024 18:45,111.24
30/08/2024 19:00,114.82
30/08/2024 19:15,107.54
30/08/2024 19:30,101.94
30/08/2024 19:45,95.78
30/08/2024 20:00,114.45
30/08/2024 20:15,109.66
30/08/2024 20:30,104.29
30/08/2024 20:45,99.07
30/08/2024 21:00,107.53
30/08/2024 21:15,109.61
30/08/2024 21:30,102.73
30/08/2024 21:45,95.26
30/08/2024 22:00,98.79
30/08/2024 22:15,108.89
30/08/2024 22:30,93.26
30/08/2024 22:45,83.65
30/08/2024 23:00,115.88
30/08/2024 23:15,109.21
30/08/2024 23:30,100.82
30/08/2024 23:45,104.45
31/08/2024 00:00,122.45
31/08/2024 00:15,111.15
31/08/2024 00:30,108.67
31/08/2024 00:45,111.49
31/08/2024 01:00,90.46
31/08/2024 01:15,83.01
31/08/2024 01:30,79.54
31/08/2024 01:45,76.79
31/08/2024 02:00,87.99
31/08/2024 02:15,85.91
31/08/2024 02:30,78.09
31/08/2024 02:45,72.59
31/08/2024 03:00,84.25
31/08/2024 03:15,79.24
31/08/2024 03:30,79.57
31/08/2024 03:45,80.86
31/08/2024 04:00,88.35
31/08/2024 04:15,105.5
31/08/2024 04:30,105.39
31/08/2024 04:45,116.33
31/08/2024 05:00,91.1
31/08/2024 05:15,105.74
31/08/2024 05:30,115.48
31/08/2024 05:45,114.93
31/08/2024 06:00,157.4
31/08/2024 06:15,129.79
31/08/2024 06:30,111.5
31/08/2024 06:45,86.11
31/08/2024 07:00,111.75
31/08/2024 07:15,101.93
31/08/2024 07:30,83.41
31/08/2024 07:45,71.45
31/08/2024 08:00,113.59
31/08/2024 08:15,79.4
31/08/2024 08:30,74.53
31/08/2024 08:45,51.39
31/08/2024 09:00,104.74
31/08/2024 09:15,78.51
31/08/2024 09:30,69.67
31/08/2024 09:45,-19.16
31/08/2024 10:00,65
31/08/2024 10:15,-15.83
31/08/2024 10:30,-11.15
31/08/2024 10:45,-28.87
31/08/2024 11:00,19.99
31/08/2024 11:15,-8.75
31/08/2024 11:30,-6.85
31/08/2024 11:45,-25.34
31/08/2024 12:00,16.84
31/08/2024 12:15,-16.55
31/08/2024 12:30,-19.95
31/08/2024 12:45,-25.63
31/08/2024 13:00,-40.77
31/08/2024 13:15,-33.49
31/08/2024 13:30,-24.71
31/08/2024 13:45,3.98
31/08/2024 14:00,-36.55
31/08/2024 14:15,-13.97
31/08/2024 14:30,-13.63
31/08/2024 14:45,73.05
31/08/2024 15:00,-46.21
31/08/2024 15:15,-11.23
31/08/2024 15:30,82.03
31/08/2024 15:45,104.81
31/08/2024 16:00,54.95
31/08/2024 16:15,82.08
31/08/2024 16:30,98.25
31/08/2024 16:45,121.93
31/08/2024 17:00,68.95
31/08/2024 17:15,83.46
31/08/2024 17:30,116.73
31/08/2024 17:45,141.61
31/08/2024 18:00,94.98
31/08/2024 18:15,113.53
31/08/2024 18:30,125.68
31/08/2024 18:45,170.65
31/08/2024 19:00,221.31
31/08/2024 19:15,150.13
31/08/2024 19:30,119.04
31/08/2024 19:45,101.33
31/08/2024 20:00,120.92
31/08/2024 20:15,85.13
31/08/2024 20:30,90.49
31/08/2024 20:45,70
31/08/2024 21:00,97.82
31/08/2024 21:15,84.46
31/08/2024 21:30,77.52
31/08/2024 21:45,53.99
31/08/2024 22:00,97.22
31/08/2024 22:15,97.03
31/08/2024 22:30,90.08
31/08/2024 22:45,75.14
31/08/2024 23:00,86.75
31/08/2024 23:15,85.32
31/08/2024 23:30,76.41
31/08/2024 23:45,97.48
01/09/2024 00:00,102.97
01/09/2024 00:15,104.04
01/09/2024 00:30,89.72
01/09/2024 00:45,79.65
01/09/2024 01:00,72.37
01/09/2024 01:15,70.86
01/09/2024 01:30,78.82
01/09/2024 01:45,73.8
01/09/2024 02:00,78.34
01/09/2024 02:15,77.1
01/09/2024 02:30,73.27
01/09/2024 02:45,66.5
01/09/2024 03:00,66.1
01/09/2024 03:15,60.78
01/09/2024 03:30,66.54
01/09/2024 03:45,61.05
01/09/2024 04:00,68.66
01/09/2024 04:15,68.87
01/09/2024 04:30,77.18
01/09/2024 04:45,89.36
01/09/2024 05:00,73.44
01/09/2024 05:15,69.37
01/09/2024 05:30,62.64
01/09/2024 05:45,66.4
01/09/2024 06:00,93.15
01/09/2024 06:15,89.63
01/09/2024 06:30,69.14
01/09/2024 06:45,43.76
01/09/2024 07:00,91.21
01/09/2024 07:15,92.12
01/09/2024 07:30,87.02
01/09/2024 07:45,62.2
01/09/2024 08:00,86.67
01/09/2024 08:15,55.79
01/09/2024 08:30,32.36
01/09/2024 08:45,-5.13
01/09/2024 09:00,78.55
01/09/2024 09:15,22.48
01/09/2024 09:30,-9.83
01/09/2024 09:45,-47.32
01/09/2024 10:00,58.75
01/09/2024 10:15,4.7
01/09/2024 10:30,-3.14
01/09/2024 10:45,-9.19
01/09/2024 11:00,15.56
01/09/2024 11:15,-16.54
01/09/2024 11:30,-15
01/09/2024 11:45,-25.23
01/09/2024 12:00,-28.85
01/09/2024 12:15,-32.44
01/09/2024 12:30,-40.2
01/09/2024 12:45,-47.29
01/09/2024 13:00,-53.74
01/09/2024 13:15,-46.75
01/09/2024 13:30,-29.1
01/09/2024 13:45,-6.67
01/09/2024 14:00,-36.61
01/09/2024 14:15,-19.69
01/09/2024 14:30,-13.52
01/09/2024 14:45,58.53
01/09/2024 15:00,-27.2
01/09/2024 15:15,5.11
01/09/2024 15:30,36.45
01/09/2024 15:45,52.36
01/09/2024 16:00,-20.86
01/09/2024 16:15,12.51
01/09/2024 16:30,54.59
01/09/2024 16:45,82.8
01/09/2024 17:00,64.17
01/09/2024 17:15,78.22
01/09/2024 17:30,91.65
01/09/2024 17:45,116.23
01/09/2024 18:00,122.16
01/09/2024 18:15,121.59
01/09/2024 18:30,120.63
01/09/2024 18:45,129.57
01/09/2024 19:00,149.68
01/09/2024 19:15,148.91
01/09/2024 19:30,124.08
01/09/2024 19:45,102.09
01/09/2024 20:00,104.71
01/09/2024 20:15,93.33
01/09/2024 20:30,92.88
01/09/2024 20:45,81.44
01/09/2024 21:00,96.26
01/09/2024 21:15,86.15
01/09/2024 21:30,87.8
01/09/2024 21:45,81.04
01/09/2024 22:00,91.26
01/09/2024 22:15,87.13
01/09/2024 22:30,81.47
01/09/2024 22:45,69.56
01/09/2024 23:00,103.82
01/09/2024 23:15,89.84
01/09/2024 23:30,79.48
01/09/2024 23:45,80.09
02/09/2024 00:00,90.42
02/09/2024 00:15,85.55
02/09/2024 00:30,91.7
02/09/2024 00:45,105.38
02/09/2024 01:00,84.11
02/09/2024 01:15,82.87
02/09/2024 01:30,84.14
02/09/2024 01:45,101.3
02/09/2024 02:00,84.01
02/09/2024 02:15,89.97
02/09/2024 02:30,81.84
02/09/2024 02:45,87.31
02/09/2024 03:00,84.45
02/09/2024 03:15,84.7
02/09/2024 03:30,89.84
02/09/2024 03:45,88.11
02/09/2024 04:00,68.76
02/09/2024 04:15,79.35
02/09/2024 04:30,92.95
02/09/2024 04:45,131.8
02/09/2024 05:00,86.51
02/09/2024 05:15,114.78
02/09/2024 05:30,124.4
02/09/2024 05:45,120.27
02/09/2024 06:00,130.27
02/09/2024 06:15,132.42
02/09/2024 06:30,112
02/09/2024 06:45,106.54
02/09/2024 07:00,192.46
02/09/2024 07:15,110.7
02/09/2024 07:30,109.71
02/09/2024 07:45,102.56
02/09/2024 08:00,162.35
02/09/2024 08:15,111.28
02/09/2024 08:30,98.68
02/09/2024 08:45,93.4
02/09/2024 09:00,120.75
02/09/2024 09:15,97.65
02/09/2024 09:30,111.22
02/09/2024 09:45,96.42
02/09/2024 10:00,106.66
02/09/2024 10:15,112.66
02/09/2024 10:30,100.19
02/09/2024 10:45,92.52
02/09/2024 11:00,109.2
02/09/2024 11:15,99.7
02/09/2024 11:30,98.09
02/09/2024 11:45,76.04
02/09/2024 12:00,93.38
02/09/2024 12:15,83.98
02/09/2024 12:30,79.68
02/09/2024 12:45,59.38
02/09/2024 13:00,88.66
02/09/2024 13:15,84.55
02/09/2024 13:30,55.31
02/09/2024 13:45,80.81
02/09/2024 14:00,61.31
02/09/2024 14:15,83.96
02/09/2024 14:30,72.34
02/09/2024 14:45,71.38
02/09/2024 15:00,65.68
02/09/2024 15:15,83.37
02/09/2024 15:30,92.84
02/09/2024 15:45,137.53
02/09/2024 16:00,56.96
02/09/2024 16:15,95.22
02/09/2024 16:30,128.62
02/09/2024 16:45,169.94
02/09/2024 17:00,104.13
02/09/2024 17:15,117.01
02/09/2024 17:30,177.49
02/09/2024 17:45,407.2
02/09/2024 18:00,201.58
02/09/2024 18:15,227.32
02/09/2024 18:30,313.47
02/09/2024 18:45,209.56
02/09/2024 19:00,258.01
02/09/2024 19:15,158.98
02/09/2024 19:30,122.81
02/09/2024 19:45,107.7
02/09/2024 20:00,134.24
02/09/2024 20:15,113.1
02/09/2024 20:30,123.51
02/09/2024 20:45,110.86
02/09/2024 21:00,138.05
02/09/2024 21:15,106.83
02/09/2024 21:30,104.48
02/09/2024 21:45,103.38
02/09/2024 22:00,142.57
02/09/2024 22:15,126.58
02/09/2024 22:30,97.35
02/09/2024 22:45,88.61
02/09/2024 23:00,104.97
02/09/2024 23:15,93.32
02/09/2024 23:30,86.23
02/09/2024 23:45,93.6
03/09/2024 00:00,108.7
03/09/2024 00:15,107.21
03/09/2024 00:30,101.5
03/09/2024 00:45,106.84
03/09/2024 01:00,125.9
03/09/2024 01:15,120.13
03/09/2024 01:30,113.99
03/09/2024 01:45,115.34
03/09/2024 02:00,103.41
03/09/2024 02:15,107.09
03/09/2024 02:30,99.9
03/09/2024 02:45,103.69
03/09/2024 03:00,101.13
03/09/2024 03:15,96.86
03/09/2024 03:30,93.29
03/09/2024 03:45,96.95
03/09/2024 04:00,89.2
03/09/2024 04:15,89.45
03/09/2024 04:30,92.73
03/09/2024 04:45,109.34
03/09/2024 05:00,119.36
03/09/2024 05:15,116.13
03/09/2024 05:30,146.86
03/09/2024 05:45,214.53
03/09/2024 06:00,198.56
03/09/2024 06:15,288.44
03/09/2024 06:30,167.43
03/09/2024 06:45,148.59
03/09/2024 07:00,615.36
03/09/2024 07:15,205.77
03/09/2024 07:30,145.31
03/09/2024 07:45,113.68
03/09/2024 08:00,134.72
03/09/2024 08:15,114.91
03/09/2024 08:30,92.52
03/09/2024 08:45,87.77
03/09/2024 09:00,134.52
03/09/2024 09:15,86.63
03/09/2024 09:30,91.93
03/09/2024 09:45,90.53
03/09/2024 10:00,110.28
03/09/2024 10:15,93.13
03/09/2024 10:30,88.52
03/09/2024 10:45,77.42
03/09/2024 11:00,95.78
03/09/2024 11:15,76.62
03/09/2024 11:30,95.73
03/09/2024 11:45,84.68
03/09/2024 12:00,100
03/09/2024 12:15,90.06
03/09/2024 12:30,84.52
03/09/2024 12:45,95.78
03/09/2024 13:00,85.1
03/09/2024 13:15,92.62
03/09/2024 13:30,85.08
03/09/2024 13:45,90.85
03/09/2024 14:00,80.63
03/09/2024 14:15,88.72
03/09/2024 14:30,85.98
03/09/2024 14:45,88.75
03/09/2024 15:00,81.88
03/09/2024 15:15,79.22
03/09/2024 15:30,82.83
03/09/2024 15:45,107.7
03/09/2024 16:00,77
03/09/2024 16:15,97.08
03/09/2024 16:30,131.7
03/09/2024 16:45,130.35
03/09/2024 17:00,96.7
03/09/2024 17:15,119.83
03/09/2024 17:30,141.58
03/09/2024 17:45,218.09
03/09/2024 18:00,124.49
03/09/2024 18:15,126.13
03/09/2024 18:30,131.81
03/09/2024 18:45,128.17
03/09/2024 19:00,157.16
03/09/2024 19:15,136.16
03/09/2024 19:30,147.14
03/09/2024 19:45,132.84
03/09/2024 20:00,149.37
03/09/2024 20:15,142.09
03/09/2024 20:30,132.73
03/09/2024 20:45,120.23
03/09/2024 21:00,126.84
03/09/2024 21:15,118.51
03/09/2024 21:30,114.38
03/09/2024 21:45,95.9
03/09/2024 22:00,116.77
03/09/2024 22:15,92.44
03/09/2024 22:30,86.33
03/09/2024 22:45,86.37
03/09/2024 23:00,117.48
03/09/2024 23:15,85.87
03/09/2024 23:30,87.67
03/09/2024 23:45,87.13
04/09/2024 00:00,108.21
04/09/2024 00:15,91.85
04/09/2024 00:30,90.04
04/09/2024 00:45,89.98
04/09/2024 01:00,97.43
04/09/2024 01:15,93.69
04/09/2024 01:30,86.57
04/09/2024 01:45,85.62
04/09/2024 02:00,90.66
04/09/2024 02:15,85.24
04/09/2024 02:30,83.24
04/09/2024 02:45,85.8
04/09/2024 03:00,82.22
04/09/2024 03:15,85.71
04/09/2024 03:30,86.53
04/09/2024 03:45,91.22
04/09/2024 04:00,94.67
04/09/2024 04:15,96.79
04/09/2024 04:30,109.6
04/09/2024 04:45,123.67
04/09/2024 05:00,105.99
04/09/2024 05:15,110.63
04/09/2024 05:30,113.09
04/09/2024 05:45,117.32
04/09/2024 06:00,130.46
04/09/2024 06:15,134.12
04/09/2024 06:30,132.07
04/09/2024 06:45,100.01
04/09/2024 07:00,130.35
04/09/2024 07:15,104.23
04/09/2024 07:30,94.02
04/09/2024 07:45,73.09
04/09/2024 08:00,143.31
04/09/2024 08:15,121.48
04/09/2024 08:30,109.97
04/09/2024 08:45,95.14
04/09/2024 09:00,144.33
04/09/2024 09:15,113.2
04/09/2024 09:30,95.38
04/09/2024 09:45,79.53
04/09/2024 10:00,104.29
04/09/2024 10:15,91.4
04/09/2024 10:30,96.4
04/09/2024 10:45,76.63
04/09/2024 11:00,92.67
04/09/2024 11:15,82.15
04/09/2024 11:30,81.11
04/09/2024 11:45,85.87
04/09/2024 12:00,96.52
04/09/2024 12:15,80.26
04/09/2024 12:30,89.42
04/09/2024 12:45,81.76
04/09/2024 13:00,68.77
04/09/2024 13:15,87.8
04/09/2024 13:30,80.34
04/09/2024 13:45,86.55
04/09/2024 14:00,56.72
04/09/2024 14:15,82.31
04/09/2024 14:30,87.94
04/09/2024 14:45,100.24
04/09/2024 15:00,78.54
04/09/2024 15:15,84.15
04/09/2024 15:30,87.51
04/09/2024 15:45,125.86
04/09/2024 16:00,64.29
04/09/2024 16:15,96.99
04/09/2024 16:30,115.38
04/09/2024 16:45,118.6
04/09/2024 17:00,84.83
04/09/2024 17:15,88.57
04/09/2024 17:30,108.84
04/09/2024 17:45,113.58
04/09/2024 18:00,109.45
04/09/2024 18:15,104.22
04/09/2024 18:30,97.75
04/09/2024 18:45,91.37
04/09/2024 19:00,104.27
04/09/2024 19:15,92.8
04/09/2024 19:30,102.9
04/09/2024 19:45,105.07
04/09/2024 20:00,105.78
04/09/2024 20:15,111.77
04/09/2024 20:30,99.12
04/09/2024 20:45,91.51
04/09/2024 21:00,104.6
04/09/2024 21:15,104.24
04/09/2024 21:30,106.5
04/09/2024 21:45,98.11
04/09/2024 22:00,114.31
04/09/2024 22:15,100.46
04/09/2024 22:30,89.03
04/09/2024 22:45,69.64
04/09/2024 23:00,112.31
04/09/2024 23:15,108.21
04/09/2024 23:30,109.57
04/09/2024 23:45,111.64
05/09/2024 00:00,108.85
05/09/2024 00:15,108.75
05/09/2024 00:30,97.86
05/09/2024 00:45,89.3
05/09/2024 01:00,83.82
05/09/2024 01:15,86.39
05/09/2024 01:30,77.67
05/09/2024 01:45,63.43
05/09/2024 02:00,84.42
05/09/2024 02:15,82.35
05/09/2024 02:30,81.97
05/09/2024 02:45,83.26
05/09/2024 03:00,95.81
05/09/2024 03:15,86.51
05/09/2024 03:30,81.72
05/09/2024 03:45,81.24
05/09/2024 04:00,75.36
05/09/2024 04:15,71.19
05/09/2024 04:30,78.49
05/09/2024 04:45,80
05/09/2024 05:00,89.05
05/09/2024 05:15,98.08
05/09/2024 05:30,96.61
05/09/2024 05:45,80.3
05/09/2024 06:00,100.56
05/09/2024 06:15,88.75
05/09/2024 06:30,80.84
05/09/2024 06:45,70.31
05/09/2024 07:00,106.92
05/09/2024 07:15,98.49
05/09/2024 07:30,92.23
05/09/2024 07:45,76.7
05/09/2024 08:00,156.32
05/09/2024 08:15,95.96
05/09/2024 08:30,71.74
05/09/2024 08:45,35.14
05/09/2024 09:00,64.08
05/09/2024 09:15,6.78
05/09/2024 09:30,-3.86
05/09/2024 09:45,-11.63
05/09/2024 10:00,42.89
05/09/2024 10:15,-8.6
05/09/2024 10:30,-16.84
05/09/2024 10:45,-26.62
05/09/2024 11:00,24.5
05/09/2024 11:15,-1.44
05/09/2024 11:30,-6.89
05/09/2024 11:45,-15.86
05/09/2024 12:00,7.52
05/09/2024 12:15,-0.89
05/09/2024 12:30,-4.95
05/09/2024 12:45,-10.96
05/09/2024 13:00,-8.4
05/09/2024 13:15,-14.81
05/09/2024 13:30,-9.57
05/09/2024 13:45,-9.63
05/09/2024 14:00,-33.09
05/09/2024 14:15,-24.59
05/09/2024 14:30,-5.74
05/09/2024 14:45,2.41
05/09/2024 15:00,-34.2
05/09/2024 15:15,-15.92
05/09/2024 15:30,-2.28
05/09/2024 15:45,79.91
05/09/2024 16:00,14.93
05/09/2024 16:15,109.65
05/09/2024 16:30,251.59
05/09/2024 16:45,1113.97
05/09/2024 17:00,98.14
05/09/2024 17:15,127.59
05/09/2024 17:30,291.19
05/09/2024 17:45,895.61
05/09/2024 18:00,423.91
05/09/2024 18:15,152.6
05/09/2024 18:30,124
05/09/2024 18:45,171.12
05/09/2024 19:00,177.44
05/09/2024 19:15,179.58
05/09/2024 19:30,102.4
05/09/2024 19:45,83.29
05/09/2024 20:00,101.43
05/09/2024 20:15,102.11
05/09/2024 20:30,99.31
05/09/2024 20:45,84.99
05/09/2024 21:00,108.13
05/09/2024 21:15,80.29
05/09/2024 21:30,58.29
05/09/2024 21:45,66.77
05/09/2024 22:00,106.97
05/09/2024 22:15,103.83
05/09/2024 22:30,108.27
05/09/2024 22:45,90.78
05/09/2024 23:00,87.57
05/09/2024 23:15,71.41
05/09/2024 23:30,65.76
05/09/2024 23:45,64.66
06/09/2024 00:00,92.38
06/09/2024 00:15,86.57
06/09/2024 00:30,93.03
06/09/2024 00:45,101.07
06/09/2024 01:00,92.19
06/09/2024 01:15,87.1
06/09/2024 01:30,68.42
06/09/2024 01:45,69.79
06/09/2024 02:00,72.68
06/09/2024 02:15,71.08
06/09/2024 02:30,55.89
06/09/2024 02:45,31.6
06/09/2024 03:00,63.67
06/09/2024 03:15,83
06/09/2024 03:30,75.07
06/09/2024 03:45,87.98
06/09/2024 04:00,57.24
06/09/2024 04:15,82.73
06/09/2024 04:30,78.86
06/09/2024 04:45,91.55
06/09/2024 05:00,70.49
06/09/2024 05:15,85.97
06/09/2024 05:30,91.78
06/09/2024 05:45,102.75
06/09/2024 06:00,87.25
06/09/2024 06:15,93.85
06/09/2024 06:30,101.28
06/09/2024 06:45,103.12
06/09/2024 07:00,138.14
06/09/2024 07:15,112.14
06/09/2024 07:30,114.25
06/09/2024 07:45,90.36
06/09/2024 08:00,112.16
06/09/2024 08:15,89.66
06/09/2024 08:30,83.44
06/09/2024 08:45,72.92
06/09/2024 09:00,95.52
06/09/2024 09:15,77.85
06/09/2024 09:30,84.45
06/09/2024 09:45,70.49
06/09/2024 10:00,93.76
06/09/2024 10:15,84.68
06/09/2024 10:30,94.25
06/09/2024 10:45,89.89
06/09/2024 11:00,115.32
06/09/2024 11:15,111.34
06/09/2024 11:30,103.17
06/09/2024 11:45,84.51
06/09/2024 12:00,111.8
06/09/2024 12:15,101.69
06/09/2024 12:30,99.34
06/09/2024 12:45,84.69
06/09/2024 13:00,87.35
06/09/2024 13:15,107.47
06/09/2024 13:30,94.01
06/09/2024 13:45,99.43
06/09/2024 14:00,75.83
06/09/2024 14:15,83.57
06/09/2024 14:30,78.5
06/09/2024 14:45,96.54
06/09/2024 15:00,102.57
06/09/2024 15:15,117.93
06/09/2024 15:30,119.03
06/09/2024 15:45,120.99
06/09/2024 16:00,47.02
06/09/2024 16:15,92.75
06/09/2024 16:30,100.99
06/09/2024 16:45,121.45
06/09/2024 17:00,85.8
06/09/2024 17:15,106.35
06/09/2024 17:30,114.36
06/09/2024 17:45,125.57
06/09/2024 18:00,118.3
06/09/2024 18:15,116.23
06/09/2024 18:30,116.82
06/09/2024 18:45,115.84
06/09/2024 19:00,216.57
06/09/2024 19:15,121.23
06/09/2024 19:30,106.13
06/09/2024 19:45,101.72
06/09/2024 20:00,96.39
06/09/2024 20:15,104.25
06/09/2024 20:30,85.98
06/09/2024 20:45,74.63
06/09/2024 21:00,91.81
06/09/2024 21:15,87.15
06/09/2024 21:30,95.58
06/09/2024 21:45,93.54
06/09/2024 22:00,87.55
06/09/2024 22:15,86.01
06/09/2024 22:30,96.81
06/09/2024 22:45,101.66
06/09/2024 23:00,109.17
06/09/2024 23:15,100.51
06/09/2024 23:30,94.49
06/09/2024 23:45,102.66
07/09/2024 00:00,118.05
07/09/2024 00:15,90.18
07/09/2024 00:30,90.09
07/09/2024 00:45,80.95
07/09/2024 01:00,89.48
07/09/2024 01:15,76.33
07/09/2024 01:30,78.01
07/09/2024 01:45,77.04
07/09/2024 02:00,93.82
07/09/2024 02:15,73.76
07/09/2024 02:30,72.39
07/09/2024 02:45,85.49
07/09/2024 03:00,89.87
07/09/2024 03:15,69.88
07/09/2024 03:30,73.36
07/09/2024 03:45,75.21
07/09/2024 04:00,63.75
07/09/2024 04:15,69.43
07/09/2024 04:30,84.78
07/09/2024 04:45,93.92
07/09/2024 05:00,74.91
07/09/2024 05:15,86.93
07/09/2024 05:30,99.4
07/09/2024 05:45,106.08
07/09/2024 06:00,113.79
07/09/2024 06:15,100
07/09/2024 06:30,89.73
07/09/2024 06:45,77.89
07/09/2024 07:00,94.91
07/09/2024 07:15,89.03
07/09/2024 07:30,91.05
07/09/2024 07:45,69.01
07/09/2024 08:00,93.19
07/09/2024 08:15,82.76
07/09/2024 08:30,75.33
07/09/2024 08:45,68.3
07/09/2024 09:00,106.86
07/09/2024 09:15,102.71
07/09/2024 09:30,80.42
07/09/2024 09:45,30.2
07/09/2024 10:00,86.54
07/09/2024 10:15,41.11
07/09/2024 10:30,59.27
07/09/2024 10:45,-7.46
07/09/2024 11:00,86.78
07/09/2024 11:15,-2.29
07/09/2024 11:30,22.69
07/09/2024 11:45,-8.44
07/09/2024 12:00,8.62
07/09/2024 12:15,-10.13
07/09/2024 12:30,-2.5
07/09/2024 12:45,-4.04
07/09/2024 13:00,-10.9
07/09/2024 13:15,-5.94
07/09/2024 13:30,-5.73
07/09/2024 13:45,35.58
07/09/2024 14:00,-36.74
07/09/2024 14:15,3.16
07/09/2024 14:30,18.25
07/09/2024 14:45,79.34
07/09/2024 15:00,14.33
07/09/2024 15:15,73.07
07/09/2024 15:30,74.72
07/09/2024 15:45,80.76
07/09/2024 16:00,74.02
07/09/2024 16:15,85.36
07/09/2024 16:30,105
07/09/2024 16:45,104.23
07/09/2024 17:00,69.91
07/09/2024 17:15,92.22
07/09/2024 17:30,97.27
07/09/2024 17:45,182.58
07/09/2024 18:00,91.69
07/09/2024 18:15,95.27
07/09/2024 18:30,130.14
07/09/2024 18:45,144.62
07/09/2024 19:00,529.61
07/09/2024 19:15,117.39
07/09/2024 19:30,107.22
07/09/2024 19:45,90.9
07/09/2024 20:00,139.45
07/09/2024 20:15,107.37
07/09/2024 20:30,90.3
07/09/2024 20:45,88.52
07/09/2024 21:00,97.53
07/09/2024 21:15,100.23
07/09/2024 21:30,94.82
07/09/2024 21:45,89.44
07/09/2024 22:00,105.31
07/09/2024 22:15,96.95
07/09/2024 22:30,83.85
07/09/2024 22:45,93.26
07/09/2024 23:00,129.75
07/09/2024 23:15,123.14
07/09/2024 23:30,101.23
07/09/2024 23:45,99.28
08/09/2024 00:00,117.68
08/09/2024 00:15,91.93
08/09/2024 00:30,82.44
08/09/2024 00:45,71.93
08/09/2024 01:00,97.64
08/09/2024 01:15,82.87
08/09/2024 01:30,75.53
08/09/2024 01:45,88.78
08/09/2024 02:00,102.04
08/09/2024 02:15,86.81
08/09/2024 02:30,91.58
08/09/2024 02:45,94.56
08/09/2024 03:00,107.41
08/09/2024 03:15,103.9
08/09/2024 03:30,97.06
08/09/2024 03:45,101.36
08/09/2024 04:00,98.63
08/09/2024 04:15,82.63
08/09/2024 04:30,75.69
08/09/2024 04:45,78.84
08/09/2024 05:00,75.62
08/09/2024 05:15,101.55
08/09/2024 05:30,110.32
08/09/2024 05:45,111.91
08/09/2024 06:00,119.58
08/09/2024 06:15,123.84
08/09/2024 06:30,111.89
08/09/2024 06:45,95.43
08/09/2024 07:00,96.47
08/09/2024 07:15,77.21
08/09/2024 07:30,69.82
08/09/2024 07:45,59.47
08/09/2024 08:00,71.07
08/09/2024 08:15,53.97
08/09/2024 08:30,25.51
08/09/2024 08:45,9.94
08/09/2024 09:00,81.01
08/09/2024 09:15,34.95
08/09/2024 09:30,5.34
08/09/2024 09:45,-13.98
08/09/2024 10:00,52.29
08/09/2024 10:15,-1.45
08/09/2024 10:30,-9.85
08/09/2024 10:45,-11.56
08/09/2024 11:00,37.53
08/09/2024 11:15,-5.06
08/09/2024 11:30,-2.11
08/09/2024 11:45,0.88
08/09/2024 12:00,4.06
08/09/2024 12:15,9.72
08/09/2024 12:30,-6.75
08/09/2024 12:45,3.41
08/09/2024 13:00,-24.42
08/09/2024 13:15,-8.64
08/09/2024 13:30,-2.63
08/09/2024 13:45,26.66
08/09/2024 14:00,-17.86
08/09/2024 14:15,20.28
08/09/2024 14:30,51.89
08/09/2024 14:45,78.37
08/09/2024 15:00,64.94
08/09/2024 15:15,75.55
08/09/2024 15:30,82.1
08/09/2024 15:45,82.29
08/09/2024 16:00,84.11
08/09/2024 16:15,108.27
08/09/2024 16:30,115.83
08/09/2024 16:45,131.07
08/09/2024 17:00,107.13
08/09/2024 17:15,108.49
08/09/2024 17:30,120.31
08/09/2024 17:45,121.22
08/09/2024 18:00,129.42
08/09/2024 18:15,104.74
08/09/2024 18:30,112.31
08/09/2024 18:45,113.56
08/09/2024 19:00,127.18
08/09/2024 19:15,127.03
08/09/2024 19:30,112.24
08/09/2024 19:45,103.38
08/09/2024 20:00,123.73
08/09/2024 20:15,106.7
08/09/2024 20:30,98.16
08/09/2024 20:45,87.94
08/09/2024 21:00,108.42
08/09/2024 21:15,92.21
08/09/2024 21:30,88.24
08/09/2024 21:45,80.4
08/09/2024 22:00,94.59
08/09/2024 22:15,81.02
08/09/2024 22:30,78.23
08/09/2024 22:45,77.03
08/09/2024 23:00,118.66
08/09/2024 23:15,114.56
08/09/2024 23:30,99.71
08/09/2024 23:45,89.61
09/09/2024 00:00,99.66
09/09/2024 00:15,88.83
09/09/2024 00:30,86.78
09/09/2024 00:45,85.92
09/09/2024 01:00,90.82
09/09/2024 01:15,89.13
09/09/2024 01:30,78.88
09/09/2024 01:45,74.02
09/09/2024 02:00,83.99
09/09/2024 02:15,89.39
09/09/2024 02:30,88.95
09/09/2024 02:45,95.44
09/09/2024 03:00,85.22
09/09/2024 03:15,96.92
09/09/2024 03:30,105.75
09/09/2024 03:45,108.05
09/09/2024 04:00,83.81
09/09/2024 04:15,78.99
09/09/2024 04:30,84.45
09/09/2024 04:45,106.13
09/09/2024 05:00,103.42
09/09/2024 05:15,112.63
09/09/2024 05:30,112.01
09/09/2024 05:45,120.77
09/09/2024 06:00,102.96
09/09/2024 06:15,105.17
09/09/2024 06:30,131.38
09/09/2024 06:45,164.52
09/09/2024 07:00,281.23
09/09/2024 07:15,144.31
09/09/2024 07:30,153.01
09/09/2024 07:45,132.29
09/09/2024 08:00,280.55
09/09/2024 08:15,134.42
09/09/2024 08:30,141.83
09/09/2024 08:45,139.38
09/09/2024 09:00,165.63
09/09/2024 09:15,140.99
09/09/2024 09:30,128.4
09/09/2024 09:45,119.85
09/09/2024 10:00,144.3
09/09/2024 10:15,132.22
09/09/2024 10:30,123.02
09/09/2024 10:45,91.47
09/09/2024 11:00,98.85
09/09/2024 11:15,77.44
09/09/2024 11:30,80.21
09/09/2024 11:45,82.73
09/09/2024 12:00,99.77
09/09/2024 12:15,82.83
09/09/2024 12:30,84.6
09/09/2024 12:45,74.44
09/09/2024 13:00,81.94
09/09/2024 13:15,78.22
09/09/2024 13:30,71.45
09/09/2024 13:45,88.38
09/09/2024 14:00,82.27
09/09/2024 14:15,84.3
09/09/2024 14:30,81.76
09/09/2024 14:45,82.35
09/09/2024 15:00,78.16
09/09/2024 15:15,79.01
09/09/2024 15:30,85.13
09/09/2024 15:45,121.54
09/09/2024 16:00,82.97
09/09/2024 16:15,94.09
09/09/2024 16:30,94.31
09/09/2024 16:45,113.43
09/09/2024 17:00,86.45
09/09/2024 17:15,108.28
09/09/2024 17:30,115.45
09/09/2024 17:45,115.52
09/09/2024 18:00,117.66
09/09/2024 18:15,110.01
09/09/2024 18:30,105.61
09/09/2024 18:45,95.56
09/09/2024 19:00,98.56
09/09/2024 19:15,95.1
09/09/2024 19:30,95.09
09/09/2024 19:45,89.79
09/09/2024 20:00,105.07
09/09/2024 20:15,112.88
09/09/2024 20:30,95.99
09/09/2024 20:45,81.33
09/09/2024 21:00,85.1
09/09/2024 21:15,84.47
09/09/2024 21:30,94.67
09/09/2024 21:45,77.04
09/09/2024 22:00,85.79
09/09/2024 22:15,89.47
09/09/2024 22:30,90.87
09/09/2024 22:45,79.09
09/09/2024 23:00,86.03
09/09/2024 23:15,69.51
09/09/2024 23:30,61.11
09/09/2024 23:45,53.63
10/09/2024 00:00,61.56
10/09/2024 00:15,48.91
10/09/2024 00:30,37.05
10/09/2024 00:45,37.13
10/09/2024 01:00,65.22
10/09/2024 01:15,69.58
10/09/2024 01:30,50.5
10/09/2024 01:45,32.13
10/09/2024 02:00,44.55
10/09/2024 02:15,46.42
10/09/2024 02:30,35.57
10/09/2024 02:45,13.42
10/09/2024 03:00,23.25
10/09/2024 03:15,33.21
10/09/2024 03:30,60.49
10/09/2024 03:45,66.75
10/09/2024 04:00,60.99
10/09/2024 04:15,57.86
10/09/2024 04:30,69.25
10/09/2024 04:45,69.89
10/09/2024 05:00,62.73
10/09/2024 05:15,77.59
10/09/2024 05:30,98.91
10/09/2024 05:45,130.67
10/09/2024 06:00,97.11
10/09/2024 06:15,122.83
10/09/2024 06:30,106.62
10/09/2024 06:45,70.54
10/09/2024 07:00,109.33
10/09/2024 07:15,81.77
10/09/2024 07:30,92.53
10/09/2024 07:45,77.45
10/09/2024 08:00,94.15
10/09/2024 08:15,77.39
10/09/2024 08:30,71.32
10/09/2024 08:45,83.67
10/09/2024 09:00,93.78
10/09/2024 09:15,78.84
10/09/2024 09:30,61.31
10/09/2024 09:45,6.33
10/09/2024 10:00,56.3
10/09/2024 10:15,45.95
10/09/2024 10:30,16.86
10/09/2024 10:45,-5.01
10/09/2024 11:00,30.65
10/09/2024 11:15,-5.45
10/09/2024 11:30,-7.57
10/09/2024 11:45,-8.49
10/09/2024 12:00,0.73
10/09/2024 12:15,-6.98
10/09/2024 12:30,-8.89
10/09/2024 12:45,-9.21
10/09/2024 13:00,1.42
10/09/2024 13:15,1.34
10/09/2024 13:30,-2.83
10/09/2024 13:45,-4.1
10/09/2024 14:00,-2.83
10/09/2024 14:15,1.31
10/09/2024 14:30,-0.22
10/09/2024 14:45,1.23
10/09/2024 15:00,-6.51
10/09/2024 15:15,-0.96
10/09/2024 15:30,-0.24
10/09/2024 15:45,11.46
10/09/2024 16:00,-7.06
10/09/2024 16:15,19.64
10/09/2024 16:30,30.49
10/09/2024 16:45,57.38
10/09/2024 17:00,-0.04
10/09/2024 17:15,40.76
10/09/2024 17:30,66.26
10/09/2024 17:45,72.89
10/09/2024 18:00,48.69
10/09/2024 18:15,67.94
10/09/2024 18:30,62.77
10/09/2024 18:45,55.46
10/09/2024 19:00,59.33
10/09/2024 19:15,63.54
10/09/2024 19:30,67.33
10/09/2024 19:45,65.77
10/09/2024 20:00,64.38
10/09/2024 20:15,59.64
10/09/2024 20:30,55.2
10/09/2024 20:45,37.19
10/09/2024 21:00,50.57
10/09/2024 21:15,27.99
10/09/2024 21:30,48.25
10/09/2024 21:45,25.93
10/09/2024 22:00,25.07
10/09/2024 22:15,29.8
10/09/2024 22:30,38.49
10/09/2024 22:45,27.79
10/09/2024 23:00,26.8
10/09/2024 23:15,18.5
10/09/2024 23:30,22.82
10/09/2024 23:45,22.73
11/09/2024 00:00,12.7
11/09/2024 00:15,18.48
11/09/2024 00:30,17.87
11/09/2024 00:45,3.54
11/09/2024 01:00,4.97
11/09/2024 01:15,3.5
11/09/2024 01:30,2.89
11/09/2024 01:45,2.28
11/09/2024 02:00,11.6
11/09/2024 02:15,9.23
11/09/2024 02:30,8.59
11/09/2024 02:45,2.03
11/09/2024 03:00,-4.26
11/09/2024 03:15,-3.48
11/09/2024 03:30,-2.77
11/09/2024 03:45,1.57
11/09/2024 04:00,-1.66
11/09/2024 04:15,3.9
11/09/2024 04:30,45.91
11/09/2024 04:45,66.83
11/09/2024 05:00,65.79
11/09/2024 05:15,82.23
11/09/2024 05:30,83.15
11/09/2024 05:45,75.89
11/09/2024 06:00,72.37
11/09/2024 06:15,68.45
11/09/2024 06:30,70.99
11/09/2024 06:45,72.01
11/09/2024 07:00,92.25
11/09/2024 07:15,89.41
11/09/2024 07:30,85.83
11/09/2024 07:45,89.26
11/09/2024 08:00,88.14
11/09/2024 08:15,80.93
11/09/2024 08:30,64.96
11/09/2024 08:45,50.25
11/09/2024 09:00,48.95
11/09/2024 09:15,59.06
11/09/2024 09:30,58.62
11/09/2024 09:45,66.3
11/09/2024 10:00,70.03
11/09/2024 10:15,75
11/09/2024 10:30,88.06
11/09/2024 10:45,87.47
11/09/2024 11:00,79.18
11/09/2024 11:15,61.14
11/09/2024 11:30,51.7
11/09/2024 11:45,32.79
11/09/2024 12:00,67.93
11/09/2024 12:15,72.62
11/09/2024 12:30,73.74
11/09/2024 12:45,73.51
11/09/2024 13:00,76.48
11/09/2024 13:15,87.98
11/09/2024 13:30,85.97
11/09/2024 13:45,77.64
11/09/2024 14:00,74.35
11/09/2024 14:15,80.23
11/09/2024 14:30,74.61
11/09/2024 14:45,82.04
11/09/2024 15:00,42.5
11/09/2024 15:15,57.75
11/09/2024 15:30,97.32
11/09/2024 15:45,107.28
11/09/2024 16:00,44.31
11/09/2024 16:15,96.15
11/09/2024 16:30,130.43
11/09/2024 16:45,133.26
11/09/2024 17:00,86.86
11/09/2024 17:15,93.59
11/09/2024 17:30,106.84
11/09/2024 17:45,102.73
11/09/2024 18:00,85.98
11/09/2024 18:15,87.4
11/09/2024 18:30,92.5
11/09/2024 18:45,101.98
11/09/2024 19:00,114.25
11/09/2024 19:15,107.31
11/09/2024 19:30,95
11/09/2024 19:45,95.4
11/09/2024 20:00,119.96
11/09/2024 20:15,109.68
11/09/2024 20:30,91.14
11/09/2024 20:45,78.1
11/09/2024 21:00,115.46
11/09/2024 21:15,83.59
11/09/2024 21:30,82.04
11/09/2024 21:45,74.32
11/09/2024 22:00,78.72
11/09/2024 22:15,77.18
11/09/2024 22:30,74.78
11/09/2024 22:45,67.55
11/09/2024 23:00,85.21
11/09/2024 23:15,88.34
11/09/2024 23:30,80.86
11/09/2024 23:45,71.59
12/09/2024 00:00,77.9
12/09/2024 00:15,72.95
12/09/2024 00:30,68.16
12/09/2024 00:45,68.11
12/09/2024 01:00,76.38
12/09/2024 01:15,79.84
12/09/2024 01:30,76.16
12/09/2024 01:45,75.98
12/09/2024 02:00,75.63
12/09/2024 02:15,77.06
12/09/2024 02:30,72.78
12/09/2024 02:45,66.82
12/09/2024 03:00,73.94
12/09/2024 03:15,79.62
12/09/2024 03:30,79.76
12/09/2024 03:45,85.01
12/09/2024 04:00,75.63
12/09/2024 04:15,73.98
12/09/2024 04:30,81.35
12/09/2024 04:45,91.22
12/09/2024 05:00,81.58
12/09/2024 05:15,90.46
12/09/2024 05:30,116.03
12/09/2024 05:45,121.31
12/09/2024 06:00,104.46
12/09/2024 06:15,115.98
12/09/2024 06:30,116.19
12/09/2024 06:45,101.18
12/09/2024 07:00,156.9
12/09/2024 07:15,127.04
12/09/2024 07:30,180.99
12/09/2024 07:45,183.49
12/09/2024 08:00,169.26
12/09/2024 08:15,134.35
12/09/2024 08:30,123.02
12/09/2024 08:45,96.65
12/09/2024 09:00,115.87
12/09/2024 09:15,101.56
12/09/2024 09:30,88.79
12/09/2024 09:45,85.4
12/09/2024 10:00,96.46
12/09/2024 10:15,83.9
12/09/2024 10:30,82.78
12/09/2024 10:45,72.32
12/09/2024 11:00,92.63
12/09/2024 11:15,81.06
12/09/2024 11:30,76.58
12/09/2024 11:45,69.57
12/09/2024 12:00,77.08
12/09/2024 12:15,81.31
12/09/2024 12:30,90.54
12/09/2024 12:45,88.67
12/09/2024 13:00,81.63
12/09/2024 13:15,80
12/09/2024 13:30,79.18
12/09/2024 13:45,85.82
12/09/2024 14:00,80.82
12/09/2024 14:15,75.88
12/09/2024 14:30,87.95
12/09/2024 14:45,90.81
12/09/2024 15:00,62.89
12/09/2024 15:15,69.57
12/09/2024 15:30,84.98
12/09/2024 15:45,111.87
12/09/2024 16:00,53.56
12/09/2024 16:15,76.56
12/09/2024 16:30,81.31
12/09/2024 16:45,100.53
12/09/2024 17:00,74.65
12/09/2024 17:15,92.28
12/09/2024 17:30,105.24
12/09/2024 17:45,119.86
12/09/2024 18:00,93.79
12/09/2024 18:15,102.79
12/09/2024 18:30,106.5
12/09/2024 18:45,111.39
12/09/2024 19:00,139.87
12/09/2024 19:15,110.44
12/09/2024 19:30,117.79
12/09/2024 19:45,103.98
12/09/2024 20:00,107.71
12/09/2024 20:15,98.09
12/09/2024 20:30,98.35
12/09/2024 20:45,97.42
12/09/2024 21:00,115.54
12/09/2024 21:15,98.04
12/09/2024 21:30,95.06
12/09/2024 21:45,73
12/09/2024 22:00,98.97
12/09/2024 22:15,92.29
12/09/2024 22:30,88.35
12/09/2024 22:45,76.62
12/09/2024 23:00,103.46
12/09/2024 23:15,91.52
12/09/2024 23:30,76.21
12/09/2024 23:45,72.28
13/09/2024 00:00,87.43
13/09/2024 00:15,76.04
13/09/2024 00:30,74.13
13/09/2024 00:45,73.43
13/09/2024 01:00,77.71
13/09/2024 01:15,75.16
13/09/2024 01:30,73.44
13/09/2024 01:45,60.64
13/09/2024 02:00,79.34
13/09/2024 02:15,78.4
13/09/2024 02:30,74.48
13/09/2024 02:45,67.55
13/09/2024 03:00,73.17
13/09/2024 03:15,69.13
13/09/2024 03:30,71.09
13/09/2024 03:45,77.43
13/09/2024 04:00,67.31
13/09/2024 04:15,73.82
13/09/2024 04:30,81.39
13/09/2024 04:45,91.77
13/09/2024 05:00,71.02
13/09/2024 05:15,86.45
13/09/2024 05:30,96.15
13/09/2024 05:45,93.94
13/09/2024 06:00,86.64
13/09/2024 06:15,104
13/09/2024 06:30,108.04
13/09/2024 06:45,103.35
13/09/2024 07:00,162.37
13/09/2024 07:15,110.58
13/09/2024 07:30,104.78
13/09/2024 07:45,98.51
13/09/2024 08:00,123.47
13/09/2024 08:15,96.48
13/09/2024 08:30,82
13/09/2024 08:45,68.6
13/09/2024 09:00,96.76
13/09/2024 09:15,84.24
13/09/2024 09:30,84.96
13/09/2024 09:45,95.89
13/09/2024 10:00,94.25
13/09/2024 10:15,82.03
13/09/2024 10:30,75.05
13/09/2024 10:45,66.42
13/09/2024 11:00,77.6
13/09/2024 11:15,73.7
13/09/2024 11:30,73.3
13/09/2024 11:45,67.6
13/09/2024 12:00,89.15
13/09/2024 12:15,67.58
13/09/2024 12:30,69.07
13/09/2024 12:45,74.52
13/09/2024 13:00,74.25
13/09/2024 13:15,62.15
13/09/2024 13:30,49.88
13/09/2024 13:45,40.48
13/09/2024 14:00,56.36
13/09/2024 14:15,51.47
13/09/2024 14:30,51.84
13/09/2024 14:45,52.16
13/09/2024 15:00,22.9
13/09/2024 15:15,44
13/09/2024 15:30,47.75
13/09/2024 15:45,60.41
13/09/2024 16:00,31.77
13/09/2024 16:15,50.72
13/09/2024 16:30,74.44
13/09/2024 16:45,79.24
13/09/2024 17:00,47.86
13/09/2024 17:15,73.47
13/09/2024 17:30,82.33
13/09/2024 17:45,83.07
13/09/2024 18:00,89.28
13/09/2024 18:15,97.09
13/09/2024 18:30,100.82
13/09/2024 18:45,106.51
13/09/2024 19:00,87.35
13/09/2024 19:15,83.46
13/09/2024 19:30,84.88
13/09/2024 19:45,73.29
13/09/2024 20:00,95.5
13/09/2024 20:15,81.89
13/09/2024 20:30,74.67
13/09/2024 20:45,45.3
13/09/2024 21:00,78.5
13/09/2024 21:15,69.11
13/09/2024 21:30,59.65
13/09/2024 21:45,64.25
13/09/2024 22:00,80.97
13/09/2024 22:15,72.93
13/09/2024 22:30,48.64
13/09/2024 22:45,36.31
13/09/2024 23:00,73.97
13/09/2024 23:15,56.91
13/09/2024 23:30,45.98
13/09/2024 23:45,49.15
14/09/2024 00:00,61.47
14/09/2024 00:15,50.22
14/09/2024 00:30,40.91
14/09/2024 00:45,37.07
14/09/2024 01:00,62.95
14/09/2024 01:15,54.4
14/09/2024 01:30,51.8
14/09/2024 01:45,51.57
14/09/2024 02:00,68.56
14/09/2024 02:15,65.29
14/09/2024 02:30,59.46
14/09/2024 02:45,61.7
14/09/2024 03:00,51.12
14/09/2024 03:15,51.85
14/09/2024 03:30,61.05
14/09/2024 03:45,67.56
14/09/2024 04:00,39.67
14/09/2024 04:15,39.93
14/09/2024 04:30,52.9
14/09/2024 04:45,64.81
14/09/2024 05:00,41.08
14/09/2024 05:15,43.55
14/09/2024 05:30,61.59
14/09/2024 05:45,69.44
14/09/2024 06:00,49.15
14/09/2024 06:15,76.11
14/09/2024 06:30,86.2
14/09/2024 06:45,83.68
14/09/2024 07:00,87.83
14/09/2024 07:15,79.48
14/09/2024 07:30,72.4
14/09/2024 07:45,61.44
14/09/2024 08:00,59.86
14/09/2024 08:15,55.47
14/09/2024 08:30,55.43
14/09/2024 08:45,19.28
14/09/2024 09:00,90.99
14/09/2024 09:15,47.57
14/09/2024 09:30,-3.08
14/09/2024 09:45,-5.08
14/09/2024 10:00,50.52
14/09/2024 10:15,-3.72
14/09/2024 10:30,-11.52
14/09/2024 10:45,-26.12
14/09/2024 11:00,-5.29
14/09/2024 11:15,-17.94
14/09/2024 11:30,-16.99
14/09/2024 11:45,-17.02
14/09/2024 12:00,2.93
14/09/2024 12:15,-5.62
14/09/2024 12:30,-15.01
14/09/2024 12:45,-15.8
14/09/2024 13:00,-24.43
14/09/2024 13:15,-12.97
14/09/2024 13:30,-10.08
14/09/2024 13:45,-14.19
14/09/2024 14:00,-33.18
14/09/2024 14:15,-22.64
14/09/2024 14:30,-19.61
14/09/2024 14:45,-13.16
14/09/2024 15:00,-44.94
14/09/2024 15:15,-16.65
14/09/2024 15:30,-8.93
14/09/2024 15:45,9.5
14/09/2024 16:00,-20.92
14/09/2024 16:15,20.84
14/09/2024 16:30,71.87
14/09/2024 16:45,81.27
14/09/2024 17:00,34.38
14/09/2024 17:15,43.61
14/09/2024 17:30,72.57
14/09/2024 17:45,75.95
14/09/2024 18:00,64.46
14/09/2024 18:15,77.61
14/09/2024 18:30,103.13
14/09/2024 18:45,139.06
14/09/2024 19:00,148.72
14/09/2024 19:15,104.88
14/09/2024 19:30,115.53
14/09/2024 19:45,85.73
14/09/2024 20:00,97.02
14/09/2024 20:15,85.18
14/09/2024 20:30,73.25
14/09/2024 20:45,67.1
14/09/2024 21:00,81.57
14/09/2024 21:15,78.53
14/09/2024 21:30,74.09
14/09/2024 21:45,71.9
14/09/2024 22:00,76.38
14/09/2024 22:15,70.3
14/09/2024 22:30,64.81
14/09/2024 22:45,55.65
14/09/2024 23:00,86.41
14/09/2024 23:15,63.45
14/09/2024 23:30,60.71
14/09/2024 23:45,59.09
15/09/2024 00:00,84.09
15/09/2024 00:15,69.27
15/09/2024 00:30,63.12
15/09/2024 00:45,53.64
15/09/2024 01:00,67.21
15/09/2024 01:15,62.22
15/09/2024 01:30,72.09
15/09/2024 01:45,79.96
15/09/2024 02:00,78.71
15/09/2024 02:15,78.54
15/09/2024 02:30,85.08
15/09/2024 02:45,85.45
15/09/2024 03:00,76.78
15/09/2024 03:15,75.94
15/09/2024 03:30,76.28
15/09/2024 03:45,77.83
15/09/2024 04:00,69.14
15/09/2024 04:15,72.27
15/09/2024 04:30,86.83
15/09/2024 04:45,88.44
15/09/2024 05:00,73.29
15/09/2024 05:15,79.65
15/09/2024 05:30,84.95
15/09/2024 05:45,88.7
15/09/2024 06:00,86.67
15/09/2024 06:15,86.68
15/09/2024 06:30,79.83
15/09/2024 06:45,80.75
15/09/2024 07:00,104.84
15/09/2024 07:15,88.34
15/09/2024 07:30,85.67
15/09/2024 07:45,74.96
15/09/2024 08:00,92.61
15/09/2024 08:15,67.94
15/09/2024 08:30,20.96
15/09/2024 08:45,6.12
15/09/2024 09:00,91.91
15/09/2024 09:15,15.02
15/09/2024 09:30,1.05
15/09/2024 09:45,-14.13
15/09/2024 10:00,34.74
15/09/2024 10:15,-4.91
15/09/2024 10:30,-7.53
15/09/2024 10:45,-24.1
15/09/2024 11:00,-10.36
15/09/2024 11:15,-26.03
15/09/2024 11:30,-12.75
15/09/2024 11:45,-26.99
15/09/2024 12:00,-5.42
15/09/2024 12:15,-5.82
15/09/2024 12:30,-13.96
15/09/2024 12:45,-3.56
15/09/2024 13:00,-18.9
15/09/2024 13:15,-5.06
15/09/2024 13:30,7.22
15/09/2024 13:45,38.89
15/09/2024 14:00,-45.02
15/09/2024 14:15,-33.74
15/09/2024 14:30,-17.89
15/09/2024 14:45,13.27
15/09/2024 15:00,-30.95
15/09/2024 15:15,-3.9
15/09/2024 15:30,54.06
15/09/2024 15:45,69.82
15/09/2024 16:00,33.24
15/09/2024 16:15,58.13
15/09/2024 16:30,72.76
15/09/2024 16:45,116.27
15/09/2024 17:00,78.04
15/09/2024 17:15,104.64
15/09/2024 17:30,116.77
15/09/2024 17:45,134.89
15/09/2024 18:00,128.07
15/09/2024 18:15,156.35
15/09/2024 18:30,290.02
15/09/2024 18:45,222.43
15/09/2024 19:00,167.23
15/09/2024 19:15,124.91
15/09/2024 19:30,105.32
15/09/2024 19:45,104.11
15/09/2024 20:00,144.73
15/09/2024 20:15,122.92
15/09/2024 20:30,110.43
15/09/2024 20:45,102.29
15/09/2024 21:00,106.6
15/09/2024 21:15,95.73
15/09/2024 21:30,76.6
15/09/2024 21:45,73.57
15/09/2024 22:00,105.69
15/09/2024 22:15,77.12
15/09/2024 22:30,96.62
15/09/2024 22:45,89.84
15/09/2024 23:00,121.83
15/09/2024 23:15,94.93
15/09/2024 23:30,99.96
15/09/2024 23:45,86.65
16/09/2024 00:00,112.83
16/09/2024 00:15,108.76
16/09/2024 00:30,99.75
16/09/2024 00:45,94.84
16/09/2024 01:00,101.22
16/09/2024 01:15,102.35
16/09/2024 01:30,92.85
16/09/2024 01:45,94.33
16/09/2024 02:00,99.69
16/09/2024 02:15,107.23
16/09/2024 02:30,97.02
16/09/2024 02:45,89.63
16/09/2024 03:00,83.7
16/09/2024 03:15,76.19
16/09/2024 03:30,76.32
16/09/2024 03:45,107.01
16/09/2024 04:00,83.42
16/09/2024 04:15,99.87
16/09/2024 04:30,111.47
16/09/2024 04:45,108.1
16/09/2024 05:00,103.1
16/09/2024 05:15,133.84
16/09/2024 05:30,138.49
16/09/2024 05:45,138.5
16/09/2024 06:00,147.17
16/09/2024 06:15,179.73
16/09/2024 06:30,236.52
16/09/2024 06:45,272.73
16/09/2024 07:00,393.34
16/09/2024 07:15,215.12
16/09/2024 07:30,176.91
16/09/2024 07:45,123.53
16/09/2024 08:00,296.9
16/09/2024 08:15,165.92
16/09/2024 08:30,111.55
16/09/2024 08:45,125.13
16/09/2024 09:00,158.36
16/09/2024 09:15,130.52
16/09/2024 09:30,134.43
16/09/2024 09:45,118.75
16/09/2024 10:00,125.3
16/09/2024 10:15,119.95
16/09/2024 10:30,107.02
16/09/2024 10:45,99.77
16/09/2024 11:00,100.66
16/09/2024 11:15,92.48
16/09/2024 11:30,99.47
16/09/2024 11:45,96.26
16/09/2024 12:00,120.38
16/09/2024 12:15,100.39
16/09/2024 12:30,96.83
16/09/2024 12:45,99.67
16/09/2024 13:00,118.63
16/09/2024 13:15,112.97
16/09/2024 13:30,111.35
16/09/2024 13:45,115.81
16/09/2024 14:00,106.56
16/09/2024 14:15,103.41
16/09/2024 14:30,90.92
16/09/2024 14:45,100.21
16/09/2024 15:00,103.3
16/09/2024 15:15,103.27
16/09/2024 15:30,104.01
16/09/2024 15:45,129.4
16/09/2024 16:00,110.09
16/09/2024 16:15,136.13
16/09/2024 16:30,185.87
16/09/2024 16:45,189.24
16/09/2024 17:00,165.93
16/09/2024 17:15,201.09
16/09/2024 17:30,219.98
16/09/2024 17:45,224.68
16/09/2024 18:00,186.72
16/09/2024 18:15,179.18
16/09/2024 18:30,164.22
16/09/2024 18:45,134.7
16/09/2024 19:00,142.26
16/09/2024 19:15,111.5
16/09/2024 19:30,104.52
16/09/2024 19:45,89.82
16/09/2024 20:00,139.72
16/09/2024 20:15,111.89
16/09/2024 20:30,94.93
16/09/2024 20:45,92.84
16/09/2024 21:00,176.68
16/09/2024 21:15,148.03
16/09/2024 21:30,103.56
16/09/2024 21:45,85.93
16/09/2024 22:00,109.42
16/09/2024 22:15,104.55
16/09/2024 22:30,90.22
16/09/2024 22:45,78.76
16/09/2024 23:00,110.98
16/09/2024 23:15,107.86
16/09/2024 23:30,91.33
16/09/2024 23:45,96.34
17/09/2024 00:00,98.45
17/09/2024 00:15,86.17
17/09/2024 00:30,86.22
17/09/2024 00:45,91.17
17/09/2024 01:00,81.26
17/09/2024 01:15,81.15
17/09/2024 01:30,86.32
17/09/2024 01:45,84.5
17/09/2024 02:00,86.2
17/09/2024 02:15,84.42
17/09/2024 02:30,92.02
17/09/2024 02:45,90.16
17/09/2024 03:00,85.92
17/09/2024 03:15,83.68
17/09/2024 03:30,106.63
17/09/2024 03:45,114.06
17/09/2024 04:00,112.57
17/09/2024 04:15,112.24
17/09/2024 04:30,115.93
17/09/2024 04:45,107.92
17/09/2024 05:00,72.52
17/09/2024 05:15,88.42
17/09/2024 05:30,115.38
17/09/2024 05:45,122.83
17/09/2024 06:00,109.83
17/09/2024 06:15,125.73
17/09/2024 06:30,151.03
17/09/2024 06:45,143.74
17/09/2024 07:00,146.82
17/09/2024 07:15,102.55
17/09/2024 07:30,97.92
17/09/2024 07:45,101.6
17/09/2024 08:00,130.63
17/09/2024 08:15,108.81
17/09/2024 08:30,101.56
17/09/2024 08:45,88.47
17/09/2024 09:00,104.43
17/09/2024 09:15,89.67
17/09/2024 09:30,86.84
17/09/2024 09:45,96.96
17/09/2024 10:00,122.29
17/09/2024 10:15,102.57
17/09/2024 10:30,98.95
17/09/2024 10:45,137.59
17/09/2024 11:00,144.74
17/09/2024 11:15,89.51
17/09/2024 11:30,72.61
17/09/2024 11:45,79.84
17/09/2024 12:00,129.44
17/09/2024 12:15,77.64
17/09/2024 12:30,33.59
17/09/2024 12:45,42.48
17/09/2024 13:00,52.46
17/09/2024 13:15,32.34
17/09/2024 13:30,28.2
17/09/2024 13:45,38.25
17/09/2024 14:00,11.27
17/09/2024 14:15,51.06
17/09/2024 14:30,68.95
17/09/2024 14:45,74.05
17/09/2024 15:00,5.29
17/09/2024 15:15,53.75
17/09/2024 15:30,76.87
17/09/2024 15:45,89.64
17/09/2024 16:00,64.54
17/09/2024 16:15,71.46
17/09/2024 16:30,124.44
17/09/2024 16:45,136.37
17/09/2024 17:00,73.05
17/09/2024 17:15,84.97
17/09/2024 17:30,99.91
17/09/2024 17:45,169.42
17/09/2024 18:00,130.5
17/09/2024 18:15,140.86
17/09/2024 18:30,195.05
17/09/2024 18:45,119.03
17/09/2024 19:00,141.29
17/09/2024 19:15,92.55
17/09/2024 19:30,83.15
17/09/2024 19:45,80.81
17/09/2024 20:00,126.11
17/09/2024 20:15,108.65
17/09/2024 20:30,80.24
17/09/2024 20:45,66.68
17/09/2024 21:00,127.67
17/09/2024 21:15,119.68
17/09/2024 21:30,105.21
17/09/2024 21:45,88.04
17/09/2024 22:00,115.96
17/09/2024 22:15,97.03
17/09/2024 22:30,100.83
17/09/2024 22:45,110.94
17/09/2024 23:00,135.2
17/09/2024 23:15,97.86
17/09/2024 23:30,83.91
17/09/2024 23:45,86.91
18/09/2024 00:00,103.54
18/09/2024 00:15,102.1
18/09/2024 00:30,87.19
18/09/2024 00:45,76.57
18/09/2024 01:00,84.22
18/09/2024 01:15,77.75
18/09/2024 01:30,76.48
18/09/2024 01:45,79.66
18/09/2024 02:00,81.64
18/09/2024 02:15,86.11
18/09/2024 02:30,85.88
18/09/2024 02:45,80.85
18/09/2024 03:00,74.26
18/09/2024 03:15,77.46
18/09/2024 03:30,97.98
18/09/2024 03:45,113.67
18/09/2024 04:00,89.47
18/09/2024 04:15,96.61
18/09/2024 04:30,115.27
18/09/2024 04:45,128.03
18/09/2024 05:00,78.94
18/09/2024 05:15,100.79
18/09/2024 05:30,110.22
18/09/2024 05:45,116.73
18/09/2024 06:00,116.38
18/09/2024 06:15,141.93
18/09/2024 06:30,126.61
18/09/2024 06:45,119.77
18/09/2024 07:00,257.28
18/09/2024 07:15,153.03
18/09/2024 07:30,136.54
18/09/2024 07:45,106.25
18/09/2024 08:00,155.57
18/09/2024 08:15,135.46
18/09/2024 08:30,135.77
18/09/2024 08:45,121.91
18/09/2024 09:00,138.17
18/09/2024 09:15,104.81
18/09/2024 09:30,91.74
18/09/2024 09:45,70.16
18/09/2024 10:00,84.2
18/09/2024 10:15,99.46
18/09/2024 10:30,83.9
18/09/2024 10:45,50.07
18/09/2024 11:00,88.74
18/09/2024 11:15,71.16
18/09/2024 11:30,2.63
18/09/2024 11:45,-19.97
18/09/2024 12:00,37.35
18/09/2024 12:15,-15.04
18/09/2024 12:30,-23.83
18/09/2024 12:45,-35.06
18/09/2024 13:00,-17.36
18/09/2024 13:15,-15.67
18/09/2024 13:30,-0.57
18/09/2024 13:45,25.3
18/09/2024 14:00,-22.39
18/09/2024 14:15,-7.84
18/09/2024 14:30,48.77
18/09/2024 14:45,93.93
18/09/2024 15:00,-3.92
18/09/2024 15:15,61.66
18/09/2024 15:30,90.9
18/09/2024 15:45,98.44
18/09/2024 16:00,16.61
18/09/2024 16:15,56.32
18/09/2024 16:30,94.36
18/09/2024 16:45,120.91
18/09/2024 17:00,93.02
18/09/2024 17:15,97.52
18/09/2024 17:30,106.74
18/09/2024 17:45,286.74
18/09/2024 18:00,186.65
18/09/2024 18:15,258.21
18/09/2024 18:30,244.68
18/09/2024 18:45,127.86
18/09/2024 19:00,138.56
18/09/2024 19:15,97.2
18/09/2024 19:30,88.1
18/09/2024 19:45,77.84
18/09/2024 20:00,114.25
18/09/2024 20:15,107.45
18/09/2024 20:30,66.71
18/09/2024 20:45,39.75
18/09/2024 21:00,82.35
18/09/2024 21:15,54.84
18/09/2024 21:30,77.71
18/09/2024 21:45,70.76
18/09/2024 22:00,93.96
18/09/2024 22:15,81.44
18/09/2024 22:30,62.59
18/09/2024 22:45,63.12
18/09/2024 23:00,99.63
18/09/2024 23:15,99.16
18/09/2024 23:30,85.33
18/09/2024 23:45,77.39
19/09/2024 00:00,74.93
19/09/2024 00:15,72.21
19/09/2024 00:30,76.08
19/09/2024 00:45,77.73
19/09/2024 01:00,75.92
19/09/2024 01:15,84.11
19/09/2024 01:30,90.53
19/09/2024 01:45,82.49
19/09/2024 02:00,75.91
19/09/2024 02:15,76.61
19/09/2024 02:30,95.15
19/09/2024 02:45,95.23
19/09/2024 03:00,76.87
19/09/2024 03:15,79.13
19/09/2024 03:30,102.84
19/09/2024 03:45,90.76
19/09/2024 04:00,74.27
19/09/2024 04:15,84.61
19/09/2024 04:30,98.13
19/09/2024 04:45,114.71
19/09/2024 05:00,114.28
19/09/2024 05:15,120.16
19/09/2024 05:30,161.96
19/09/2024 05:45,214.24
19/09/2024 06:00,131.14
19/09/2024 06:15,147.54
19/09/2024 06:30,139.44
19/09/2024 06:45,117.72
19/09/2024 07:00,272.03
19/09/2024 07:15,133.53
19/09/2024 07:30,111.64
19/09/2024 07:45,95.54
19/09/2024 08:00,116.38
19/09/2024 08:15,102.49
19/09/2024 08:30,103.17
19/09/2024 08:45,94.03
19/09/2024 09:00,131.79
19/09/2024 09:15,84.32
19/09/2024 09:30,70.12
19/09/2024 09:45,74.75
19/09/2024 10:00,92.49
19/09/2024 10:15,80.13
19/09/2024 10:30,64.66
19/09/2024 10:45,6.81
19/09/2024 11:00,64.17
19/09/2024 11:15,-2.28
19/09/2024 11:30,-2.64
19/09/2024 11:45,-8.22
19/09/2024 12:00,66.44
19/09/2024 12:15,2.32
19/09/2024 12:30,-9.56
19/09/2024 12:45,-22.98
19/09/2024 13:00,-19.21
19/09/2024 13:15,-14.29
19/09/2024 13:30,-7.28
19/09/2024 13:45,6.36
19/09/2024 14:00,-21.12
19/09/2024 14:15,-5.14
19/09/2024 14:30,19.26
19/09/2024 14:45,73.32
19/09/2024 15:00,-24.1
19/09/2024 15:15,1.04
19/09/2024 15:30,62.61
19/09/2024 15:45,79.71
19/09/2024 16:00,60.65
19/09/2024 16:15,76.96
19/09/2024 16:30,115.96
19/09/2024 16:45,113.16
19/09/2024 17:00,68.84
19/09/2024 17:15,95.13
19/09/2024 17:30,94.72
19/09/2024 17:45,109.42
19/09/2024 18:00,106.49
19/09/2024 18:15,113.47
19/09/2024 18:30,120.51
19/09/2024 18:45,97.14
19/09/2024 19:00,136.14
19/09/2024 19:15,106.9
19/09/2024 19:30,95.65
19/09/2024 19:45,81.73
19/09/2024 20:00,109.66
19/09/2024 20:15,95.01
19/09/2024 20:30,84.2
19/09/2024 20:45,56.19
19/09/2024 21:00,89.97
19/09/2024 21:15,74.3
19/09/2024 21:30,78.45
19/09/2024 21:45,69.94
19/09/2024 22:00,100.05
19/09/2024 22:15,73.97
19/09/2024 22:30,69
19/09/2024 22:45,71.5
19/09/2024 23:00,72.64
19/09/2024 23:15,72.99
19/09/2024 23:30,85.76
19/09/2024 23:45,83.66
20/09/2024 00:00,76.4
20/09/2024 00:15,84.07
20/09/2024 00:30,72.52
20/09/2024 00:45,67.05
20/09/2024 01:00,75.16
20/09/2024 01:15,51.63
20/09/2024 01:30,54.09
20/09/2024 01:45,52.7
20/09/2024 02:00,68.57
20/09/2024 02:15,68.41
20/09/2024 02:30,68.51
20/09/2024 02:45,67.64
20/09/2024 03:00,64.73
20/09/2024 03:15,59.44
20/09/2024 03:30,66.6
20/09/2024 03:45,73.01
20/09/2024 04:00,62.67
20/09/2024 04:15,64.65
20/09/2024 04:30,85.65
20/09/2024 04:45,87.57
20/09/2024 05:00,61.8
20/09/2024 05:15,81.13
20/09/2024 05:30,87.54
20/09/2024 05:45,125.17
20/09/2024 06:00,84.12
20/09/2024 06:15,105.02
20/09/2024 06:30,96.73
20/09/2024 06:45,83.22
20/09/2024 07:00,132.96
20/09/2024 07:15,90.24
20/09/2024 07:30,82.07
20/09/2024 07:45,70.22
20/09/2024 08:00,88.66
20/09/2024 08:15,83.8
20/09/2024 08:30,79.56
20/09/2024 08:45,68.82
20/09/2024 09:00,83.3
20/09/2024 09:15,68.36
20/09/2024 09:30,69.42
20/09/2024 09:45,2.24
20/09/2024 10:00,81.55
20/09/2024 10:15,24.46
20/09/2024 10:30,-12.1
20/09/2024 10:45,-33.23
20/09/2024 11:00,64.33
20/09/2024 11:15,-11.2
20/09/2024 11:30,-10.67
20/09/2024 11:45,-27.5
20/09/2024 12:00,6.3
20/09/2024 12:15,-13.54
20/09/2024 12:30,-26.16
20/09/2024 12:45,-31.6
20/09/2024 13:00,-39.45
20/09/2024 13:15,-24.98
20/09/2024 13:30,-19.13
20/09/2024 13:45,0.98
20/09/2024 14:00,-36.82
20/09/2024 14:15,-19.57
20/09/2024 14:30,-12.31
20/09/2024 14:45,39.94
20/09/2024 15:00,-32.63
20/09/2024 15:15,3.8
20/09/2024 15:30,48.83
20/09/2024 15:45,71.63
20/09/2024 16:00,20.75
20/09/2024 16:15,62.41
20/09/2024 16:30,82.42
20/09/2024 16:45,91.34
20/09/2024 17:00,71.71
20/09/2024 17:15,103.76
20/09/2024 17:30,136.05
20/09/2024 17:45,390.81
20/09/2024 18:00,241.63
20/09/2024 18:15,185.63
20/09/2024 18:30,105.35
20/09/2024 18:45,91.7
20/09/2024 19:00,125.07
20/09/2024 19:15,73.94
20/09/2024 19:30,70.76
20/09/2024 19:45,68.35
20/09/2024 20:00,80.9
20/09/2024 20:15,60.69
20/09/2024 20:30,48.17
20/09/2024 20:45,37.22
20/09/2024 21:00,50.06
20/09/2024 21:15,46.83
20/09/2024 21:30,64.55
20/09/2024 21:45,58.53
20/09/2024 22:00,60.83
20/09/2024 22:15,56.55
20/09/2024 22:30,55.49
20/09/2024 22:45,47.63
20/09/2024 23:00,94.22
20/09/2024 23:15,74.12
20/09/2024 23:30,71.15
20/09/2024 23:45,77.2
21/09/2024 00:00,84.83
21/09/2024 00:15,83.16
21/09/2024 00:30,86.87
21/09/2024 00:45,78.09
21/09/2024 01:00,71.75
21/09/2024 01:15,70.43
21/09/2024 01:30,84.78
21/09/2024 01:45,91.51
21/09/2024 02:00,95.87
21/09/2024 02:15,95.45
21/09/2024 02:30,98.62
21/09/2024 02:45,101.94
21/09/2024 03:00,92.37
21/09/2024 03:15,97.5
21/09/2024 03:30,104.74
21/09/2024 03:45,111.48
21/09/2024 04:00,106.29
21/09/2024 04:15,105.36
21/09/2024 04:30,114.66
21/09/2024 04:45,117.02
21/09/2024 05:00,93.92
21/09/2024 05:15,95.57
21/09/2024 05:30,92.36
21/09/2024 05:45,95.53
21/09/2024 06:00,97.2
21/09/2024 06:15,99.26
21/09/2024 06:30,103.83
21/09/2024 06:45,95.41
21/09/2024 07:00,99.98
21/09/2024 07:15,90.22
21/09/2024 07:30,77.61
21/09/2024 07:45,62.04
21/09/2024 08:00,90.48
21/09/2024 08:15,64.08
21/09/2024 08:30,45.95
21/09/2024 08:45,14.01
21/09/2024 09:00,86.62
21/09/2024 09:15,86.3
21/09/2024 09:30,36.34
21/09/2024 09:45,-26.1
21/09/2024 10:00,97.58
21/09/2024 10:15,59.31
21/09/2024 10:30,16.31
21/09/2024 10:45,-22.62
21/09/2024 11:00,73.19
21/09/2024 11:15,-8.46
21/09/2024 11:30,-6.71
21/09/2024 11:45,-32.73
21/09/2024 12:00,21.94
21/09/2024 12:15,-1.13
21/09/2024 12:30,-6.21
21/09/2024 12:45,-8.64
21/09/2024 13:00,-32.51
21/09/2024 13:15,-14.97
21/09/2024 13:30,-15.93
21/09/2024 13:45,28.08
21/09/2024 14:00,-49.72
21/09/2024 14:15,-0.58
21/09/2024 14:30,-4.06
21/09/2024 14:45,79.07
21/09/2024 15:00,-39.95
21/09/2024 15:15,62.25
21/09/2024 15:30,93.71
21/09/2024 15:45,94.3
21/09/2024 16:00,56.04
21/09/2024 16:15,72.11
21/09/2024 16:30,114.71
21/09/2024 16:45,121.4
21/09/2024 17:00,87.01
21/09/2024 17:15,95.27
21/09/2024 17:30,115.68
21/09/2024 17:45,204.89
21/09/2024 18:00,179.39
21/09/2024 18:15,173.83
21/09/2024 18:30,149.33
21/09/2024 18:45,104.22
21/09/2024 19:00,229.67
21/09/2024 19:15,102.06
21/09/2024 19:30,89.24
21/09/2024 19:45,87.26
21/09/2024 20:00,111.08
21/09/2024 20:15,108.49
21/09/2024 20:30,93.31
21/09/2024 20:45,83.39
21/09/2024 21:00,116.54
21/09/2024 21:15,113.14
21/09/2024 21:30,103.16
21/09/2024 21:45,100.41
21/09/2024 22:00,102.25
21/09/2024 22:15,96.41
21/09/2024 22:30,84.5
21/09/2024 22:45,78.21
21/09/2024 23:00,108.76
21/09/2024 23:15,97.59
21/09/2024 23:30,83.21
21/09/2024 23:45,86.9
22/09/2024 00:00,107.81
22/09/2024 00:15,108.22
22/09/2024 00:30,106.74
22/09/2024 00:45,96.04
22/09/2024 01:00,118.66
22/09/2024 01:15,115.81
22/09/2024 01:30,105
22/09/2024 01:45,107.79
22/09/2024 02:00,98.86
22/09/2024 02:15,93.21
22/09/2024 02:30,102.16
22/09/2024 02:45,105.04
22/09/2024 03:00,94.95
22/09/2024 03:15,101.55
22/09/2024 03:30,113.73
22/09/2024 03:45,117.54
22/09/2024 04:00,113.34
22/09/2024 04:15,101.1
22/09/2024 04:30,117.71
22/09/2024 04:45,121.37
22/09/2024 05:00,99.28
22/09/2024 05:15,116.7
22/09/2024 05:30,119.99
22/09/2024 05:45,123.79
22/09/2024 06:00,148.83
22/09/2024 06:15,140.12
22/09/2024 06:30,123.91
22/09/2024 06:45,115.81
22/09/2024 07:00,133.99
22/09/2024 07:15,111.81
22/09/2024 07:30,95.21
22/09/2024 07:45,80.4
22/09/2024 08:00,99.28
22/09/2024 08:15,82.61
22/09/2024 08:30,76.69
22/09/2024 08:45,40.57
22/09/2024 09:00,105.41
22/09/2024 09:15,91.61
22/09/2024 09:30,73.9
22/09/2024 09:45,30.42
22/09/2024 10:00,106.22
22/09/2024 10:15,77.81
22/09/2024 10:30,63.55
22/09/2024 10:45,2.63
22/09/2024 11:00,97.3
22/09/2024 11:15,36.91
22/09/2024 11:30,76.22
22/09/2024 11:45,33.76
22/09/2024 12:00,43.02
22/09/2024 12:15,-2
22/09/2024 12:30,-11.83
22/09/2024 12:45,-7.14
22/09/2024 13:00,-20.1
22/09/2024 13:15,-3.24
22/09/2024 13:30,7.99
22/09/2024 13:45,93
22/09/2024 14:00,-13.73
22/09/2024 14:15,72.94
22/09/2024 14:30,71.57
22/09/2024 14:45,103.6
22/09/2024 15:00,46.62
22/09/2024 15:15,77.89
22/09/2024 15:30,88.81
22/09/2024 15:45,99.97
22/09/2024 16:00,71.1
22/09/2024 16:15,93.1
22/09/2024 16:30,119.11
22/09/2024 16:45,125.27
22/09/2024 17:00,93.37
22/09/2024 17:15,101.94
22/09/2024 17:30,108.15
22/09/2024 17:45,132.5
22/09/2024 18:00,133.46
22/09/2024 18:15,146.34
22/09/2024 18:30,156.14
22/09/2024 18:45,153.91
22/09/2024 19:00,147.35
22/09/2024 19:15,128.51
22/09/2024 19:30,133.71
22/09/2024 19:45,131.96
22/09/2024 20:00,128.84
22/09/2024 20:15,126.56
22/09/2024 20:30,105.65
22/09/2024 20:45,106.69
22/09/2024 21:00,125.9
22/09/2024 21:15,120.72
22/09/2024 21:30,110.75
22/09/2024 21:45,89.9
22/09/2024 22:00,99.8
22/09/2024 22:15,102.28
22/09/2024 22:30,86.57
22/09/2024 22:45,85.17
22/09/2024 23:00,96.4
22/09/2024 23:15,87.75
22/09/2024 23:30,79.67
22/09/2024 23:45,81.7
23/09/2024 00:00,94
23/09/2024 00:15,85.3
23/09/2024 00:30,87.72
23/09/2024 00:45,81.26
23/09/2024 01:00,86.31
23/09/2024 01:15,81.55
23/09/2024 01:30,80.77
23/09/2024 01:45,81.44
23/09/2024 02:00,81.46
23/09/2024 02:15,88.94
23/09/2024 02:30,82.28
23/09/2024 02:45,80.24
23/09/2024 03:00,77.41
23/09/2024 03:15,77.35
23/09/2024 03:30,79.79
23/09/2024 03:45,81.99
23/09/2024 04:00,90.37
23/09/2024 04:15,94.01
23/09/2024 04:30,102.8
23/09/2024 04:45,117.64
23/09/2024 05:00,93.1
23/09/2024 05:15,102.1
23/09/2024 05:30,123.16
23/09/2024 05:45,181.53
23/09/2024 06:00,162.48
23/09/2024 06:15,215.7
23/09/2024 06:30,192.22
23/09/2024 06:45,147.22
23/09/2024 07:00,196.69
23/09/2024 07:15,101.29
23/09/2024 07:30,93.65
23/09/2024 07:45,77.98
23/09/2024 08:00,108.49
23/09/2024 08:15,107.26
23/09/2024 08:30,86.41
23/09/2024 08:45,68.42
23/09/2024 09:00,93.75
23/09/2024 09:15,75.74
23/09/2024 09:30,73.98
23/09/2024 09:45,82.7
23/09/2024 10:00,88.24
23/09/2024 10:15,82.5
23/09/2024 10:30,77.99
23/09/2024 10:45,75.73
23/09/2024 11:00,82.25
23/09/2024 11:15,76.36
23/09/2024 11:30,76.26
23/09/2024 11:45,77.55
23/09/2024 12:00,104.16
23/09/2024 12:15,100.42
23/09/2024 12:30,87.33
23/09/2024 12:45,79.09
23/09/2024 13:00,64.94
23/09/2024 13:15,82.13
23/09/2024 13:30,98.12
23/09/2024 13:45,102.8
23/09/2024 14:00,84.19
23/09/2024 14:15,88.61
23/09/2024 14:30,85.44
23/09/2024 14:45,101.74
23/09/2024 15:00,67.6
23/09/2024 15:15,77.97
23/09/2024 15:30,108.83
23/09/2024 15:45,129.29
23/09/2024 16:00,79.48
23/09/2024 16:15,108.7
23/09/2024 16:30,124.56
23/09/2024 16:45,239.22
23/09/2024 17:00,97.38
23/09/2024 17:15,111.38
23/09/2024 17:30,191.77
23/09/2024 17:45,262.93
23/09/2024 18:00,181.04
23/09/2024 18:15,178.32
23/09/2024 18:30,195.56
23/09/2024 18:45,135.24
23/09/2024 19:00,208.7
23/09/2024 19:15,129.24
23/09/2024 19:30,102.86
23/09/2024 19:45,102.44
23/09/2024 20:00,122.72
23/09/2024 20:15,114.55
23/09/2024 20:30,97.55
23/09/2024 20:45,85.88
23/09/2024 21:00,136.73
23/09/2024 21:15,120.7
23/09/2024 21:30,102.58
23/09/2024 21:45,93.19
23/09/2024 22:00,100.66
23/09/2024 22:15,88.8
23/09/2024 22:30,86.09
23/09/2024 22:45,79.21
23/09/2024 23:00,116.03
23/09/2024 23:15,114.88
23/09/2024 23:30,86.14
23/09/2024 23:45,86.03
24/09/2024 00:00,105.69
24/09/2024 00:15,87.75
24/09/2024 00:30,106.42
24/09/2024 00:45,96.96
24/09/2024 01:00,109.87
24/09/2024 01:15,98.98
24/09/2024 01:30,92.6
24/09/2024 01:45,92.11
24/09/2024 02:00,116.33
24/09/2024 02:15,105.74
24/09/2024 02:30,99.02
24/09/2024 02:45,97.84
24/09/2024 03:00,91.18
24/09/2024 03:15,99.18
24/09/2024 03:30,112.21
24/09/2024 03:45,131.1
24/09/2024 04:00,94.86
24/09/2024 04:15,108.15
24/09/2024 04:30,110.29
24/09/2024 04:45,106.34
24/09/2024 05:00,93.71
24/09/2024 05:15,103.65
24/09/2024 05:30,128.73
24/09/2024 05:45,137.03
24/09/2024 06:00,118.98
24/09/2024 06:15,132.97
24/09/2024 06:30,145.82
24/09/2024 06:45,131
24/09/2024 07:00,158.57
24/09/2024 07:15,121.66
24/09/2024 07:30,95.18
24/09/2024 07:45,96.54
24/09/2024 08:00,146.14
24/09/2024 08:15,118.2
24/09/2024 08:30,106.04
24/09/2024 08:45,103.64
24/09/2024 09:00,147.22
24/09/2024 09:15,89.91
24/09/2024 09:30,88.44
24/09/2024 09:45,90.85
24/09/2024 10:00,88.8
24/09/2024 10:15,76.09
24/09/2024 10:30,75.63
24/09/2024 10:45,83.11
24/09/2024 11:00,84.69
24/09/2024 11:15,82.9
24/09/2024 11:30,82.7
24/09/2024 11:45,81.52
24/09/2024 12:00,101.8
24/09/2024 12:15,96.12
24/09/2024 12:30,71.87
24/09/2024 12:45,41.18
24/09/2024 13:00,66.14
24/09/2024 13:15,63.25
24/09/2024 13:30,67.57
24/09/2024 13:45,69.66
24/09/2024 14:00,77.91
24/09/2024 14:15,72.85
24/09/2024 14:30,63.11
24/09/2024 14:45,56.39
24/09/2024 15:00,60.8
24/09/2024 15:15,54.07
24/09/2024 15:30,70.83
24/09/2024 15:45,77.37
24/09/2024 16:00,68.85
24/09/2024 16:15,93.91
24/09/2024 16:30,102.73
24/09/2024 16:45,102.63
24/09/2024 17:00,89.77
24/09/2024 17:15,84.8
24/09/2024 17:30,98.39
24/09/2024 17:45,111.76
24/09/2024 18:00,110.58
24/09/2024 18:15,94.88
24/09/2024 18:30,98.94
24/09/2024 18:45,72.62
24/09/2024 19:00,85.96
24/09/2024 19:15,84.65
24/09/2024 19:30,83.63
24/09/2024 19:45,78.07
24/09/2024 20:00,89.03
24/09/2024 20:15,89.97
24/09/2024 20:30,70.78
24/09/2024 20:45,63.14
24/09/2024 21:00,96.61
24/09/2024 21:15,80.32
24/09/2024 21:30,69.86
24/09/2024 21:45,65.65
24/09/2024 22:00,77.56
24/09/2024 22:15,64.35
24/09/2024 22:30,66.47
24/09/2024 22:45,64.59
24/09/2024 23:00,85.11
24/09/2024 23:15,76.9
24/09/2024 23:30,64.8
24/09/2024 23:45,35.44
25/09/2024 00:00,70.42
25/09/2024 00:15,62.22
25/09/2024 00:30,44.05
25/09/2024 00:45,28.34
25/09/2024 01:00,71.54
25/09/2024 01:15,71.49
25/09/2024 01:30,69.77
25/09/2024 01:45,71.69
25/09/2024 02:00,39.25
25/09/2024 02:15,19.65
25/09/2024 02:30,30.08
25/09/2024 02:45,42.86
25/09/2024 03:00,60.4
25/09/2024 03:15,62.77
25/09/2024 03:30,58.73
25/09/2024 03:45,65.22
25/09/2024 04:00,59.99
25/09/2024 04:15,67.02
25/09/2024 04:30,72.82
25/09/2024 04:45,89.17
25/09/2024 05:00,77.31
25/09/2024 05:15,109.24
25/09/2024 05:30,108.74
25/09/2024 05:45,102.25
25/09/2024 06:00,77.97
25/09/2024 06:15,97.11
25/09/2024 06:30,100.5
25/09/2024 06:45,122.6
25/09/2024 07:00,115.69
25/09/2024 07:15,100.4
25/09/2024 07:30,94.73
25/09/2024 07:45,79.14
25/09/2024 08:00,97.99
25/09/2024 08:15,104.83
25/09/2024 08:30,101.85
25/09/2024 08:45,104.21
25/09/2024 09:00,99.59
25/09/2024 09:15,84.87
25/09/2024 09:30,87.75
25/09/2024 09:45,70.35
25/09/2024 10:00,68.45
25/09/2024 10:15,74.28
25/09/2024 10:30,75.93
25/09/2024 10:45,69.3
25/09/2024 11:00,78.66
25/09/2024 11:15,68.4
25/09/2024 11:30,73.99
25/09/2024 11:45,78.34
25/09/2024 12:00,82.98
25/09/2024 12:15,75.77
25/09/2024 12:30,65.49
25/09/2024 12:45,68.18
25/09/2024 13:00,56.93
25/09/2024 13:15,74.7
25/09/2024 13:30,65.62
25/09/2024 13:45,63.05
25/09/2024 14:00,55.1
25/09/2024 14:15,72.46
25/09/2024 14:30,77.87
25/09/2024 14:45,109.51
25/09/2024 15:00,87.95
25/09/2024 15:15,99.12
25/09/2024 15:30,106.89
25/09/2024 15:45,112.67
25/09/2024 16:00,66.16
25/09/2024 16:15,97.48
25/09/2024 16:30,101.21
25/09/2024 16:45,129.09
25/09/2024 17:00,85.34
25/09/2024 17:15,95.82
25/09/2024 17:30,109.29
25/09/2024 17:45,120.68
25/09/2024 18:00,100.98
25/09/2024 18:15,98.12
25/09/2024 18:30,97.05
25/09/2024 18:45,86.16
25/09/2024 19:00,251.33
25/09/2024 19:15,120.92
25/09/2024 19:30,122.26
25/09/2024 19:45,96.46
25/09/2024 20:00,143.73
25/09/2024 20:15,106.29
25/09/2024 20:30,81.51
25/09/2024 20:45,89.61
25/09/2024 21:00,105.36
25/09/2024 21:15,94.45
25/09/2024 21:30,89.86
25/09/2024 21:45,96.52
25/09/2024 22:00,104.04
25/09/2024 22:15,87.04
25/09/2024 22:30,74.63
25/09/2024 22:45,63.78
25/09/2024 23:00,106.37
25/09/2024 23:15,82.47
25/09/2024 23:30,74.27
25/09/2024 23:45,79.52
26/09/2024 00:00,112.26
26/09/2024 00:15,95.56
26/09/2024 00:30,70.95
26/09/2024 00:45,73.41
26/09/2024 01:00,84.12
26/09/2024 01:15,75.95
26/09/2024 01:30,73.5
26/09/2024 01:45,73.67
26/09/2024 02:00,91.38
26/09/2024 02:15,79.26
26/09/2024 02:30,83.75
26/09/2024 02:45,79.27
26/09/2024 03:00,94.51
26/09/2024 03:15,89.04
26/09/2024 03:30,91.78
26/09/2024 03:45,92.98
26/09/2024 04:00,72.34
26/09/2024 04:15,79.98
26/09/2024 04:30,92.9
26/09/2024 04:45,87.95
26/09/2024 05:00,74.77
26/09/2024 05:15,100.69
26/09/2024 05:30,109.6
26/09/2024 05:45,105.23
26/09/2024 06:00,102.02
26/09/2024 06:15,90.2
26/09/2024 06:30,91.49
26/09/2024 06:45,96.43
26/09/2024 07:00,119.16
26/09/2024 07:15,97.5
26/09/2024 07:30,68.71
26/09/2024 07:45,60.73
26/09/2024 08:00,70.59
26/09/2024 08:15,68.74
26/09/2024 08:30,69.57
26/09/2024 08:45,68.14
26/09/2024 09:00,81.14
26/09/2024 09:15,74.51
26/09/2024 09:30,91.05
26/09/2024 09:45,72.13
26/09/2024 10:00,86.7
26/09/2024 10:15,89.05
26/09/2024 10:30,93.34
26/09/2024 10:45,87.43
26/09/2024 11:00,87.74
26/09/2024 11:15,63.68
26/09/2024 11:30,63.53
26/09/2024 11:45,60.46
26/09/2024 12:00,87
26/09/2024 12:15,74.88
26/09/2024 12:30,64.88
26/09/2024 12:45,49.59
26/09/2024 13:00,55.95
26/09/2024 13:15,53.71
26/09/2024 13:30,70.65
26/09/2024 13:45,79.67
26/09/2024 14:00,59.44
26/09/2024 14:15,73.86
26/09/2024 14:30,76.87
26/09/2024 14:45,88.67
26/09/2024 15:00,74.55
26/09/2024 15:15,78.67
26/09/2024 15:30,99.95
26/09/2024 15:45,109.68
26/09/2024 16:00,76.51
26/09/2024 16:15,87.86
26/09/2024 16:30,112.79
26/09/2024 16:45,134.1
26/09/2024 17:00,98.96
26/09/2024 17:15,123.02
26/09/2024 17:30,169.45
26/09/2024 17:45,351.85
26/09/2024 18:00,344.86
26/09/2024 18:15,182.07
26/09/2024 18:30,100.58
26/09/2024 18:45,73.51
26/09/2024 19:00,77.66
26/09/2024 19:15,45.16
26/09/2024 19:30,12.28
26/09/2024 19:45,8.49
26/09/2024 20:00,62.96
26/09/2024 20:15,41.8
26/09/2024 20:30,12.8
26/09/2024 20:45,-3.25
26/09/2024 21:00,87.49
26/09/2024 21:15,64.81
26/09/2024 21:30,20.18
26/09/2024 21:45,-6.86
26/09/2024 22:00,50.67
26/09/2024 22:15,1.13
26/09/2024 22:30,-7.57
26/09/2024 22:45,-9.39
26/09/2024 23:00,35.95
26/09/2024 23:15,3.51
26/09/2024 23:30,-10.71
26/09/2024 23:45,-20.79
27/09/2024 00:00,29.33
27/09/2024 00:15,0.7
27/09/2024 00:30,-8.44
27/09/2024 00:45,-9.84
27/09/2024 01:00,10.85
27/09/2024 01:15,-0.92
27/09/2024 01:30,-4.93
27/09/2024 01:45,-4.15
27/09/2024 02:00,-11.12
27/09/2024 02:15,-13.09
27/09/2024 02:30,-19.25
27/09/2024 02:45,-21.82
27/09/2024 03:00,-21.04
27/09/2024 03:15,-19.46
27/09/2024 03:30,-7.2
27/09/2024 03:45,-3.1
27/09/2024 04:00,-28.62
27/09/2024 04:15,-18.64
27/09/2024 04:30,-6.64
27/09/2024 04:45,0.68
27/09/2024 05:00,-17.99
27/09/2024 05:15,-4.46
27/09/2024 05:30,5.04
27/09/2024 05:45,7.33
27/09/2024 06:00,-0.93
27/09/2024 06:15,16.23
27/09/2024 06:30,29.61
27/09/2024 06:45,27.38
27/09/2024 07:00,25.05
27/09/2024 07:15,2.45
27/09/2024 07:30,-1.62
27/09/2024 07:45,-9.42
27/09/2024 08:00,26.08
27/09/2024 08:15,3.35
27/09/2024 08:30,-2.54
27/09/2024 08:45,-12.38
27/09/2024 09:00,3.33
27/09/2024 09:15,-1.33
27/09/2024 09:30,-9.6
27/09/2024 09:45,-5.6
27/09/2024 10:00,1.39
27/09/2024 10:15,-3.99
27/09/2024 10:30,-4.14
27/09/2024 10:45,-3.17
27/09/2024 11:00,1.33
27/09/2024 11:15,-2.86
27/09/2024 11:30,2.75
27/09/2024 11:45,2.81
27/09/2024 12:00,2.04
27/09/2024 12:15,2.62
27/09/2024 12:30,7.09
27/09/2024 12:45,12.45
27/09/2024 13:00,0.34
27/09/2024 13:15,3.81
27/09/2024 13:30,12.9
27/09/2024 13:45,22.34
27/09/2024 14:00,6.99
27/09/2024 14:15,9.21
27/09/2024 14:30,28.44
27/09/2024 14:45,54.97
27/09/2024 15:00,-5.76
27/09/2024 15:15,3.67
27/09/2024 15:30,27.17
27/09/2024 15:45,23.91
27/09/2024 16:00,-9.18
27/09/2024 16:15,-4.78
27/09/2024 16:30,-3.44
27/09/2024 16:45,4.73
27/09/2024 17:00,-9.05
27/09/2024 17:15,-7.34
27/09/2024 17:30,-2.48
27/09/2024 17:45,2.14
27/09/2024 18:00,-4.56
27/09/2024 18:15,0.21
27/09/2024 18:30,8.55
27/09/2024 18:45,12.19
27/09/2024 19:00,18.92
27/09/2024 19:15,4.8
27/09/2024 19:30,-0.6
27/09/2024 19:45,-2.41
27/09/2024 20:00,8.44
27/09/2024 20:15,0.31
27/09/2024 20:30,-3.3
27/09/2024 20:45,-8.02
27/09/2024 21:00,5.52
27/09/2024 21:15,3.14
27/09/2024 21:30,4.04
27/09/2024 21:45,-1.85
27/09/2024 22:00,12.16
27/09/2024 22:15,-1.12
27/09/2024 22:30,-3.68
27/09/2024 22:45,-9.53
27/09/2024 23:00,4.51
27/09/2024 23:15,0.09
27/09/2024 23:30,-3.55
27/09/2024 23:45,2.21
28/09/2024 00:00,10.83
28/09/2024 00:15,15.42
28/09/2024 00:30,13.38
28/09/2024 00:45,11
28/09/2024 01:00,0.25
28/09/2024 01:15,1.31
28/09/2024 01:30,7.75
28/09/2024 01:45,24.32
28/09/2024 02:00,19.99
28/09/2024 02:15,29.37
28/09/2024 02:30,35.54
28/09/2024 02:45,39.81
28/09/2024 03:00,18.93
28/09/2024 03:15,22.59
28/09/2024 03:30,19.26
28/09/2024 03:45,17.91
28/09/2024 04:00,13.07
28/09/2024 04:15,26.37
28/09/2024 04:30,31.19
28/09/2024 04:45,29.21
28/09/2024 05:00,6.31
28/09/2024 05:15,21.14
28/09/2024 05:30,29.83
28/09/2024 05:45,31.61
28/09/2024 06:00,5.27
28/09/2024 06:15,15.19
28/09/2024 06:30,11.8
28/09/2024 06:45,11.81
28/09/2024 07:00,31.11
28/09/2024 07:15,17.84
28/09/2024 07:30,18.2
28/09/2024 07:45,16.65
28/09/2024 08:00,61.46
28/09/2024 08:15,12.4
28/09/2024 08:30,-3.2
28/09/2024 08:45,-8.76
28/09/2024 09:00,5.91
28/09/2024 09:15,-2.29
28/09/2024 09:30,-6.68
28/09/2024 09:45,-13.26
28/09/2024 10:00,-2.64
28/09/2024 10:15,-18.71
28/09/2024 10:30,-17.58
28/09/2024 10:45,-18.9
28/09/2024 11:00,-4.42
28/09/2024 11:15,-21.84
28/09/2024 11:30,-19.46
28/09/2024 11:45,-25.16
28/09/2024 12:00,-24.95
28/09/2024 12:15,-28.77
28/09/2024 12:30,-30.88
28/09/2024 12:45,-27.3
28/09/2024 13:00,-35.05
28/09/2024 13:15,-39.74
28/09/2024 13:30,-41.43
28/09/2024 13:45,-32.44
28/09/2024 14:00,-38.67
28/09/2024 14:15,-28.89
28/09/2024 14:30,-26.23
28/09/2024 14:45,-22.03
28/09/2024 15:00,-25.65
28/09/2024 15:15,-22.93
28/09/2024 15:30,-11.01
28/09/2024 15:45,7
28/09/2024 16:00,-29.6
28/09/2024 16:15,-18.06
28/09/2024 16:30,23.4
28/09/2024 16:45,76.62
28/09/2024 17:00,49.81
28/09/2024 17:15,70.44
28/09/2024 17:30,85.3
28/09/2024 17:45,124.23
28/09/2024 18:00,101.96
28/09/2024 18:15,171.08
28/09/2024 18:30,166.49
28/09/2024 18:45,84.4
28/09/2024 19:00,95.25
28/09/2024 19:15,67.54
28/09/2024 19:30,58.88
28/09/2024 19:45,52.61
28/09/2024 20:00,113.05
28/09/2024 20:15,72.3
28/09/2024 20:30,60.35
28/09/2024 20:45,53.35
28/09/2024 21:00,76.01
28/09/2024 21:15,78.57
28/09/2024 21:30,69.86
28/09/2024 21:45,70.26
28/09/2024 22:00,82.96
28/09/2024 22:15,79.9
28/09/2024 22:30,71.7
28/09/2024 22:45,62
28/09/2024 23:00,79.83
28/09/2024 23:15,75.18
28/09/2024 23:30,64.7
28/09/2024 23:45,52.81
29/09/2024 00:00,63.06
29/09/2024 00:15,64.86
29/09/2024 00:30,57.88
29/09/2024 00:45,55.14
29/09/2024 01:00,56.49
29/09/2024 01:15,52.73
29/09/2024 01:30,43.42
29/09/2024 01:45,41.25
29/09/2024 02:00,46.78
29/09/2024 02:15,43.31
29/09/2024 02:30,39.96
29/09/2024 02:45,44.71
29/09/2024 03:00,47
29/09/2024 03:15,46.19
29/09/2024 03:30,53.88
29/09/2024 03:45,55.26
29/09/2024 04:00,42.6
29/09/2024 04:15,55.58
29/09/2024 04:30,67.7
29/09/2024 04:45,77.26
29/09/2024 05:00,59.31
29/09/2024 05:15,66.87
29/09/2024 05:30,74.5
29/09/2024 05:45,66.28
29/09/2024 06:00,71.42
29/09/2024 06:15,66.54
29/09/2024 06:30,75.45
29/09/2024 06:45,81.95
29/09/2024 07:00,85.63
29/09/2024 07:15,84.81
29/09/2024 07:30,68.91
29/09/2024 07:45,62.13
29/09/2024 08:00,79.15
29/09/2024 08:15,58.06
29/09/2024 08:30,29.28
29/09/2024 08:45,-1.13
29/09/2024 09:00,70.9
29/09/2024 09:15,9.35
29/09/2024 09:30,-29.84
29/09/2024 09:45,-61.01
29/09/2024 10:00,45.56
29/09/2024 10:15,-3.48
29/09/2024 10:30,-2.39
29/09/2024 10:45,-32.26
29/09/2024 11:00,10.04
29/09/2024 11:15,-13.51
29/09/2024 11:30,-1.56
29/09/2024 11:45,17.72
29/09/2024 12:00,12.31
29/09/2024 12:15,26.41
29/09/2024 12:30,6.9
29/09/2024 12:45,49.17
29/09/2024 13:00,-12.58
29/09/2024 13:15,8.92
29/09/2024 13:30,5.38
29/09/2024 13:45,56.54
29/09/2024 14:00,-26.71
29/09/2024 14:15,23.62
29/09/2024 14:30,57.07
29/09/2024 14:45,76.84
29/09/2024 15:00,16.77
29/09/2024 15:15,43.87
29/09/2024 15:30,71.59
29/09/2024 15:45,79.19
29/09/2024 16:00,63.45
29/09/2024 16:15,79.52
29/09/2024 16:30,100.71
29/09/2024 16:45,179.5
29/09/2024 17:00,69.29
29/09/2024 17:15,82.49
29/09/2024 17:30,133.38
29/09/2024 17:45,211.16
29/09/2024 18:00,210.34
29/09/2024 18:15,99.17
29/09/2024 18:30,59.85
29/09/2024 18:45,51
29/09/2024 19:00,115.4
29/09/2024 19:15,78.62
29/09/2024 19:30,61.06
29/09/2024 19:45,51.68
29/09/2024 20:00,88.37
29/09/2024 20:15,57.19
29/09/2024 20:30,49.28
29/09/2024 20:45,31.69
29/09/2024 21:00,77.58
29/09/2024 21:15,48.56
29/09/2024 21:30,44.87
29/09/2024 21:45,25.93
29/09/2024 22:00,31.44
29/09/2024 22:15,4.9
29/09/2024 22:30,6.87
29/09/2024 22:45,-5.81
29/09/2024 23:00,6.92
29/09/2024 23:15,-1.58
29/09/2024 23:30,-7.12
29/09/2024 23:45,-12.48
30/09/2024 00:00,-4.79
30/09/2024 00:15,-7.78
30/09/2024 00:30,-9.25
30/09/2024 00:45,-12.97
30/09/2024 01:00,0.38
30/09/2024 01:15,-7.26
30/09/2024 01:30,-8.02
30/09/2024 01:45,-11.52
30/09/2024 02:00,-9.71
30/09/2024 02:15,-13.66
30/09/2024 02:30,-13.97
30/09/2024 02:45,-15.03
30/09/2024 03:00,-15.53
30/09/2024 03:15,-15.08
30/09/2024 03:30,-13.79
30/09/2024 03:45,-7.53
30/09/2024 04:00,-10.05
30/09/2024 04:15,-10.06
30/09/2024 04:30,3.85
30/09/2024 04:45,7.29
30/09/2024 05:00,4.45
30/09/2024 05:15,38.69
30/09/2024 05:30,37.88
30/09/2024 05:45,31.62
30/09/2024 06:00,59.75
30/09/2024 06:15,67.58
30/09/2024 06:30,111.78
30/09/2024 06:45,107.32
30/09/2024 07:00,110.52
30/09/2024 07:15,76.02
30/09/2024 07:30,46.97
30/09/2024 07:45,32.59
30/09/2024 08:00,81.07
30/09/2024 08:15,59.32
30/09/2024 08:30,42.85
30/09/2024 08:45,37.28
30/09/2024 09:00,60.89
30/09/2024 09:15,38.86
30/09/2024 09:30,12.9
30/09/2024 09:45,3.75
30/09/2024 10:00,27.99
30/09/2024 10:15,11.43
30/09/2024 10:30,-0.85
30/09/2024 10:45,-11.69
30/09/2024 11:00,12.68
30/09/2024 11:15,-6.16
30/09/2024 11:30,-9.93
30/09/2024 11:45,-7.84
30/09/2024 12:00,13.65
30/09/2024 12:15,4.62
30/09/2024 12:30,-4.67
30/09/2024 12:45,-1.31
30/09/2024 13:00,-4.68
30/09/2024 13:15,-3.49
30/09/2024 13:30,-8.17
30/09/2024 13:45,-0.74
30/09/2024 14:00,-13.46
30/09/2024 14:15,-11.96
30/09/2024 14:30,-6.74
30/09/2024 14:45,3.69
30/09/2024 15:00,-15.67
30/09/2024 15:15,-13.07
30/09/2024 15:30,-0.87
30/09/2024 15:45,13.1
30/09/2024 16:00,-8.86
30/09/2024 16:15,8.26
30/09/2024 16:30,33.55
30/09/2024 16:45,53.32
30/09/2024 17:00,59.81
30/09/2024 17:15,68.06
30/09/2024 17:30,76.33
30/09/2024 17:45,69.72
30/09/2024 18:00,80.04
30/09/2024 18:15,78.22
30/09/2024 18:30,60.67
30/09/2024 18:45,52.16
30/09/2024 19:00,28.52
30/09/2024 19:15,15.01
30/09/2024 19:30,15.16
30/09/2024 19:45,9.13
30/09/2024 20:00,22.71
30/09/2024 20:15,8.08
30/09/2024 20:30,2.57
30/09/2024 20:45,-2.47
30/09/2024 21:00,24.1
30/09/2024 21:15,31.75
30/09/2024 21:30,19.16
30/09/2024 21:45,14.54
30/09/2024 22:00,19.37
30/09/2024 22:15,18.98
30/09/2024 22:30,19.16
30/09/2024 22:45,7.95
30/09/2024 23:00,7.58
30/09/2024 23:15,-5.57
30/09/2024 23:30,-2.92
30/09/2024 23:45,-4.18
01/10/2024 00:00,-0.13
01/10/2024 00:15,-6.93
01/10/2024 00:30,-5.24
01/10/2024 00:45,-4.65
01/10/2024 01:00,-5.46
01/10/2024 01:15,-7.38
01/10/2024 01:30,-9.08
01/10/2024 01:45,-6.38
01/10/2024 02:00,-13.51
01/10/2024 02:15,-11.03
01/10/2024 02:30,-5.16
01/10/2024 02:45,-1
01/10/2024 03:00,-9.12
01/10/2024 03:15,-3.64
01/10/2024 03:30,18.46
01/10/2024 03:45,35.59
01/10/2024 04:00,7.37
01/10/2024 04:15,20.83
01/10/2024 04:30,65.85
01/10/2024 04:45,63.28
01/10/2024 05:00,50.11
01/10/2024 05:15,103.16
01/10/2024 05:30,118.89
01/10/2024 05:45,117.38
01/10/2024 06:00,92.76
01/10/2024 06:15,88.06
01/10/2024 06:30,114.21
01/10/2024 06:45,131.9
01/10/2024 07:00,152.6
01/10/2024 07:15,126.93
01/10/2024 07:30,112.79
01/10/2024 07:45,99.31
01/10/2024 08:00,104.46
01/10/2024 08:15,109.06
01/10/2024 08:30,106.36
01/10/2024 08:45,99.24
01/10/2024 09:00,91.68
01/10/2024 09:15,89.6
01/10/2024 09:30,98.74
01/10/2024 09:45,110.47
01/10/2024 10:00,110.78
01/10/2024 10:15,98.61
01/10/2024 10:30,94.79
01/10/2024 10:45,103.72
01/10/2024 11:00,108.65
01/10/2024 11:15,100.77
01/10/2024 11:30,112.69
01/10/2024 11:45,114.99
01/10/2024 12:00,97.86
01/10/2024 12:15,92.08
01/10/2024 12:30,91.04
01/10/2024 12:45,104.48
01/10/2024 13:00,107.23
01/10/2024 13:15,101.94
01/10/2024 13:30,90.6
01/10/2024 13:45,89.83
01/10/2024 14:00,98.73
01/10/2024 14:15,93.93
01/10/2024 14:30,91.44
01/10/2024 14:45,87.39
01/10/2024 15:00,76.17
01/10/2024 15:15,76.86
01/10/2024 15:30,84.32
01/10/2024 15:45,113.34
01/10/2024 16:00,86.22
01/10/2024 16:15,90.78
01/10/2024 16:30,134.03
01/10/2024 16:45,183.03
01/10/2024 17:00,86.6
01/10/2024 17:15,101.87
01/10/2024 17:30,110.37
01/10/2024 17:45,132.57
01/10/2024 18:00,145.77
01/10/2024 18:15,140.73
01/10/2024 18:30,114.9
01/10/2024 18:45,98.39
01/10/2024 19:00,177.9
01/10/2024 19:15,107.96
01/10/2024 19:30,89.09
01/10/2024 19:45,97.43
01/10/2024 20:00,156.66
01/10/2024 20:15,107.6
01/10/2024 20:30,97.3
01/10/2024 20:45,90
01/10/2024 21:00,126.86
01/10/2024 21:15,120.71
01/10/2024 21:30,113.84
01/10/2024 21:45,91.55
01/10/2024 22:00,122.16
01/10/2024 22:15,113.3
01/10/2024 22:30,105.03
01/10/2024 22:45,95.21
01/10/2024 23:00,93.52
01/10/2024 23:15,97.34
01/10/2024 23:30,70.95
01/10/2024 23:45,73.79
02/10/2024 00:00,101.83
02/10/2024 00:15,91.85
02/10/2024 00:30,85.91
02/10/2024 00:45,78.04
02/10/2024 01:00,92.19
02/10/2024 01:15,88.18
02/10/2024 01:30,74.83
02/10/2024 01:45,70.75
02/10/2024 02:00,70.24
02/10/2024 02:15,65.19
02/10/2024 02:30,64.39
02/10/2024 02:45,43.68
02/10/2024 03:00,56.64
02/10/2024 03:15,66.51
02/10/2024 03:30,77.21
02/10/2024 03:45,82.97
02/10/2024 04:00,79.53
02/10/2024 04:15,67.92
02/10/2024 04:30,78.95
02/10/2024 04:45,92.23
02/10/2024 05:00,39.35
02/10/2024 05:15,75.5
02/10/2024 05:30,93.98
02/10/2024 05:45,104.18
02/10/2024 06:00,87.04
02/10/2024 06:15,97.97
02/10/2024 06:30,106.66
02/10/2024 06:45,117.17
02/10/2024 07:00,112.33
02/10/2024 07:15,110.05
02/10/2024 07:30,103.23
02/10/2024 07:45,101.07
02/10/2024 08:00,127.87
02/10/2024 08:15,108.04
02/10/2024 08:30,107.29
02/10/2024 08:45,99.43
02/10/2024 09:00,121.4
02/10/2024 09:15,96.8
02/10/2024 09:30,81.07
02/10/2024 09:45,64.27
02/10/2024 10:00,86.73
02/10/2024 10:15,75.94
02/10/2024 10:30,86.79
02/10/2024 10:45,71.61
02/10/2024 11:00,88.56
02/10/2024 11:15,82.05
02/10/2024 11:30,73.05
02/10/2024 11:45,70.84
02/10/2024 12:00,86.15
02/10/2024 12:15,81.19
02/10/2024 12:30,75.97
02/10/2024 12:45,71.58
02/10/2024 13:00,77.59
02/10/2024 13:15,78.28
02/10/2024 13:30,76.86
02/10/2024 13:45,83.11
02/10/2024 14:00,71.34
02/10/2024 14:15,74.36
02/10/2024 14:30,76.23
02/10/2024 14:45,88.85
02/10/2024 15:00,56.55
02/10/2024 15:15,70.84
02/10/2024 15:30,82.51
02/10/2024 15:45,93.95
02/10/2024 16:00,65.22
02/10/2024 16:15,77.9
02/10/2024 16:30,85.82
02/10/2024 16:45,113.9
02/10/2024 17:00,86.4
02/10/2024 17:15,107.3
02/10/2024 17:30,132.94
02/10/2024 17:45,131.11
02/10/2024 18:00,157.84
02/10/2024 18:15,126.37
02/10/2024 18:30,87.69
02/10/2024 18:45,85.47
02/10/2024 19:00,134.2
02/10/2024 19:15,104.89
02/10/2024 19:30,97.32
02/10/2024 19:45,93.05
02/10/2024 20:00,117.13
02/10/2024 20:15,100.47
02/10/2024 20:30,76.44
02/10/2024 20:45,58.33
02/10/2024 21:00,107.25
02/10/2024 21:15,97.44
02/10/2024 21:30,94.98
02/10/2024 21:45,66.98
02/10/2024 22:00,101.64
02/10/2024 22:15,88.62
02/10/2024 22:30,73.59
02/10/2024 22:45,68.08
02/10/2024 23:00,80.4
02/10/2024 23:15,82.97
02/10/2024 23:30,61.02
02/10/2024 23:45,60.3
03/10/2024 00:00,78.31
03/10/2024 00:15,67.72
03/10/2024 00:30,71.45
03/10/2024 00:45,65.48
03/10/2024 01:00,70.21
03/10/2024 01:15,59.56
03/10/2024 01:30,65.44
03/10/2024 01:45,68.57
03/10/2024 02:00,65.86
03/10/2024 02:15,49.96
03/10/2024 02:30,44.49
03/10/2024 02:45,48.79
03/10/2024 03:00,56.66
03/10/2024 03:15,64.15
03/10/2024 03:30,67.15
03/10/2024 03:45,67.01
03/10/2024 04:00,60.4
03/10/2024 04:15,53.41
03/10/2024 04:30,62.1
03/10/2024 04:45,67.65
03/10/2024 05:00,42.44
03/10/2024 05:15,65.15
03/10/2024 05:30,85.53
03/10/2024 05:45,85.39
03/10/2024 06:00,64.02
03/10/2024 06:15,76.91
03/10/2024 06:30,93.26
03/10/2024 06:45,95.99
03/10/2024 07:00,98.56
03/10/2024 07:15,100.92
03/10/2024 07:30,99.9
03/10/2024 07:45,84.25
03/10/2024 08:00,106.49
03/10/2024 08:15,109.41
03/10/2024 08:30,87.83
03/10/2024 08:45,81.76
03/10/2024 09:00,92.67
03/10/2024 09:15,76.31
03/10/2024 09:30,74.62
03/10/2024 09:45,66.3
03/10/2024 10:00,86.89
03/10/2024 10:15,71.17
03/10/2024 10:30,75.23
03/10/2024 10:45,72.19
03/10/2024 11:00,67.72
03/10/2024 11:15,56.13
03/10/2024 11:30,53.24
03/10/2024 11:45,31.42
03/10/2024 12:00,67.59
03/10/2024 12:15,42.08
03/10/2024 12:30,37.05
03/10/2024 12:45,37.32
03/10/2024 13:00,28.06
03/10/2024 13:15,61.51
03/10/2024 13:30,75.4
03/10/2024 13:45,81.02
03/10/2024 14:00,67.91
03/10/2024 14:15,79.62
03/10/2024 14:30,79.48
03/10/2024 14:45,89.34
03/10/2024 15:00,51.22
03/10/2024 15:15,80.8
03/10/2024 15:30,100.72
03/10/2024 15:45,111.79
03/10/2024 16:00,80.86
03/10/2024 16:15,111.98
03/10/2024 16:30,117.68
03/10/2024 16:45,125.76
03/10/2024 17:00,111.74
03/10/2024 17:15,114.99
03/10/2024 17:30,120.71
03/10/2024 17:45,130.15
03/10/2024 18:00,157.76
03/10/2024 18:15,189.06
03/10/2024 18:30,206.58
03/10/2024 18:45,127.62
03/10/2024 19:00,207.09
03/10/2024 19:15,120.7
03/10/2024 19:30,105.64
03/10/2024 19:45,90.32
03/10/2024 20:00,101.77
03/10/2024 20:15,107.9
03/10/2024 20:30,105.91
03/10/2024 20:45,106.26
03/10/2024 21:00,109.86
03/10/2024 21:15,101.7
03/10/2024 21:30,100.2
03/10/2024 21:45,79.31
03/10/2024 22:00,117.51
03/10/2024 22:15,91.18
03/10/2024 22:30,102.85
03/10/2024 22:45,87.92
03/10/2024 23:00,111.65
03/10/2024 23:15,106.09
03/10/2024 23:30,85.08
03/10/2024 23:45,86.54
04/10/2024 00:00,96.46
04/10/2024 00:15,85.91
04/10/2024 00:30,82.1
04/10/2024 00:45,82.11
04/10/2024 01:00,82.37
04/10/2024 01:15,79.01
04/10/2024 01:30,79.24
04/10/2024 01:45,81.33
04/10/2024 02:00,84.86
04/10/2024 02:15,83.94
04/10/2024 02:30,86.9
04/10/2024 02:45,87.86
04/10/2024 03:00,81.3
04/10/2024 03:15,78.15
04/10/2024 03:30,87.04
04/10/2024 03:45,88.83
04/10/2024 04:00,73.6
04/10/2024 04:15,74.78
04/10/2024 04:30,87.84
04/10/2024 04:45,114.85
04/10/2024 05:00,82.75
04/10/2024 05:15,93.91
04/10/2024 05:30,104.97
04/10/2024 05:45,108.22
04/10/2024 06:00,103.14
04/10/2024 06:15,109.92
04/10/2024 06:30,109.92
04/10/2024 06:45,134.23
04/10/2024 07:00,207.76
04/10/2024 07:15,202.55
04/10/2024 07:30,147.61
04/10/2024 07:45,102.85
04/10/2024 08:00,154.68
04/10/2024 08:15,110.68
04/10/2024 08:30,101.06
04/10/2024 08:45,91.21
04/10/2024 09:00,114.49
04/10/2024 09:15,82.77
04/10/2024 09:30,79.84
04/10/2024 09:45,78.96
04/10/2024 10:00,95.45
04/10/2024 10:15,88.22
04/10/2024 10:30,87.32
04/10/2024 10:45,78.3
04/10/2024 11:00,88.35
04/10/2024 11:15,70.91
04/10/2024 11:30,79.07
04/10/2024 11:45,88.6
04/10/2024 12:00,84.32
04/10/2024 12:15,74.22
04/10/2024 12:30,71.99
04/10/2024 12:45,67.26
04/10/2024 13:00,76.38
04/10/2024 13:15,91.9
04/10/2024 13:30,92.18
04/10/2024 13:45,98.5
04/10/2024 14:00,76.16
04/10/2024 14:15,86.46
04/10/2024 14:30,108.33
04/10/2024 14:45,106.13
04/10/2024 15:00,54.42
04/10/2024 15:15,68.24
04/10/2024 15:30,84.5
04/10/2024 15:45,97
04/10/2024 16:00,76.45
04/10/2024 16:15,88.34
04/10/2024 16:30,111.41
04/10/2024 16:45,137.41
04/10/2024 17:00,77.83
04/10/2024 17:15,100.45
04/10/2024 17:30,130.9
04/10/2024 17:45,145.61
04/10/2024 18:00,182.79
04/10/2024 18:15,186.07
04/10/2024 18:30,188.34
04/10/2024 18:45,107.59
04/10/2024 19:00,210
04/10/2024 19:15,126.97
04/10/2024 19:30,106.27
04/10/2024 19:45,89.47
04/10/2024 20:00,109.13
04/10/2024 20:15,106.12
04/10/2024 20:30,92.8
04/10/2024 20:45,77.91
04/10/2024 21:00,102.57
04/10/2024 21:15,95.19
04/10/2024 21:30,116.78
04/10/2024 21:45,101.27
04/10/2024 22:00,105.46
04/10/2024 22:15,110.18
04/10/2024 22:30,105.41
04/10/2024 22:45,78.94
04/10/2024 23:00,103.57
04/10/2024 23:15,103.27
04/10/2024 23:30,73.32
04/10/2024 23:45,69.18
05/10/2024 00:00,99.1
05/10/2024 00:15,78.08
05/10/2024 00:30,74.45
05/10/2024 00:45,82.45
05/10/2024 01:00,92.3
05/10/2024 01:15,83.94
05/10/2024 01:30,72.06
05/10/2024 01:45,75.86
05/10/2024 02:00,78.42
05/10/2024 02:15,71.1
05/10/2024 02:30,69.91
05/10/2024 02:45,79.74
05/10/2024 03:00,80.93
05/10/2024 03:15,86.41
05/10/2024 03:30,74.97
05/10/2024 03:45,82.52
05/10/2024 04:00,77.73
05/10/2024 04:15,76.02
05/10/2024 04:30,89.11
05/10/2024 04:45,102.69
05/10/2024 05:00,71.35
05/10/2024 05:15,66.53
05/10/2024 05:30,88.52
05/10/2024 05:45,87.01
05/10/2024 06:00,78.75
05/10/2024 06:15,81.49
05/10/2024 06:30,95.96
05/10/2024 06:45,107.1
05/10/2024 07:00,113.19
05/10/2024 07:15,104.48
05/10/2024 07:30,93.15
05/10/2024 07:45,99.4
05/10/2024 08:00,127.2
05/10/2024 08:15,100.16
05/10/2024 08:30,86.29
05/10/2024 08:45,72.5
05/10/2024 09:00,108.94
05/10/2024 09:15,90.16
05/10/2024 09:30,73.54
05/10/2024 09:45,64.94
05/10/2024 10:00,92.88
05/10/2024 10:15,74.56
05/10/2024 10:30,70.86
05/10/2024 10:45,62.77
05/10/2024 11:00,77.35
05/10/2024 11:15,64.51
05/10/2024 11:30,46.56
05/10/2024 11:45,36.46
05/10/2024 12:00,60.02
05/10/2024 12:15,47.72
05/10/2024 12:30,54.11
05/10/2024 12:45,55.68
05/10/2024 13:00,42.83
05/10/2024 13:15,59.73
05/10/2024 13:30,79.1
05/10/2024 13:45,77.24
05/10/2024 14:00,61.4
05/10/2024 14:15,70.14
05/10/2024 14:30,72.17
05/10/2024 14:45,85.9
05/10/2024 15:00,61.78
05/10/2024 15:15,71.63
05/10/2024 15:30,86.24
05/10/2024 15:45,98.05
05/10/2024 16:00,74.54
05/10/2024 16:15,88.71
05/10/2024 16:30,97.53
05/10/2024 16:45,103.62
05/10/2024 17:00,77.74
05/10/2024 17:15,87.61
05/10/2024 17:30,112.04
05/10/2024 17:45,149.61
05/10/2024 18:00,196.52
05/10/2024 18:15,103.37
05/10/2024 18:30,74.38
05/10/2024 18:45,87.18
05/10/2024 19:00,185.29
05/10/2024 19:15,113.28
05/10/2024 19:30,86.24
05/10/2024 19:45,65.69
05/10/2024 20:00,101.77
05/10/2024 20:15,86.69
05/10/2024 20:30,65.55
05/10/2024 20:45,31.69
05/10/2024 21:00,89.31
05/10/2024 21:15,71.21
05/10/2024 21:30,67.68
05/10/2024 21:45,56.43
05/10/2024 22:00,77.12
05/10/2024 22:15,57.08
05/10/2024 22:30,47.75
05/10/2024 22:45,54.12
05/10/2024 23:00,67.57
05/10/2024 23:15,53.82
05/10/2024 23:30,48.69
05/10/2024 23:45,40.69
06/10/2024 00:00,66.49
06/10/2024 00:15,51.85
06/10/2024 00:30,47.98
06/10/2024 00:45,24.79
06/10/2024 01:00,50.28
06/10/2024 01:15,45.41
06/10/2024 01:30,45.59
06/10/2024 01:45,32.82
06/10/2024 02:00,46.68
06/10/2024 02:15,45.8
06/10/2024 02:30,56.18
06/10/2024 02:45,60.49
06/10/2024 03:00,57.31
06/10/2024 03:15,46.01
06/10/2024 03:30,55.41
06/10/2024 03:45,56.3
06/10/2024 04:00,75.98
06/10/2024 04:15,66.91
06/10/2024 04:30,76.97
06/10/2024 04:45,71.47
06/10/2024 05:00,60.07
06/10/2024 05:15,53.72
06/10/2024 05:30,53.37
06/10/2024 05:45,53.11
06/10/2024 06:00,55.76
06/10/2024 06:15,71.95
06/10/2024 06:30,70.5
06/10/2024 06:45,82.95
06/10/2024 07:00,88.1
06/10/2024 07:15,69.35
06/10/2024 07:30,68.95
06/10/2024 07:45,49.98
06/10/2024 08:00,78.26
06/10/2024 08:15,60.57
06/10/2024 08:30,63.71
06/10/2024 08:45,59.76
06/10/2024 09:00,74.51
06/10/2024 09:15,66.14
06/10/2024 09:30,63.9
06/10/2024 09:45,36.91
06/10/2024 10:00,88.84
06/10/2024 10:15,71.86
06/10/2024 10:30,68.27
06/10/2024 10:45,-3.42
06/10/2024 11:00,83.9
06/10/2024 11:15,40.78
06/10/2024 11:30,14.37
06/10/2024 11:45,-14.17
06/10/2024 12:00,67.58
06/10/2024 12:15,27.04
06/10/2024 12:30,-8.88
06/10/2024 12:45,-15.22
06/10/2024 13:00,-2.22
06/10/2024 13:15,0.32
06/10/2024 13:30,15.62
06/10/2024 13:45,59.37
06/10/2024 14:00,-30.54
06/10/2024 14:15,24.34
06/10/2024 14:30,34.84
06/10/2024 14:45,50.39
06/10/2024 15:00,-15.89
06/10/2024 15:15,35.88
06/10/2024 15:30,56.45
06/10/2024 15:45,59.99
06/10/2024 16:00,44.22
06/10/2024 16:15,57.18
06/10/2024 16:30,63.05
06/10/2024 16:45,84.06
06/10/2024 17:00,64.24
06/10/2024 17:15,75.77
06/10/2024 17:30,100.35
06/10/2024 17:45,91.18
06/10/2024 18:00,105.81
06/10/2024 18:15,88.22
06/10/2024 18:30,46.1
06/10/2024 18:45,39.59
06/10/2024 19:00,113.94
06/10/2024 19:15,83.34
06/10/2024 19:30,62.48
06/10/2024 19:45,55.81
06/10/2024 20:00,66.67
06/10/2024 20:15,64.11
06/10/2024 20:30,45.44
06/10/2024 20:45,37.4
06/10/2024 21:00,74.47
06/10/2024 21:15,66.27
06/10/2024 21:30,61.07
06/10/2024 21:45,48.93
06/10/2024 22:00,66.89
06/10/2024 22:15,62.59
06/10/2024 22:30,54.1
06/10/2024 22:45,38.32
06/10/2024 23:00,71.79
06/10/2024 23:15,63.7
06/10/2024 23:30,47.63
06/10/2024 23:45,34.4
07/10/2024 00:00,75.32
07/10/2024 00:15,27.53
07/10/2024 00:30,22.48
07/10/2024 00:45,12.68
07/10/2024 01:00,62.3
07/10/2024 01:15,30.47
07/10/2024 01:30,38
07/10/2024 01:45,39.65
07/10/2024 02:00,38.11
07/10/2024 02:15,2.85
07/10/2024 02:30,3.28
07/10/2024 02:45,0.05
07/10/2024 03:00,0.89
07/10/2024 03:15,4.53
07/10/2024 03:30,45.76
07/10/2024 03:45,57.88
07/10/2024 04:00,28.62
07/10/2024 04:15,57.97
07/10/2024 04:30,70.52
07/10/2024 04:45,73.88
07/10/2024 05:00,1.72
07/10/2024 05:15,71.47
07/10/2024 05:30,90.88
07/10/2024 05:45,86.97
07/10/2024 06:00,94.05
07/10/2024 06:15,95.75
07/10/2024 06:30,115.79
07/10/2024 06:45,115.91
07/10/2024 07:00,110.35
07/10/2024 07:15,104.1
07/10/2024 07:30,112.32
07/10/2024 07:45,101.76
07/10/2024 08:00,105.47
07/10/2024 08:15,102.13
07/10/2024 08:30,105.81
07/10/2024 08:45,110.08
07/10/2024 09:00,96.13
07/10/2024 09:15,73.38
07/10/2024 09:30,81.04
07/10/2024 09:45,73.43
07/10/2024 10:00,87.44
07/10/2024 10:15,80.07
07/10/2024 10:30,91.73
07/10/2024 10:45,77.58
07/10/2024 11:00,89.4
07/10/2024 11:15,77.26
07/10/2024 11:30,75.43
07/10/2024 11:45,65.81
07/10/2024 12:00,106.01
07/10/2024 12:15,72.57
07/10/2024 12:30,54.09
07/10/2024 12:45,56.25
07/10/2024 13:00,51.33
07/10/2024 13:15,61.49
07/10/2024 13:30,71.64
07/10/2024 13:45,71.29
07/10/2024 14:00,56.29
07/10/2024 14:15,70.87
07/10/2024 14:30,108.78
07/10/2024 14:45,120.02
07/10/2024 15:00,76.69
07/10/2024 15:15,86.18
07/10/2024 15:30,90.67
07/10/2024 15:45,103.7
07/10/2024 16:00,74.44
07/10/2024 16:15,93.49
07/10/2024 16:30,120.35
07/10/2024 16:45,251.07
07/10/2024 17:00,107.39
07/10/2024 17:15,180.95
07/10/2024 17:30,290.79
07/10/2024 17:45,366.4
07/10/2024 18:00,443.12
07/10/2024 18:15,217.89
07/10/2024 18:30,125.07
07/10/2024 18:45,108.41
07/10/2024 19:00,357.2
07/10/2024 19:15,159.03
07/10/2024 19:30,114.03
07/10/2024 19:45,105.48
07/10/2024 20:00,112.65
07/10/2024 20:15,107.63
07/10/2024 20:30,91.8
07/10/2024 20:45,82.56
07/10/2024 21:00,102.99
07/10/2024 21:15,100.2
07/10/2024 21:30,102.66
07/10/2024 21:45,103.42
07/10/2024 22:00,120.35
07/10/2024 22:15,106.2
07/10/2024 22:30,93.33
07/10/2024 22:45,72.52
07/10/2024 23:00,131.21
07/10/2024 23:15,108.61
07/10/2024 23:30,76.27
07/10/2024 23:45,69.1
08/10/2024 00:00,92.04
08/10/2024 00:15,84.98
08/10/2024 00:30,83.62
08/10/2024 00:45,71.1
08/10/2024 01:00,84.26
08/10/2024 01:15,72.65
08/10/2024 01:30,55.26
08/10/2024 01:45,26.34
08/10/2024 02:00,79.99
08/10/2024 02:15,67.6
08/10/2024 02:30,63.71
08/10/2024 02:45,75.76
08/10/2024 03:00,81.41
08/10/2024 03:15,68.87
08/10/2024 03:30,78.47
08/10/2024 03:45,77.72
08/10/2024 04:00,63.6
08/10/2024 04:15,67.14
08/10/2024 04:30,78.36
08/10/2024 04:45,88.58
08/10/2024 05:00,69.58
08/10/2024 05:15,71.53
08/10/2024 05:30,92.31
08/10/2024 05:45,78.41
08/10/2024 06:00,100.42
08/10/2024 06:15,112.18
08/10/2024 06:30,111.23
08/10/2024 06:45,110.09
08/10/2024 07:00,116.4
08/10/2024 07:15,95.75
08/10/2024 07:30,91.12
08/10/2024 07:45,93.39
08/10/2024 08:00,92.93
08/10/2024 08:15,93.45
08/10/2024 08:30,80.85
08/10/2024 08:45,69.06
08/10/2024 09:00,88.48
08/10/2024 09:15,61.62
08/10/2024 09:30,62.24
08/10/2024 09:45,66.16
08/10/2024 10:00,68.99
08/10/2024 10:15,50.35
08/10/2024 10:30,49.52
08/10/2024 10:45,39.59
08/10/2024 11:00,52.46
08/10/2024 11:15,40.25
08/10/2024 11:30,55.3
08/10/2024 11:45,64.87
08/10/2024 12:00,50.76
08/10/2024 12:15,77.91
08/10/2024 12:30,54.85
08/10/2024 12:45,46.81
08/10/2024 13:00,44.93
08/10/2024 13:15,65.15
08/10/2024 13:30,88.93
08/10/2024 13:45,111.83
08/10/2024 14:00,76.45
08/10/2024 14:15,83.99
08/10/2024 14:30,91.01
08/10/2024 14:45,97.52
08/10/2024 15:00,77.8
08/10/2024 15:15,76.9
08/10/2024 15:30,82.5
08/10/2024 15:45,115.3
08/10/2024 16:00,86.27
08/10/2024 16:15,81.82
08/10/2024 16:30,86.9
08/10/2024 16:45,132.29
08/10/2024 17:00,78.15
08/10/2024 17:15,81.57
08/10/2024 17:30,84.35
08/10/2024 17:45,98.84
08/10/2024 18:00,152.08
08/10/2024 18:15,110.36
08/10/2024 18:30,95.93
08/10/2024 18:45,91.05
08/10/2024 19:00,117.29
08/10/2024 19:15,102.07
08/10/2024 19:30,92.06
08/10/2024 19:45,81.02
08/10/2024 20:00,98.73
08/10/2024 20:15,90.12
08/10/2024 20:30,91.18
08/10/2024 20:45,71.7
08/10/2024 21:00,93.07
08/10/2024 21:15,77.43
08/10/2024 21:30,69.18
08/10/2024 21:45,71.38
08/10/2024 22:00,79.97
08/10/2024 22:15,71.66
08/10/2024 22:30,65.16
08/10/2024 22:45,38.58
08/10/2024 23:00,82.16
08/10/2024 23:15,65.67
08/10/2024 23:30,60.69
08/10/2024 23:45,44.6
09/10/2024 00:00,67.31
09/10/2024 00:15,56.15
09/10/2024 00:30,48.63
09/10/2024 00:45,39.71
09/10/2024 01:00,73.3
09/10/2024 01:15,48.4
09/10/2024 01:30,43.35
09/10/2024 01:45,41.42
09/10/2024 02:00,49.27
09/10/2024 02:15,16.46
09/10/2024 02:30,9.95
09/10/2024 02:45,7.41
09/10/2024 03:00,16.96
09/10/2024 03:15,39.35
09/10/2024 03:30,60.28
09/10/2024 03:45,65.93
09/10/2024 04:00,32.3
09/10/2024 04:15,36.27
09/10/2024 04:30,57.93
09/10/2024 04:45,66.84
09/10/2024 05:00,73.83
09/10/2024 05:15,97.9
09/10/2024 05:30,97.93
09/10/2024 05:45,101.15
09/10/2024 06:00,86.28
09/10/2024 06:15,83.75
09/10/2024 06:30,89.8
09/10/2024 06:45,94.59
09/10/2024 07:00,132.95
09/10/2024 07:15,111.23
09/10/2024 07:30,92.15
09/10/2024 07:45,85.4
09/10/2024 08:00,89.8
09/10/2024 08:15,91.2
09/10/2024 08:30,67.03
09/10/2024 08:45,52.56
09/10/2024 09:00,92.82
09/10/2024 09:15,69.39
09/10/2024 09:30,52.81
09/10/2024 09:45,43.75
09/10/2024 10:00,62.86
09/10/2024 10:15,34.89
09/10/2024 10:30,39.1
09/10/2024 10:45,48.99
09/10/2024 11:00,79.71
09/10/2024 11:15,71.97
09/10/2024 11:30,66.62
09/10/2024 11:45,69.85
09/10/2024 12:00,39.18
09/10/2024 12:15,54.46
09/10/2024 12:30,85.28
09/10/2024 12:45,85.15
09/10/2024 13:00,53.55
09/10/2024 13:15,63.35
09/10/2024 13:30,71.01
09/10/2024 13:45,70.02
09/10/2024 14:00,54.7
09/10/2024 14:15,59.14
09/10/2024 14:30,87.83
09/10/2024 14:45,87.79
09/10/2024 15:00,67.96
09/10/2024 15:15,74.33
09/10/2024 15:30,85.25
09/10/2024 15:45,103.96
09/10/2024 16:00,84.67
09/10/2024 16:15,85.34
09/10/2024 16:30,95.41
09/10/2024 16:45,197.64
09/10/2024 17:00,88.89
09/10/2024 17:15,76.87
09/10/2024 17:30,108.46
09/10/2024 17:45,152.99
09/10/2024 18:00,162.5
09/10/2024 18:15,96.45
09/10/2024 18:30,74.22
09/10/2024 18:45,68.42
09/10/2024 19:00,120.65
09/10/2024 19:15,66.56
09/10/2024 19:30,60.95
09/10/2024 19:45,55.09
09/10/2024 20:00,67.77
09/10/2024 20:15,74.5
09/10/2024 20:30,67.49
09/10/2024 20:45,63.15
09/10/2024 21:00,78.52
09/10/2024 21:15,65.87
09/10/2024 21:30,65.37
09/10/2024 21:45,52.3
09/10/2024 22:00,74.3
09/10/2024 22:15,68.37
09/10/2024 22:30,66.32
09/10/2024 22:45,64.99
09/10/2024 23:00,92.11
09/10/2024 23:15,94.15
09/10/2024 23:30,82.5
09/10/2024 23:45,45.18
10/10/2024 00:00,72.01
10/10/2024 00:15,59.03
10/10/2024 00:30,52.17
10/10/2024 00:45,42.47
10/10/2024 01:00,88.9
10/10/2024 01:15,59.15
10/10/2024 01:30,45.92
10/10/2024 01:45,13.87
10/10/2024 02:00,74.6
10/10/2024 02:15,41.75
10/10/2024 02:30,12
10/10/2024 02:45,-7.18
10/10/2024 03:00,53.48
10/10/2024 03:15,35.03
10/10/2024 03:30,52.81
10/10/2024 03:45,38.68
10/10/2024 04:00,0.98
10/10/2024 04:15,0.52
10/10/2024 04:30,18.54
10/10/2024 04:45,43.1
10/10/2024 05:00,22.56
10/10/2024 05:15,44.61
10/10/2024 05:30,61.68
10/10/2024 05:45,62.14
10/10/2024 06:00,73.79
10/10/2024 06:15,83.22
10/10/2024 06:30,83.58
10/10/2024 06:45,90.57
10/10/2024 07:00,103.77
10/10/2024 07:15,97.66
10/10/2024 07:30,84.5
10/10/2024 07:45,81.68
10/10/2024 08:00,87.6
10/10/2024 08:15,71.66
10/10/2024 08:30,59.32
10/10/2024 08:45,50.61
10/10/2024 09:00,70.58
10/10/2024 09:15,67.98
10/10/2024 09:30,55.78
10/10/2024 09:45,24.94
10/10/2024 10:00,81.5
10/10/2024 10:15,60.39
10/10/2024 10:30,65.27
10/10/2024 10:45,21.8
10/10/2024 11:00,62.54
10/10/2024 11:15,27.84
10/10/2024 11:30,19.9
10/10/2024 11:45,24.42
10/10/2024 12:00,47.65
10/10/2024 12:15,23.31
10/10/2024 12:30,24.04
10/10/2024 12:45,22.88
10/10/2024 13:00,-5.04
10/10/2024 13:15,16.16
10/10/2024 13:30,50.01
10/10/2024 13:45,74.56
10/10/2024 14:00,33.83
10/10/2024 14:15,51.82
10/10/2024 14:30,71.72
10/10/2024 14:45,82.11
10/10/2024 15:00,56.87
10/10/2024 15:15,74.68
10/10/2024 15:30,83.61
10/10/2024 15:45,78.73
10/10/2024 16:00,39.94
10/10/2024 16:15,63.04
10/10/2024 16:30,78.41
10/10/2024 16:45,95.03
10/10/2024 17:00,85.85
10/10/2024 17:15,104.96
10/10/2024 17:30,163.36
10/10/2024 17:45,227.26
10/10/2024 18:00,202.13
10/10/2024 18:15,107.26
10/10/2024 18:30,149.05
10/10/2024 18:45,164.14
10/10/2024 19:00,180.59
10/10/2024 19:15,102.72
10/10/2024 19:30,91.02
10/10/2024 19:45,97.7
10/10/2024 20:00,114.32
10/10/2024 20:15,95.25
10/10/2024 20:30,72.76
10/10/2024 20:45,70.23
10/10/2024 21:00,97.14
10/10/2024 21:15,89.63
10/10/2024 21:30,95.26
10/10/2024 21:45,94.14
10/10/2024 22:00,105.35
10/10/2024 22:15,100.39
10/10/2024 22:30,85.4
10/10/2024 22:45,79.49
10/10/2024 23:00,103.52
10/10/2024 23:15,86.22
10/10/2024 23:30,71.58
10/10/2024 23:45,66.86
11/10/2024 00:00,76.64
11/10/2024 00:15,71.2
11/10/2024 00:30,74.49
11/10/2024 00:45,66.99
11/10/2024 01:00,77.85
11/10/2024 01:15,66.98
11/10/2024 01:30,62.23
11/10/2024 01:45,60.14
11/10/2024 02:00,56.36
11/10/2024 02:15,59.12
11/10/2024 02:30,63.91
11/10/2024 02:45,48.84
11/10/2024 03:00,43.3
11/10/2024 03:15,47.9
11/10/2024 03:30,45.17
11/10/2024 03:45,61.57
11/10/2024 04:00,56.67
11/10/2024 04:15,68.99
11/10/2024 04:30,84.12
11/10/2024 04:45,90.43
11/10/2024 05:00,64.39
11/10/2024 05:15,70.58
11/10/2024 05:30,84.1
11/10/2024 05:45,105.85
11/10/2024 06:00,93.7
11/10/2024 06:15,105.11
11/10/2024 06:30,120.76
11/10/2024 06:45,128.1
11/10/2024 07:00,167.39
11/10/2024 07:15,144.53
11/10/2024 07:30,118.7
11/10/2024 07:45,86.49
11/10/2024 08:00,147.74
11/10/2024 08:15,106.71
11/10/2024 08:30,92.18
11/10/2024 08:45,135.55
11/10/2024 09:00,137.92
11/10/2024 09:15,87.73
11/10/2024 09:30,73.64
11/10/2024 09:45,73.45
11/10/2024 10:00,107.56
11/10/2024 10:15,65.49
11/10/2024 10:30,61.76
11/10/2024 10:45,66.16
11/10/2024 11:00,77.15
11/10/2024 11:15,62.17
11/10/2024 11:30,58.21
11/10/2024 11:45,27.74
11/10/2024 12:00,55.11
11/10/2024 12:15,29.15
11/10/2024 12:30,26.33
11/10/2024 12:45,18.21
11/10/2024 13:00,46.66
11/10/2024 13:15,65.5
11/10/2024 13:30,67.76
11/10/2024 13:45,86
11/10/2024 14:00,59.29
11/10/2024 14:15,67.5
11/10/2024 14:30,62.21
11/10/2024 14:45,69.92
11/10/2024 15:00,58.78
11/10/2024 15:15,67.39
11/10/2024 15:30,92.71
11/10/2024 15:45,98.02
11/10/2024 16:00,64.77
11/10/2024 16:15,67.37
11/10/2024 16:30,113.68
11/10/2024 16:45,185.27
11/10/2024 17:00,67.33
11/10/2024 17:15,71.27
11/10/2024 17:30,123.98
11/10/2024 17:45,197.73
11/10/2024 18:00,132.48
11/10/2024 18:15,103.5
11/10/2024 18:30,99.34
11/10/2024 18:45,90.18
11/10/2024 19:00,149.77
11/10/2024 19:15,87.26
11/10/2024 19:30,76.74
11/10/2024 19:45,80.59
11/10/2024 20:00,115
11/10/2024 20:15,101.46
11/10/2024 20:30,71.55
11/10/2024 20:45,83.7
11/10/2024 21:00,85.33
11/10/2024 21:15,74.68
11/10/2024 21:30,76.87
11/10/2024 21:45,64.02
11/10/2024 22:00,79.46
11/10/2024 22:15,71.51
11/10/2024 22:30,72.74
11/10/2024 22:45,65.33
11/10/2024 23:00,93.95
11/10/2024 23:15,90.77
11/10/2024 23:30,68.14
11/10/2024 23:45,62.46
12/10/2024 00:00,63.31
12/10/2024 00:15,48.26
12/10/2024 00:30,54.88
12/10/2024 00:45,53.72
12/10/2024 01:00,76.62
12/10/2024 01:15,79.99
12/10/2024 01:30,80.55
12/10/2024 01:45,83.82
12/10/2024 02:00,77.59
12/10/2024 02:15,59.07
12/10/2024 02:30,48.18
12/10/2024 02:45,49.33
12/10/2024 03:00,76.24
12/10/2024 03:15,77.05
12/10/2024 03:30,80.27
12/10/2024 03:45,77.88
12/10/2024 04:00,80.62
12/10/2024 04:15,70.59
12/10/2024 04:30,59.12
12/10/2024 04:45,47.12
12/10/2024 05:00,66.26
12/10/2024 05:15,65.55
12/10/2024 05:30,72.01
12/10/2024 05:45,71.45
12/10/2024 06:00,73.16
12/10/2024 06:15,72.06
12/10/2024 06:30,67.56
12/10/2024 06:45,74.44
12/10/2024 07:00,88.48
12/10/2024 07:15,80.65
12/10/2024 07:30,63.31
12/10/2024 07:45,57.29
12/10/2024 08:00,71.59
12/10/2024 08:15,62.5
12/10/2024 08:30,31.24
12/10/2024 08:45,11.15
12/10/2024 09:00,41.83
12/10/2024 09:15,51.52
12/10/2024 09:30,37.24
12/10/2024 09:45,39.11
12/10/2024 10:00,52.39
12/10/2024 10:15,44.61
12/10/2024 10:30,33.09
12/10/2024 10:45,6.1
12/10/2024 11:00,41.59
12/10/2024 11:15,12.04
12/10/2024 11:30,13.39
12/10/2024 11:45,1.41
12/10/2024 12:00,45.36
12/10/2024 12:15,31.53
12/10/2024 12:30,15.18
12/10/2024 12:45,22.26
12/10/2024 13:00,0.02
12/10/2024 13:15,9.47
12/10/2024 13:30,26.35
12/10/2024 13:45,59.31
12/10/2024 14:00,35.9
12/10/2024 14:15,57.13
12/10/2024 14:30,53.18
12/10/2024 14:45,62.6
12/10/2024 15:00,53.73
12/10/2024 15:15,70.64
12/10/2024 15:30,64.42
12/10/2024 15:45,60.08
12/10/2024 16:00,52.18
12/10/2024 16:15,71.02
12/10/2024 16:30,77.12
12/10/2024 16:45,80.55
12/10/2024 17:00,72.24
12/10/2024 17:15,74.38
12/10/2024 17:30,83.95
12/10/2024 17:45,65.84
12/10/2024 18:00,85.51
12/10/2024 18:15,61.53
12/10/2024 18:30,66.9
12/10/2024 18:45,66.37
12/10/2024 19:00,81.51
12/10/2024 19:15,82.35
12/10/2024 19:30,59.36
12/10/2024 19:45,41.9
12/10/2024 20:00,62.29
12/10/2024 20:15,37.1
12/10/2024 20:30,24.86
12/10/2024 20:45,0.63
12/10/2024 21:00,26.52
12/10/2024 21:15,0.98
12/10/2024 21:30,36.72
12/10/2024 21:45,27.31
12/10/2024 22:00,37.86
12/10/2024 22:15,10.05
12/10/2024 22:30,7.74
12/10/2024 22:45,-3.48
12/10/2024 23:00,28.94
12/10/2024 23:15,-3.15
12/10/2024 23:30,-5.53
12/10/2024 23:45,-6.17
13/10/2024 00:00,31.86
13/10/2024 00:15,13.11
13/10/2024 00:30,25.91
13/10/2024 00:45,19.29
13/10/2024 01:00,19.81
13/10/2024 01:15,5.74
13/10/2024 01:30,12.38
13/10/2024 01:45,2.06
13/10/2024 02:00,21.11
13/10/2024 02:15,4.18
13/10/2024 02:30,2.77
13/10/2024 02:45,0.34
13/10/2024 03:00,12.25
13/10/2024 03:15,1.87
13/10/2024 03:30,1.06
13/10/2024 03:45,0.87
13/10/2024 04:00,24.31
13/10/2024 04:15,14.48
13/10/2024 04:30,9.36
13/10/2024 04:45,-1.6
13/10/2024 05:00,0.61
13/10/2024 05:15,4.55
13/10/2024 05:30,4.95
13/10/2024 05:45,-2.94
13/10/2024 06:00,2.31
13/10/2024 06:15,14.6
13/10/2024 06:30,18.7
13/10/2024 06:45,20.43
13/10/2024 07:00,18.15
13/10/2024 07:15,18.61
13/10/2024 07:30,11.79
13/10/2024 07:45,5.27
13/10/2024 08:00,13.93
13/10/2024 08:15,11.84
13/10/2024 08:30,26.56
13/10/2024 08:45,19.78
13/10/2024 09:00,51.02
13/10/2024 09:15,27.17
13/10/2024 09:30,2.55
13/10/2024 09:45,-2.75
13/10/2024 10:00,7.57
13/10/2024 10:15,0.46
13/10/2024 10:30,-1.5
13/10/2024 10:45,-5.92
13/10/2024 11:00,2.52
13/10/2024 11:15,1.08
13/10/2024 11:30,0.13
13/10/2024 11:45,-2.04
13/10/2024 12:00,3.29
13/10/2024 12:15,-0.59
13/10/2024 12:30,-1.65
13/10/2024 12:45,-3.53
13/10/2024 13:00,-11.17
13/10/2024 13:15,-2.52
13/10/2024 13:30,-0.28
13/10/2024 13:45,2.28
13/10/2024 14:00,-18.41
13/10/2024 14:15,-2.84
13/10/2024 14:30,-0.21
13/10/2024 14:45,41.16
13/10/2024 15:00,-14.29
13/10/2024 15:15,-2.98
13/10/2024 15:30,22.38
13/10/2024 15:45,37.1
13/10/2024 16:00,-10.56
13/10/2024 16:15,35.51
13/10/2024 16:30,62.32
13/10/2024 16:45,79.07
13/10/2024 17:00,48.89
13/10/2024 17:15,68.46
13/10/2024 17:30,67.46
13/10/2024 17:45,61.05
13/10/2024 18:00,55.22
13/10/2024 18:15,58.81
13/10/2024 18:30,66.79
13/10/2024 18:45,77.02
13/10/2024 19:00,62.48
13/10/2024 19:15,72.64
13/10/2024 19:30,55.92
13/10/2024 19:45,55.61
13/10/2024 20:00,80.77
13/10/2024 20:15,79.44
13/10/2024 20:30,61.68
13/10/2024 20:45,34.04
13/10/2024 21:00,66.71
13/10/2024 21:15,49.38
13/10/2024 21:30,59.24
13/10/2024 21:45,51.35
13/10/2024 22:00,46.93
13/10/2024 22:15,58.56
13/10/2024 22:30,37.28
13/10/2024 22:45,17.78
13/10/2024 23:00,48.39
13/10/2024 23:15,44.84
13/10/2024 23:30,25.06
13/10/2024 23:45,31.21
14/10/2024 00:00,41.06
14/10/2024 00:15,40.78
14/10/2024 00:30,39.03
14/10/2024 00:45,27.32
14/10/2024 01:00,19.12
14/10/2024 01:15,42.07
14/10/2024 01:30,38.02
14/10/2024 01:45,65.07
14/10/2024 02:00,39.07
14/10/2024 02:15,38.35
14/10/2024 02:30,46.41
14/10/2024 02:45,64.46
14/10/2024 03:00,41.53
14/10/2024 03:15,35.05
14/10/2024 03:30,39.54
14/10/2024 03:45,24.78
14/10/2024 04:00,13.44
14/10/2024 04:15,12.56
14/10/2024 04:30,41.89
14/10/2024 04:45,32.5
14/10/2024 05:00,51.82
14/10/2024 05:15,70.52
14/10/2024 05:30,110.44
14/10/2024 05:45,93.09
14/10/2024 06:00,84.48
14/10/2024 06:15,94.14
14/10/2024 06:30,116.67
14/10/2024 06:45,112.48
14/10/2024 07:00,152.28
14/10/2024 07:15,133.16
14/10/2024 07:30,125.92
14/10/2024 07:45,106.35
14/10/2024 08:00,140.44
14/10/2024 08:15,113.98
14/10/2024 08:30,99.08
14/10/2024 08:45,95.94
14/10/2024 09:00,152.66
14/10/2024 09:15,109.44
14/10/2024 09:30,98.84
14/10/2024 09:45,95.03
14/10/2024 10:00,101.64
14/10/2024 10:15,94.22
14/10/2024 10:30,100.71
14/10/2024 10:45,109.75
14/10/2024 11:00,109.93
14/10/2024 11:15,103.67
14/10/2024 11:30,105.94
14/10/2024 11:45,117.49
14/10/2024 12:00,104.59
14/10/2024 12:15,102.33
14/10/2024 12:30,112.28
14/10/2024 12:45,111.51
14/10/2024 13:00,98.48
14/10/2024 13:15,95.5
14/10/2024 13:30,100.85
14/10/2024 13:45,112.66
14/10/2024 14:00,98.62
14/10/2024 14:15,122.07
14/10/2024 14:30,118.78
14/10/2024 14:45,112.83
14/10/2024 15:00,99.78
14/10/2024 15:15,117.23
14/10/2024 15:30,145.78
14/10/2024 15:45,185.1
14/10/2024 16:00,111.94
14/10/2024 16:15,114.97
14/10/2024 16:30,165.16
14/10/2024 16:45,456.57
14/10/2024 17:00,171.26
14/10/2024 17:15,205.83
14/10/2024 17:30,271.38
14/10/2024 17:45,382.88
14/10/2024 18:00,437.11
14/10/2024 18:15,232.81
14/10/2024 18:30,134.72
14/10/2024 18:45,110.13
14/10/2024 19:00,326.51
14/10/2024 19:15,154.4
14/10/2024 19:30,106.49
14/10/2024 19:45,97.98
14/10/2024 20:00,126.32
14/10/2024 20:15,102.58
14/10/2024 20:30,95.03
14/10/2024 20:45,92.39
14/10/2024 21:00,103.65
14/10/2024 21:15,88.99
14/10/2024 21:30,100.6
14/10/2024 21:45,94.65
14/10/2024 22:00,100.12
14/10/2024 22:15,100.95
14/10/2024 22:30,90
14/10/2024 22:45,78.01
14/10/2024 23:00,102.72
14/10/2024 23:15,99.88
14/10/2024 23:30,82.82
14/10/2024 23:45,79.04
15/10/2024 00:00,88.65
15/10/2024 00:15,82.76
15/10/2024 00:30,82.94
15/10/2024 00:45,80.81
15/10/2024 01:00,90.29
15/10/2024 01:15,80.96
15/10/2024 01:30,83.24
15/10/2024 01:45,81.59
15/10/2024 02:00,85.6
15/10/2024 02:15,77.92
15/10/2024 02:30,74.23
15/10/2024 02:45,76.47
15/10/2024 03:00,82.73
15/10/2024 03:15,78.04
15/10/2024 03:30,85.49
15/10/2024 03:45,91.27
15/10/2024 04:00,68.08
15/10/2024 04:15,79.99
15/10/2024 04:30,87.09
15/10/2024 04:45,90.02
15/10/2024 05:00,87.93
15/10/2024 05:15,98.97
15/10/2024 05:30,121.4
15/10/2024 05:45,309.16
15/10/2024 06:00,102.09
15/10/2024 06:15,106.48
15/10/2024 06:30,134.43
15/10/2024 06:45,250.1
15/10/2024 07:00,596.71
15/10/2024 07:15,249.78
15/10/2024 07:30,133.32
15/10/2024 07:45,119.7
15/10/2024 08:00,214.01
15/10/2024 08:15,100.15
15/10/2024 08:30,79.04
15/10/2024 08:45,74.8
15/10/2024 09:00,112.67
15/10/2024 09:15,87.04
15/10/2024 09:30,72.6
15/10/2024 09:45,61.6
15/10/2024 10:00,92.75
15/10/2024 10:15,95.87
15/10/2024 10:30,94.01
15/10/2024 10:45,94.79
15/10/2024 11:00,100.37
15/10/2024 11:15,87.64
15/10/2024 11:30,80.76
15/10/2024 11:45,74.79
15/10/2024 12:00,89.35
15/10/2024 12:15,86.42
15/10/2024 12:30,75.93
15/10/2024 12:45,52.85
15/10/2024 13:00,69.55
15/10/2024 13:15,66.12
15/10/2024 13:30,71.01
15/10/2024 13:45,77.97
15/10/2024 14:00,85.34
15/10/2024 14:15,87.46
15/10/2024 14:30,100.86
15/10/2024 14:45,100.77
15/10/2024 15:00,59.87
15/10/2024 15:15,72.05
15/10/2024 15:30,98.47
15/10/2024 15:45,116.29
15/10/2024 16:00,110.83
15/10/2024 16:15,169.06
15/10/2024 16:30,151.53
15/10/2024 16:45,160.78
15/10/2024 17:00,195.24
15/10/2024 17:15,310.15
15/10/2024 17:30,322.97
15/10/2024 17:45,120.8
15/10/2024 18:00,143.64
15/10/2024 18:15,79.24
15/10/2024 18:30,88.48
15/10/2024 18:45,80.19
15/10/2024 19:00,106.58
15/10/2024 19:15,99.87
15/10/2024 19:30,70.4
15/10/2024 19:45,71.02
15/10/2024 20:00,84.58
15/10/2024 20:15,83.73
15/10/2024 20:30,67.17
15/10/2024 20:45,54.88
15/10/2024 21:00,90.07
15/10/2024 21:15,61.29
15/10/2024 21:30,20.89
15/10/2024 21:45,5.02
15/10/2024 22:00,87.68
15/10/2024 22:15,71.04
15/10/2024 22:30,60.92
15/10/2024 22:45,24.44
15/10/2024 23:00,69.32
15/10/2024 23:15,55.78
15/10/2024 23:30,15.67
15/10/2024 23:45,2.86
16/10/2024 00:00,43.56
16/10/2024 00:15,3.76
16/10/2024 00:30,-9.33
16/10/2024 00:45,-7.73
16/10/2024 01:00,1.24
16/10/2024 01:15,-3.66
16/10/2024 01:30,-3.76
16/10/2024 01:45,-7.59
16/10/2024 02:00,-2.17
16/10/2024 02:15,4.1
16/10/2024 02:30,7.04
16/10/2024 02:45,15.29
16/10/2024 03:00,-2.47
16/10/2024 03:15,-2.48
16/10/2024 03:30,9.25
16/10/2024 03:45,53.29
16/10/2024 04:00,-4.01
16/10/2024 04:15,3.95
16/10/2024 04:30,23.03
16/10/2024 04:45,57.79
16/10/2024 05:00,-10.57
16/10/2024 05:15,54.98
16/10/2024 05:30,81.91
16/10/2024 05:45,93.01
16/10/2024 06:00,44.96
16/10/2024 06:15,74.06
16/10/2024 06:30,70.44
16/10/2024 06:45,42.31
16/10/2024 07:00,100.31
16/10/2024 07:15,79.61
16/10/2024 07:30,48.08
16/10/2024 07:45,37.51
16/10/2024 08:00,89.46
16/10/2024 08:15,85.75
16/10/2024 08:30,81.9
16/10/2024 08:45,28.01
16/10/2024 09:00,64.33
16/10/2024 09:15,51.76
16/10/2024 09:30,29.77
16/10/2024 09:45,-0.27
16/10/2024 10:00,54.3
16/10/2024 10:15,6.66
16/10/2024 10:30,23.25
16/10/2024 10:45,27.26
16/10/2024 11:00,68.06
16/10/2024 11:15,65.26
16/10/2024 11:30,59.21
16/10/2024 11:45,47.86
16/10/2024 12:00,32.7
16/10/2024 12:15,36.29
16/10/2024 12:30,27.95
16/10/2024 12:45,35.98
16/10/2024 13:00,2.52
16/10/2024 13:15,50.69
16/10/2024 13:30,40.89
16/10/2024 13:45,74.99
16/10/2024 14:00,0.77
16/10/2024 14:15,34.77
16/10/2024 14:30,71.91
16/10/2024 14:45,80.52
16/10/2024 15:00,42.86
16/10/2024 15:15,71.44
16/10/2024 15:30,93.51
16/10/2024 15:45,104.84
16/10/2024 16:00,59.07
16/10/2024 16:15,87.85
16/10/2024 16:30,88.56
16/10/2024 16:45,94.09
16/10/2024 17:00,93.84
16/10/2024 17:15,81.62
16/10/2024 17:30,67.68
16/10/2024 17:45,38.18
16/10/2024 18:00,57.72
16/10/2024 18:15,39.76
16/10/2024 18:30,13.61
16/10/2024 18:45,12.68
16/10/2024 19:00,29.3
16/10/2024 19:15,25.24
16/10/2024 19:30,28.84
16/10/2024 19:45,21.58
16/10/2024 20:00,37.2
16/10/2024 20:15,32.6
16/10/2024 20:30,28.17
16/10/2024 20:45,7.71
16/10/2024 21:00,34.41
16/10/2024 21:15,29.91
16/10/2024 21:30,20.16
16/10/2024 21:45,4.15
16/10/2024 22:00,32.88
16/10/2024 22:15,18.38
16/10/2024 22:30,11.64
16/10/2024 22:45,0.05
16/10/2024 23:00,24.81
16/10/2024 23:15,35.59
16/10/2024 23:30,16.44
16/10/2024 23:45,6.43
17/10/2024 00:00,4.58
17/10/2024 00:15,4.15
17/10/2024 00:30,9.95
17/10/2024 00:45,3.3
17/10/2024 01:00,8.56
17/10/2024 01:15,-1.78
17/10/2024 01:30,-3.94
17/10/2024 01:45,-6.25
17/10/2024 02:00,-5.19
17/10/2024 02:15,0.85
17/10/2024 02:30,2.25
17/10/2024 02:45,8.53
17/10/2024 03:00,0.87
17/10/2024 03:15,41.94
17/10/2024 03:30,67.21
17/10/2024 03:45,62.61
17/10/2024 04:00,6.58
17/10/2024 04:15,1.98
17/10/2024 04:30,23.59
17/10/2024 04:45,52.29
17/10/2024 05:00,50.98
17/10/2024 05:15,79.17
17/10/2024 05:30,87.45
17/10/2024 05:45,93.83
17/10/2024 06:00,68.5
17/10/2024 06:15,88.23
17/10/2024 06:30,95.41
17/10/2024 06:45,102.93
17/10/2024 07:00,102.86
17/10/2024 07:15,105.42
17/10/2024 07:30,92.36
17/10/2024 07:45,73.85
17/10/2024 08:00,111.4
17/10/2024 08:15,94.84
17/10/2024 08:30,84.45
17/10/2024 08:45,63.27
17/10/2024 09:00,101.37
17/10/2024 09:15,86.48
17/10/2024 09:30,73.89
17/10/2024 09:45,76.61
17/10/2024 10:00,88.63
17/10/2024 10:15,68.03
17/10/2024 10:30,76.43
17/10/2024 10:45,77.13
17/10/2024 11:00,92.73
17/10/2024 11:15,74.73
17/10/2024 11:30,72.57
17/10/2024 11:45,67.64
17/10/2024 12:00,62.94
17/10/2024 12:15,64.18
17/10/2024 12:30,71.7
17/10/2024 12:45,81.59
17/10/2024 13:00,43.42
17/10/2024 13:15,87.35
17/10/2024 13:30,96.85
17/10/2024 13:45,113.74
17/10/2024 14:00,65.36
17/10/2024 14:15,83.23
17/10/2024 14:30,94.48
17/10/2024 14:45,102.32
17/10/2024 15:00,73.38
17/10/2024 15:15,92.4
17/10/2024 15:30,108.22
17/10/2024 15:45,214.5
17/10/2024 16:00,78.71
17/10/2024 16:15,107.23
17/10/2024 16:30,107.94
17/10/2024 16:45,125.32
17/10/2024 17:00,103.24
17/10/2024 17:15,111.12
17/10/2024 17:30,164.99
17/10/2024 17:45,172.51
17/10/2024 18:00,197.52
17/10/2024 18:15,114.12
17/10/2024 18:30,96.72
17/10/2024 18:45,87.47
17/10/2024 19:00,119.57
17/10/2024 19:15,104.12
17/10/2024 19:30,85.44
17/10/2024 19:45,78.79
17/10/2024 20:00,107.76
17/10/2024 20:15,101.69
17/10/2024 20:30,88.71
17/10/2024 20:45,79.36
17/10/2024 21:00,96.21
17/10/2024 21:15,95.25
17/10/2024 21:30,91.8
17/10/2024 21:45,71.4
17/10/2024 22:00,93.48
17/10/2024 22:15,81.25
17/10/2024 22:30,80.22
17/10/2024 22:45,83.8
17/10/2024 23:00,110.04
17/10/2024 23:15,104.05
17/10/2024 23:30,89.91
17/10/2024 23:45,82.28
18/10/2024 00:00,103.31
18/10/2024 00:15,100.53
18/10/2024 00:30,102.38
18/10/2024 00:45,93.3
18/10/2024 01:00,93.3
18/10/2024 01:15,91.36
18/10/2024 01:30,96.24
18/10/2024 01:45,102.51
18/10/2024 02:00,88.75
18/10/2024 02:15,85.29
18/10/2024 02:30,85.47
18/10/2024 02:45,87.56
18/10/2024 03:00,89.21
18/10/2024 03:15,94.55
18/10/2024 03:30,117.89
18/10/2024 03:45,104.76
18/10/2024 04:00,74.61
18/10/2024 04:15,80.07
18/10/2024 04:30,91.04
18/10/2024 04:45,102.41
18/10/2024 05:00,80.22
18/10/2024 05:15,101.01
18/10/2024 05:30,131.06
18/10/2024 05:45,155.98
18/10/2024 06:00,85.4
18/10/2024 06:15,99.6
18/10/2024 06:30,163.8
18/10/2024 06:45,298.21
18/10/2024 07:00,228.85
18/10/2024 07:15,154.68
18/10/2024 07:30,112.85
18/10/2024 07:45,97.09
18/10/2024 08:00,129.31
18/10/2024 08:15,87.98
18/10/2024 08:30,89.51
18/10/2024 08:45,91.14
18/10/2024 09:00,127.34
18/10/2024 09:15,130.02
18/10/2024 09:30,116.44
18/10/2024 09:45,108.27
18/10/2024 10:00,130.08
18/10/2024 10:15,105.27
18/10/2024 10:30,91.97
18/10/2024 10:45,94.45
18/10/2024 11:00,120.17
18/10/2024 11:15,99.09
18/10/2024 11:30,94.66
18/10/2024 11:45,86.15
18/10/2024 12:00,97.28
18/10/2024 12:15,83.42
18/10/2024 12:30,73.92
18/10/2024 12:45,68.36
18/10/2024 13:00,76.95
18/10/2024 13:15,81.04
18/10/2024 13:30,100.15
18/10/2024 13:45,111.91
18/10/2024 14:00,85.31
18/10/2024 14:15,99.62
18/10/2024 14:30,109.74
18/10/2024 14:45,114.89
18/10/2024 15:00,79.64
18/10/2024 15:15,95.56
18/10/2024 15:30,123.66
18/10/2024 15:45,150.22
18/10/2024 16:00,97.51
18/10/2024 16:15,125.44
18/10/2024 16:30,138.05
18/10/2024 16:45,193.78
18/10/2024 17:00,114.74
18/10/2024 17:15,135.02
18/10/2024 17:30,134.78
18/10/2024 17:45,120.87
18/10/2024 18:00,141.48
18/10/2024 18:15,107.92
18/10/2024 18:30,107
18/10/2024 18:45,108.37
18/10/2024 19:00,176.5
18/10/2024 19:15,113.46
18/10/2024 19:30,96.02
18/10/2024 19:45,93.26
18/10/2024 20:00,107.82
18/10/2024 20:15,106.53
18/10/2024 20:30,79.99
18/10/2024 20:45,76.14
18/10/2024 21:00,93.94
18/10/2024 21:15,80.79
18/10/2024 21:30,86.7
18/10/2024 21:45,94.97
18/10/2024 22:00,102.7
18/10/2024 22:15,92.64
18/10/2024 22:30,80.76
18/10/2024 22:45,76.29
18/10/2024 23:00,111.11
18/10/2024 23:15,102.99
18/10/2024 23:30,83.07
18/10/2024 23:45,73.98
19/10/2024 00:00,102.84
19/10/2024 00:15,104.01
19/10/2024 00:30,82.8
19/10/2024 00:45,72.23
19/10/2024 01:00,98.7
19/10/2024 01:15,97.26
19/10/2024 01:30,89.32
19/10/2024 01:45,74.04
19/10/2024 02:00,97.77
19/10/2024 02:15,93.55
19/10/2024 02:30,99.63
19/10/2024 02:45,79.92
19/10/2024 03:00,79.64
19/10/2024 03:15,74.41
19/10/2024 03:30,73.97
19/10/2024 03:45,73.91
19/10/2024 04:00,81.15
19/10/2024 04:15,76.73
19/10/2024 04:30,84.19
19/10/2024 04:45,94.87
19/10/2024 05:00,68.78
19/10/2024 05:15,75.65
19/10/2024 05:30,94.04
19/10/2024 05:45,88.44
19/10/2024 06:00,77.99
19/10/2024 06:15,93.21
19/10/2024 06:30,102.24
19/10/2024 06:45,118.29
19/10/2024 07:00,100.66
19/10/2024 07:15,102.36
19/10/2024 07:30,97.54
19/10/2024 07:45,88.06
19/10/2024 08:00,130.81
19/10/2024 08:15,98.97
19/10/2024 08:30,99.4
19/10/2024 08:45,89.49
19/10/2024 09:00,121.6
19/10/2024 09:15,84.54
19/10/2024 09:30,82.88
19/10/2024 09:45,90.72
19/10/2024 10:00,120.86
19/10/2024 10:15,102.71
19/10/2024 10:30,91.46
19/10/2024 10:45,79.03
19/10/2024 11:00,91.93
19/10/2024 11:15,85.14
19/10/2024 11:30,87.47
19/10/2024 11:45,74.49
19/10/2024 12:00,87.12
19/10/2024 12:15,81.39
19/10/2024 12:30,79.6
19/10/2024 12:45,75.81
19/10/2024 13:00,67.76
19/10/2024 13:15,75.34
19/10/2024 13:30,87.76
19/10/2024 13:45,80.26
19/10/2024 14:00,78.98
19/10/2024 14:15,85.62
19/10/2024 14:30,97.96
19/10/2024 14:45,105.79
19/10/2024 15:00,73.12
19/10/2024 15:15,100.36
19/10/2024 15:30,107.3
19/10/2024 15:45,122.12
19/10/2024 16:00,80.26
19/10/2024 16:15,88.58
19/10/2024 16:30,97.28
19/10/2024 16:45,122.38
19/10/2024 17:00,101.57
19/10/2024 17:15,99.32
19/10/2024 17:30,108.69
19/10/2024 17:45,121.91
19/10/2024 18:00,131.2
19/10/2024 18:15,87.73
19/10/2024 18:30,85.85
19/10/2024 18:45,83.09
19/10/2024 19:00,106.42
19/10/2024 19:15,103.28
19/10/2024 19:30,67.74
19/10/2024 19:45,46.51
19/10/2024 20:00,79.94
19/10/2024 20:15,87.62
19/10/2024 20:30,80.25
19/10/2024 20:45,78.61
19/10/2024 21:00,101.72
19/10/2024 21:15,86.11
19/10/2024 21:30,72.41
19/10/2024 21:45,67.83
19/10/2024 22:00,72.13
19/10/2024 22:15,56.7
19/10/2024 22:30,56.52
19/10/2024 22:45,54.16
19/10/2024 23:00,76.54
19/10/2024 23:15,87.45
19/10/2024 23:30,57.09
19/10/2024 23:45,45.32
20/10/2024 00:00,69.39
20/10/2024 00:15,54.62
20/10/2024 00:30,52
20/10/2024 00:45,49.69
20/10/2024 01:00,56.71
20/10/2024 01:15,41.44
20/10/2024 01:30,51.04
20/10/2024 01:45,57.21
20/10/2024 02:00,30.57
20/10/2024 02:15,36.17
20/10/2024 02:30,44.49
20/10/2024 02:45,53.54
20/10/2024 03:00,32.09
20/10/2024 03:15,38.56
20/10/2024 03:30,43.89
20/10/2024 03:45,42.45
20/10/2024 04:00,39.93
20/10/2024 04:15,30.05
20/10/2024 04:30,34.52
20/10/2024 04:45,43.47
20/10/2024 05:00,17.49
20/10/2024 05:15,30.97
20/10/2024 05:30,37.77
20/10/2024 05:45,34.8
20/10/2024 06:00,41.01
20/10/2024 06:15,67.17
20/10/2024 06:30,76.96
20/10/2024 06:45,83.47
20/10/2024 07:00,80.35
20/10/2024 07:15,80.41
20/10/2024 07:30,71.96
20/10/2024 07:45,62.93
20/10/2024 08:00,87.04
20/10/2024 08:15,82.29
20/10/2024 08:30,59.4
20/10/2024 08:45,19.66
20/10/2024 09:00,73.44
20/10/2024 09:15,24.95
20/10/2024 09:30,1.03
20/10/2024 09:45,-12.92
20/10/2024 10:00,61.46
20/10/2024 10:15,0.83
20/10/2024 10:30,-0.49
20/10/2024 10:45,-19.04
20/10/2024 11:00,42.5
20/10/2024 11:15,12.46
20/10/2024 11:30,28.95
20/10/2024 11:45,-9.39
20/10/2024 12:00,47.19
20/10/2024 12:15,12.45
20/10/2024 12:30,0.02
20/10/2024 12:45,-7.28
20/10/2024 13:00,-6.44
20/10/2024 13:15,-6.44
20/10/2024 13:30,-4.99
20/10/2024 13:45,21.19
20/10/2024 14:00,-38.16
20/10/2024 14:15,-4.56
20/10/2024 14:30,5.07
20/10/2024 14:45,59.47
20/10/2024 15:00,-11.47
20/10/2024 15:15,30.7
20/10/2024 15:30,66.14
20/10/2024 15:45,77.21
20/10/2024 16:00,54.51
20/10/2024 16:15,65.69
20/10/2024 16:30,69.53
20/10/2024 16:45,62.2
20/10/2024 17:00,43.43
20/10/2024 17:15,37.22
20/10/2024 17:30,32.28
20/10/2024 17:45,16.56
20/10/2024 18:00,46.76
20/10/2024 18:15,46.12
20/10/2024 18:30,17.47
20/10/2024 18:45,18.35
20/10/2024 19:00,30.92
20/10/2024 19:15,18.08
20/10/2024 19:30,2.52
20/10/2024 19:45,-15.41
20/10/2024 20:00,27.77
20/10/2024 20:15,7.16
20/10/2024 20:30,-6.99
20/10/2024 20:45,-19.75
20/10/2024 21:00,16.88
20/10/2024 21:15,0.18
20/10/2024 21:30,-4.45
20/10/2024 21:45,-21.24
20/10/2024 22:00,25.15
20/10/2024 22:15,3.82
20/10/2024 22:30,-3.03
20/10/2024 22:45,-8.85
20/10/2024 23:00,14.1
20/10/2024 23:15,-4.19
20/10/2024 23:30,-15.23
20/10/2024 23:45,-15.59
21/10/2024 00:00,-9.72
21/10/2024 00:15,-16.53
21/10/2024 00:30,-14.09
21/10/2024 00:45,-14.82
21/10/2024 01:00,-5.79
21/10/2024 01:15,-7.84
21/10/2024 01:30,-13.01
21/10/2024 01:45,-13.81
21/10/2024 02:00,-14.27
21/10/2024 02:15,-18.18
21/10/2024 02:30,-16.5
21/10/2024 02:45,-5.15
21/10/2024 03:00,-23.59
21/10/2024 03:15,-23.94
21/10/2024 03:30,-17.63
21/10/2024 03:45,-6.07
21/10/2024 04:00,-31.76
21/10/2024 04:15,-24.08
21/10/2024 04:30,-2.69
21/10/2024 04:45,34.27
21/10/2024 05:00,-6.9
21/10/2024 05:15,67.42
21/10/2024 05:30,99.92
21/10/2024 05:45,113.92
21/10/2024 06:00,86.82
21/10/2024 06:15,89.48
21/10/2024 06:30,91.66
21/10/2024 06:45,96.44
21/10/2024 07:00,103.53
21/10/2024 07:15,125.01
21/10/2024 07:30,106.27
21/10/2024 07:45,100.39
21/10/2024 08:00,123.07
21/10/2024 08:15,99.46
21/10/2024 08:30,94.07
21/10/2024 08:45,78.9
21/10/2024 09:00,105.53
21/10/2024 09:15,98.93
21/10/2024 09:30,75.85
21/10/2024 09:45,75.78
21/10/2024 10:00,87.5
21/10/2024 10:15,79.65
21/10/2024 10:30,93.41
21/10/2024 10:45,94.61
21/10/2024 11:00,95.71
21/10/2024 11:15,91.63
21/10/2024 11:30,88.44
21/10/2024 11:45,89.93
21/10/2024 12:00,76.66
21/10/2024 12:15,70.69
21/10/2024 12:30,82.87
21/10/2024 12:45,93.05
21/10/2024 13:00,80.99
21/10/2024 13:15,78.06
21/10/2024 13:30,84.03
21/10/2024 13:45,96.78
21/10/2024 14:00,76.66
21/10/2024 14:15,83.14
21/10/2024 14:30,82
21/10/2024 14:45,82.96
21/10/2024 15:00,64.41
21/10/2024 15:15,79.48
21/10/2024 15:30,91.38
21/10/2024 15:45,95.9
21/10/2024 16:00,59.28
21/10/2024 16:15,92.59
21/10/2024 16:30,107.83
21/10/2024 16:45,162.68
21/10/2024 17:00,87.63
21/10/2024 17:15,98.66
21/10/2024 17:30,114.41
21/10/2024 17:45,157.57
21/10/2024 18:00,233.96
21/10/2024 18:15,134.65
21/10/2024 18:30,157.39
21/10/2024 18:45,112.95
21/10/2024 19:00,149.19
21/10/2024 19:15,125.44
21/10/2024 19:30,105.81
21/10/2024 19:45,103.82
21/10/2024 20:00,128.96
21/10/2024 20:15,121.42
21/10/2024 20:30,95.06
21/10/2024 20:45,90.28
21/10/2024 21:00,102.77
21/10/2024 21:15,113.15
21/10/2024 21:30,84.57
21/10/2024 21:45,79.28
21/10/2024 22:00,113.99
21/10/2024 22:15,92.7
21/10/2024 22:30,75.77
21/10/2024 22:45,65.4
21/10/2024 23:00,98.48
21/10/2024 23:15,83.08
21/10/2024 23:30,85.92
21/10/2024 23:45,88.46
22/10/2024 00:00,97.79
22/10/2024 00:15,96.62
22/10/2024 00:30,71.04
22/10/2024 00:45,63.06
22/10/2024 01:00,88.63
22/10/2024 01:15,73.4
22/10/2024 01:30,65.14
22/10/2024 01:45,61.61
22/10/2024 02:00,79.39
22/10/2024 02:15,64.77
22/10/2024 02:30,60.78
22/10/2024 02:45,49.46
22/10/2024 03:00,60.96
22/10/2024 03:15,67.7
22/10/2024 03:30,80.75
22/10/2024 03:45,78.28
22/10/2024 04:00,58.05
22/10/2024 04:15,62.21
22/10/2024 04:30,76.39
22/10/2024 04:45,90.62
22/10/2024 05:00,39.61
22/10/2024 05:15,87.42
22/10/2024 05:30,90.74
22/10/2024 05:45,85.25
22/10/2024 06:00,65.77
22/10/2024 06:15,85.18
22/10/2024 06:30,89.16
22/10/2024 06:45,98.1
22/10/2024 07:00,127.77
22/10/2024 07:15,124.18
22/10/2024 07:30,120.06
22/10/2024 07:45,100.47
22/10/2024 08:00,118.21
22/10/2024 08:15,85.52
22/10/2024 08:30,83.7
22/10/2024 08:45,84.01
22/10/2024 09:00,113.86
22/10/2024 09:15,87.15
22/10/2024 09:30,71.91
22/10/2024 09:45,58.88
22/10/2024 10:00,106.12
22/10/2024 10:15,86.22
22/10/2024 10:30,65.55
22/10/2024 10:45,48.15
22/10/2024 11:00,83.3
22/10/2024 11:15,51.37
22/10/2024 11:30,62.33
22/10/2024 11:45,54.02
22/10/2024 12:00,64.4
22/10/2024 12:15,7.96
22/10/2024 12:30,-12.86
22/10/2024 12:45,-23.58
22/10/2024 13:00,-1.03
22/10/2024 13:15,8.23
22/10/2024 13:30,-5.21
22/10/2024 13:45,-1.11
22/10/2024 14:00,1.96
22/10/2024 14:15,61.35
22/10/2024 14:30,79.83
22/10/2024 14:45,87.1
22/10/2024 15:00,67.37
22/10/2024 15:15,98.23
22/10/2024 15:30,95.48
22/10/2024 15:45,104.35
22/10/2024 16:00,89.01
22/10/2024 16:15,125.14
22/10/2024 16:30,112.86
22/10/2024 16:45,123.84
22/10/2024 17:00,119.94
22/10/2024 17:15,132.35
22/10/2024 17:30,131.79
22/10/2024 17:45,111.42
22/10/2024 18:00,222.35
22/10/2024 18:15,121.34
22/10/2024 18:30,125.34
22/10/2024 18:45,110.66
22/10/2024 19:00,96.39
22/10/2024 19:15,91.35
22/10/2024 19:30,90.14
22/10/2024 19:45,80.37
22/10/2024 20:00,96.56
22/10/2024 20:15,85.65
22/10/2024 20:30,78.98
22/10/2024 20:45,66.75
22/10/2024 21:00,89.13
22/10/2024 21:15,93.73
22/10/2024 21:30,87.67
22/10/2024 21:45,69.95
22/10/2024 22:00,80.33
22/10/2024 22:15,76.04
22/10/2024 22:30,73.55
22/10/2024 22:45,61.22
22/10/2024 23:00,84.42
22/10/2024 23:15,84.81
22/10/2024 23:30,80.96
22/10/2024 23:45,73.43
23/10/2024 00:00,75.49
23/10/2024 00:15,69.06
23/10/2024 00:30,74.8
23/10/2024 00:45,76.75
23/10/2024 01:00,69.63
23/10/2024 01:15,72.96
23/10/2024 01:30,79.08
23/10/2024 01:45,75.43
23/10/2024 02:00,68.9
23/10/2024 02:15,74.03
23/10/2024 02:30,80.38
23/10/2024 02:45,91.99
23/10/2024 03:00,79.41
23/10/2024 03:15,77.22
23/10/2024 03:30,84.16
23/10/2024 03:45,87.66
23/10/2024 04:00,69.41
23/10/2024 04:15,74.87
23/10/2024 04:30,91.65
23/10/2024 04:45,102.68
23/10/2024 05:00,71.67
23/10/2024 05:15,92.93
23/10/2024 05:30,108.18
23/10/2024 05:45,120.19
23/10/2024 06:00,90.86
23/10/2024 06:15,107.42
23/10/2024 06:30,126.83
23/10/2024 06:45,150.84
23/10/2024 07:00,180.73
23/10/2024 07:15,139.28
23/10/2024 07:30,115.66
23/10/2024 07:45,106.71
23/10/2024 08:00,194.83
23/10/2024 08:15,127.67
23/10/2024 08:30,113.98
23/10/2024 08:45,101.12
23/10/2024 09:00,126.19
23/10/2024 09:15,100.18
23/10/2024 09:30,93
23/10/2024 09:45,92.11
23/10/2024 10:00,110.41
23/10/2024 10:15,112.28
23/10/2024 10:30,99.66
23/10/2024 10:45,98.71
23/10/2024 11:00,106.67
23/10/2024 11:15,85.21
23/10/2024 11:30,93.11
23/10/2024 11:45,79.16
23/10/2024 12:00,95.82
23/10/2024 12:15,82.11
23/10/2024 12:30,82.19
23/10/2024 12:45,60.29
23/10/2024 13:00,84.85
23/10/2024 13:15,85.16
23/10/2024 13:30,83.03
23/10/2024 13:45,87.04
23/10/2024 14:00,71.04
23/10/2024 14:15,94.12
23/10/2024 14:30,104.29
23/10/2024 14:45,106.76
23/10/2024 15:00,81.28
23/10/2024 15:15,87.88
23/10/2024 15:30,96.62
23/10/2024 15:45,106.8
23/10/2024 16:00,82.99
23/10/2024 16:15,109.09
23/10/2024 16:30,237.43
23/10/2024 16:45,290.91
23/10/2024 17:00,111.48
23/10/2024 17:15,110.45
23/10/2024 17:30,148.72
23/10/2024 17:45,188.11
23/10/2024 18:00,211.53
23/10/2024 18:15,113.7
23/10/2024 18:30,107.86
23/10/2024 18:45,113.13
23/10/2024 19:00,138.01
23/10/2024 19:15,110.6
23/10/2024 19:30,99.38
23/10/2024 19:45,95.75
23/10/2024 20:00,118.7
23/10/2024 20:15,89.45
23/10/2024 20:30,82.79
23/10/2024 20:45,87.92
23/10/2024 21:00,104.26
23/10/2024 21:15,92.05
23/10/2024 21:30,81.58
23/10/2024 21:45,67.11
23/10/2024 22:00,99.34
23/10/2024 22:15,88.15
23/10/2024 22:30,84.54
23/10/2024 22:45,79.39
23/10/2024 23:00,120.2
23/10/2024 23:15,95.46
23/10/2024 23:30,86
23/10/2024 23:45,79.19
24/10/2024 00:00,78.13
24/10/2024 00:15,73.56
24/10/2024 00:30,72.69
24/10/2024 00:45,71.17
24/10/2024 01:00,86.78
24/10/2024 01:15,77.61
24/10/2024 01:30,87.13
24/10/2024 01:45,90.22
24/10/2024 02:00,86.92
24/10/2024 02:15,82.58
24/10/2024 02:30,89.71
24/10/2024 02:45,85.34
24/10/2024 03:00,73.29
24/10/2024 03:15,68.93
24/10/2024 03:30,80.24
24/10/2024 03:45,84.86
24/10/2024 04:00,84.24
24/10/2024 04:15,79.5
24/10/2024 04:30,91.74
24/10/2024 04:45,97.94
24/10/2024 05:00,89.18
24/10/2024 05:15,95.61
24/10/2024 05:30,105.75
24/10/2024 05:45,128.66
24/10/2024 06:00,102.71
24/10/2024 06:15,104.91
24/10/2024 06:30,112.4
24/10/2024 06:45,115.87
24/10/2024 07:00,176.5
24/10/2024 07:15,149.36
24/10/2024 07:30,122.31
24/10/2024 07:45,112.67
24/10/2024 08:00,136.34
24/10/2024 08:15,108.69
24/10/2024 08:30,97.52
24/10/2024 08:45,83.39
24/10/2024 09:00,108.3
24/10/2024 09:15,94.2
24/10/2024 09:30,91.17
24/10/2024 09:45,89.02
24/10/2024 10:00,105.81
24/10/2024 10:15,100.85
24/10/2024 10:30,90.57
24/10/2024 10:45,82.04
24/10/2024 11:00,113.18
24/10/2024 11:15,97.36
24/10/2024 11:30,100.36
24/10/2024 11:45,91.64
24/10/2024 12:00,110.92
24/10/2024 12:15,97.93
24/10/2024 12:30,86.38
24/10/2024 12:45,87.5
24/10/2024 13:00,88.96
24/10/2024 13:15,98.82
24/10/2024 13:30,104.18
24/10/2024 13:45,106.21
24/10/2024 14:00,101.98
24/10/2024 14:15,92.87
24/10/2024 14:30,94
24/10/2024 14:45,116.48
24/10/2024 15:00,84.99
24/10/2024 15:15,105.18
24/10/2024 15:30,115.59
24/10/2024 15:45,128.26
24/10/2024 16:00,96.05
24/10/2024 16:15,115.59
24/10/2024 16:30,148.4
24/10/2024 16:45,228.61
24/10/2024 17:00,219.97
24/10/2024 17:15,306.28
24/10/2024 17:30,171.06
24/10/2024 17:45,125.22
24/10/2024 18:00,153.2
24/10/2024 18:15,113.81
24/10/2024 18:30,107.04
24/10/2024 18:45,111.75
24/10/2024 19:00,147.32
24/10/2024 19:15,127.38
24/10/2024 19:30,93.67
24/10/2024 19:45,75.24
24/10/2024 20:00,109.39
24/10/2024 20:15,97.1
24/10/2024 20:30,85.52
24/10/2024 20:45,79.95
24/10/2024 21:00,136.25
24/10/2024 21:15,102.92
24/10/2024 21:30,85.94
24/10/2024 21:45,85.44
24/10/2024 22:00,109.99
24/10/2024 22:15,103.39
24/10/2024 22:30,89.69
24/10/2024 22:45,79.84
24/10/2024 23:00,107.12
24/10/2024 23:15,92.89
24/10/2024 23:30,86.81
24/10/2024 23:45,83.5
25/10/2024 00:00,95.09
25/10/2024 00:15,91.3
25/10/2024 00:30,83.15
25/10/2024 00:45,82.95
25/10/2024 01:00,94.29
25/10/2024 01:15,83.95
25/10/2024 01:30,93.83
25/10/2024 01:45,85.65
25/10/2024 02:00,97.99
25/10/2024 02:15,94.4
25/10/2024 02:30,100.9
25/10/2024 02:45,94.53
25/10/2024 03:00,83.77
25/10/2024 03:15,85.42
25/10/2024 03:30,90.59
25/10/2024 03:45,95.89
25/10/2024 04:00,87.55
25/10/2024 04:15,93.08
25/10/2024 04:30,110.69
25/10/2024 04:45,120.42
25/10/2024 05:00,85.07
25/10/2024 05:15,99.3
25/10/2024 05:30,128.63
25/10/2024 05:45,134.81
25/10/2024 06:00,111.2
25/10/2024 06:15,111.13
25/10/2024 06:30,133.86
25/10/2024 06:45,150.22
25/10/2024 07:00,161.92
25/10/2024 07:15,144.13
25/10/2024 07:30,144.6
25/10/2024 07:45,135.76
25/10/2024 08:00,152.57
25/10/2024 08:15,115.46
25/10/2024 08:30,104.61
25/10/2024 08:45,95.04
25/10/2024 09:00,116.3
25/10/2024 09:15,103.89
25/10/2024 09:30,113.07
25/10/2024 09:45,103.31
25/10/2024 10:00,125.83
25/10/2024 10:15,106.69
25/10/2024 10:30,95.56
25/10/2024 10:45,92.21
25/10/2024 11:00,99.96
25/10/2024 11:15,97.71
25/10/2024 11:30,84.6
25/10/2024 11:45,76.18
25/10/2024 12:00,99.16
25/10/2024 12:15,94.07
25/10/2024 12:30,81.96
25/10/2024 12:45,73.15
25/10/2024 13:00,65.75
25/10/2024 13:15,80.05
25/10/2024 13:30,102.1
25/10/2024 13:45,101.21
25/10/2024 14:00,87.04
25/10/2024 14:15,92.01
25/10/2024 14:30,96.84
25/10/2024 14:45,135.96
25/10/2024 15:00,98.78
25/10/2024 15:15,107.47
25/10/2024 15:30,138.09
25/10/2024 15:45,137.84
25/10/2024 16:00,102.27
25/10/2024 16:15,130.61
25/10/2024 16:30,202.98
25/10/2024 16:45,399.07
25/10/2024 17:00,130.12
25/10/2024 17:15,124.87
25/10/2024 17:30,151.05
25/10/2024 17:45,140.55
25/10/2024 18:00,265.51
25/10/2024 18:15,147.65
25/10/2024 18:30,158.76
25/10/2024 18:45,136.81
25/10/2024 19:00,207.97
25/10/2024 19:15,135.43
25/10/2024 19:30,117.77
25/10/2024 19:45,134.27
25/10/2024 20:00,142.96
25/10/2024 20:15,122.83
25/10/2024 20:30,114.19
25/10/2024 20:45,98.35
25/10/2024 21:00,123.35
25/10/2024 21:15,110.95
25/10/2024 21:30,101.04
25/10/2024 21:45,96.59
25/10/2024 22:00,103.17
25/10/2024 22:15,116.86
25/10/2024 22:30,106.06
25/10/2024 22:45,96.82
25/10/2024 23:00,119.6
25/10/2024 23:15,102.11
25/10/2024 23:30,92.51
25/10/2024 23:45,79.06
26/10/2024 00:00,113.81
26/10/2024 00:15,97.69
26/10/2024 00:30,96.74
26/10/2024 00:45,91.88
26/10/2024 01:00,126.53
26/10/2024 01:15,108.08
26/10/2024 01:30,105.37
26/10/2024 01:45,99.99
26/10/2024 02:00,108.41
26/10/2024 02:15,97.79
26/10/2024 02:30,98.18
26/10/2024 02:45,107.71
26/10/2024 03:00,117.41
26/10/2024 03:15,119.37
26/10/2024 03:30,115.05
26/10/2024 03:45,117.2
26/10/2024 04:00,104.4
26/10/2024 04:15,106.28
26/10/2024 04:30,115.63
26/10/2024 04:45,114.2
26/10/2024 05:00,90.52
26/10/2024 05:15,98.48
26/10/2024 05:30,105.91
26/10/2024 05:45,102.1
26/10/2024 06:00,96.67
26/10/2024 06:15,102.52
26/10/2024 06:30,105.73
26/10/2024 06:45,128.69
26/10/2024 07:00,127.17
26/10/2024 07:15,133.46
26/10/2024 07:30,130.68
26/10/2024 07:45,112.09
26/10/2024 08:00,129.07
26/10/2024 08:15,135.06
26/10/2024 08:30,116.23
26/10/2024 08:45,92.74
26/10/2024 09:00,105.41
26/10/2024 09:15,94.84
26/10/2024 09:30,86.15
26/10/2024 09:45,81.21
26/10/2024 10:00,118.5
26/10/2024 10:15,106.89
26/10/2024 10:30,96.79
26/10/2024 10:45,82.36
26/10/2024 11:00,95.02
26/10/2024 11:15,93.18
26/10/2024 11:30,88.28
26/10/2024 11:45,77.34
26/10/2024 12:00,99.9
26/10/2024 12:15,80.4
26/10/2024 12:30,73.73
26/10/2024 12:45,41.9
26/10/2024 13:00,49.9
26/10/2024 13:15,59.11
26/10/2024 13:30,83.9
26/10/2024 13:45,85.53
26/10/2024 14:00,79.28
26/10/2024 14:15,87.53
26/10/2024 14:30,97.24
26/10/2024 14:45,107.6
26/10/2024 15:00,104.72
26/10/2024 15:15,118.72
26/10/2024 15:30,145.77
26/10/2024 15:45,139.35
26/10/2024 16:00,102.78
26/10/2024 16:15,116.85
26/10/2024 16:30,150.49
26/10/2024 16:45,159.73
26/10/2024 17:00,138.93
26/10/2024 17:15,133.36
26/10/2024 17:30,138.33
26/10/2024 17:45,121.47
26/10/2024 18:00,149.67
26/10/2024 18:15,118.79
26/10/2024 18:30,116.32
26/10/2024 18:45,105.59
26/10/2024 19:00,113.97
26/10/2024 19:15,114.79
26/10/2024 19:30,106.92
26/10/2024 19:45,80.71
26/10/2024 20:00,110.39
26/10/2024 20:15,101.18
26/10/2024 20:30,93.16
26/10/2024 20:45,76.44
26/10/2024 21:00,103.03
26/10/2024 21:15,84.04
26/10/2024 21:30,81.84
26/10/2024 21:45,81.8
26/10/2024 22:00,99.55
26/10/2024 22:15,94.3
26/10/2024 22:30,84.12
26/10/2024 22:45,69.34
26/10/2024 23:00,100.35
26/10/2024 23:15,93.89
26/10/2024 23:30,88.12
26/10/2024 23:45,63.88
27/10/2024 00:00,90.86
27/10/2024 00:15,75.7
27/10/2024 00:30,74.5
27/10/2024 00:45,71.99
27/10/2024 01:00,69.42
27/10/2024 01:15,65.08
27/10/2024 01:30,60.87
27/10/2024 01:45,67.62
27/10/2024 02:00,80.07
27/10/2024 02:15,73.91
27/10/2024 02:30,64.2
27/10/2024 02:45,69.16
27/10/2024 03:00,38.9
27/10/2024 03:15,51.24
27/10/2024 03:30,56.51
27/10/2024 03:45,68.51
27/10/2024 04:00,53.32
27/10/2024 04:15,61.47
27/10/2024 04:30,66.24
27/10/2024 04:45,65.3
27/10/2024 05:00,80.55
27/10/2024 05:15,75.65
27/10/2024 05:30,72.8
27/10/2024 05:45,75.06
27/10/2024 06:00,71.18
27/10/2024 06:15,83.21
27/10/2024 06:30,79.8
27/10/2024 06:45,88.99
27/10/2024 07:00,70.51
27/10/2024 07:15,81.72
27/10/2024 07:30,72.59
27/10/2024 07:45,69.93
27/10/2024 08:00,83.66
27/10/2024 08:15,87.12
27/10/2024 08:30,86.09
27/10/2024 08:45,88.3
27/10/2024 09:00,120.56
27/10/2024 09:15,99.01
27/10/2024 09:30,79.44
27/10/2024 09:45,69.71
27/10/2024 10:00,109.25
27/10/2024 10:15,103.36
27/10/2024 10:30,89.57
27/10/2024 10:45,53.66
27/10/2024 11:00,110.48
27/10/2024 11:15,83.71
27/10/2024 11:30,78.32
27/10/2024 11:45,55.33
27/10/2024 12:00,100.23
27/10/2024 12:15,58.75
27/10/2024 12:30,50.49
27/10/2024 12:45,61.46
27/10/2024 13:00,69.52
27/10/2024 13:15,82.07
27/10/2024 13:30,94.52
27/10/2024 13:45,102.67
27/10/2024 14:00,49.07
27/10/2024 14:15,84.24
27/10/2024 14:30,97.24
27/10/2024 14:45,95.31
27/10/2024 15:00,90.4
27/10/2024 15:15,87.03
27/10/2024 15:30,94.18
27/10/2024 15:45,104.46
27/10/2024 16:00,92.8
27/10/2024 16:15,91.47
27/10/2024 16:30,134.36
27/10/2024 16:45,132.94
27/10/2024 17:00,114.03
27/10/2024 17:15,119.21
27/10/2024 17:30,131.75
27/10/2024 17:45,150.1
27/10/2024 18:00,132.42
27/10/2024 18:15,148.45
27/10/2024 18:30,172.44
27/10/2024 18:45,169.61
27/10/2024 19:00,170.64
27/10/2024 19:15,134.77
27/10/2024 19:30,124.36
27/10/2024 19:45,120.14
27/10/2024 20:00,123.35
27/10/2024 20:15,108.89
27/10/2024 20:30,109.02
27/10/2024 20:45,125.33
27/10/2024 21:00,139.57
27/10/2024 21:15,121.37
27/10/2024 21:30,114.94
27/10/2024 21:45,97.33
27/10/2024 22:00,121.36
27/10/2024 22:15,95.51
27/10/2024 22:30,87.18
27/10/2024 22:45,69.88
27/10/2024 23:00,105.32
27/10/2024 23:15,79.97
27/10/2024 23:30,71.56
27/10/2024 23:45,46.34
28/10/2024 00:00,103.26
28/10/2024 00:15,90.7
28/10/2024 00:30,84.24
28/10/2024 00:45,75.18
28/10/2024 01:00,95.07
28/10/2024 01:15,80.48
28/10/2024 01:30,73.55
28/10/2024 01:45,59.9
28/10/2024 02:00,101.87
28/10/2024 02:15,73.5
28/10/2024 02:30,63.54
28/10/2024 02:45,48.52
28/10/2024 03:00,66.11
28/10/2024 03:15,58.37
28/10/2024 03:30,69.81
28/10/2024 03:45,69.8
28/10/2024 04:00,65.23
28/10/2024 04:15,63.93
28/10/2024 04:30,63.79
28/10/2024 04:45,66.38
28/10/2024 05:00,60.68
28/10/2024 05:15,66.06
28/10/2024 05:30,68.8
28/10/2024 05:45,71.41
28/10/2024 06:00,57.91
28/10/2024 06:15,78.3
28/10/2024 06:30,88.04
28/10/2024 06:45,101.19
28/10/2024 07:00,105.14
28/10/2024 07:15,106.04
28/10/2024 07:30,105.9
28/10/2024 07:45,98.68
28/10/2024 08:00,125.28
28/10/2024 08:15,105.94
28/10/2024 08:30,81.09
28/10/2024 08:45,68.15
28/10/2024 09:00,108.34
28/10/2024 09:15,108.56
28/10/2024 09:30,71.62
28/10/2024 09:45,40.35
28/10/2024 10:00,90.06
28/10/2024 10:15,69.67
28/10/2024 10:30,74.29
28/10/2024 10:45,71.67
28/10/2024 11:00,89.62
28/10/2024 11:15,83.52
28/10/2024 11:30,66.84
28/10/2024 11:45,64.31
28/10/2024 12:00,80.84
28/10/2024 12:15,75.91
28/10/2024 12:30,77.06
28/10/2024 12:45,83.66
28/10/2024 13:00,92.72
28/10/2024 13:15,95.08
28/10/2024 13:30,80.99
28/10/2024 13:45,82.13
28/10/2024 14:00,57.46
28/10/2024 14:15,62.49
28/10/2024 14:30,75.62
28/10/2024 14:45,94.28
28/10/2024 15:00,92.62
28/10/2024 15:15,191.36
28/10/2024 15:30,130.73
28/10/2024 15:45,130.13
28/10/2024 16:00,110.84
28/10/2024 16:15,135.84
28/10/2024 16:30,141.91
28/10/2024 16:45,158.29
28/10/2024 17:00,129.37
28/10/2024 17:15,118.3
28/10/2024 17:30,128.2
28/10/2024 17:45,139.38
28/10/2024 18:00,132.91
28/10/2024 18:15,132.64
28/10/2024 18:30,149.55
28/10/2024 18:45,172.71
28/10/2024 19:00,161.39
28/10/2024 19:15,124.56
28/10/2024 19:30,105.23
28/10/2024 19:45,106.56
28/10/2024 20:00,132.24
28/10/2024 20:15,132.53
28/10/2024 20:30,95.71
28/10/2024 20:45,98.54
28/10/2024 21:00,114.89
28/10/2024 21:15,101.74
28/10/2024 21:30,93.59
28/10/2024 21:45,89.76
28/10/2024 22:00,95.57
28/10/2024 22:15,101.12
28/10/2024 22:30,96.37
28/10/2024 22:45,89.53
28/10/2024 23:00,93.33
28/10/2024 23:15,86.93
28/10/2024 23:30,94.72
28/10/2024 23:45,90.44
29/10/2024 00:00,120.98
29/10/2024 00:15,123.74
29/10/2024 00:30,95.19
29/10/2024 00:45,91.17
29/10/2024 01:00,107.93
29/10/2024 01:15,90.93
29/10/2024 01:30,90.38
29/10/2024 01:45,90.49
29/10/2024 02:00,95.79
29/10/2024 02:15,97.95
29/10/2024 02:30,109.41
29/10/2024 02:45,108.04
29/10/2024 03:00,110.12
29/10/2024 03:15,121.97
29/10/2024 03:30,136.85
29/10/2024 03:45,137.93
29/10/2024 04:00,115.14
29/10/2024 04:15,109.35
29/10/2024 04:30,117.45
29/10/2024 04:45,125.73
29/10/2024 05:00,105.36
29/10/2024 05:15,101.92
29/10/2024 05:30,108.79
29/10/2024 05:45,129.98
29/10/2024 06:00,98.3
29/10/2024 06:15,111.28
29/10/2024 06:30,150.03
29/10/2024 06:45,145.3
29/10/2024 07:00,145.82
29/10/2024 07:15,137.42
29/10/2024 07:30,134.75
29/10/2024 07:45,137.79
29/10/2024 08:00,165.04
29/10/2024 08:15,128.86
29/10/2024 08:30,112.85
29/10/2024 08:45,107.94
29/10/2024 09:00,125.8
29/10/2024 09:15,114.98
29/10/2024 09:30,98.51
29/10/2024 09:45,88.87
29/10/2024 10:00,120.92
29/10/2024 10:15,111.9
29/10/2024 10:30,96.35
29/10/2024 10:45,80.05
29/10/2024 11:00,101.9
29/10/2024 11:15,89.64
29/10/2024 11:30,99.22
29/10/2024 11:45,84.85
29/10/2024 12:00,96.68
29/10/2024 12:15,86.13
29/10/2024 12:30,99.32
29/10/2024 12:45,104.36
29/10/2024 13:00,92.81
29/10/2024 13:15,98.48
29/10/2024 13:30,98.82
29/10/2024 13:45,101.29
29/10/2024 14:00,74.5
29/10/2024 14:15,95.12
29/10/2024 14:30,93.66
29/10/2024 14:45,115.65
29/10/2024 15:00,86.29
29/10/2024 15:15,118.5
29/10/2024 15:30,137.78
29/10/2024 15:45,150.29
29/10/2024 16:00,126.58
29/10/2024 16:15,147.44
29/10/2024 16:30,164.59
29/10/2024 16:45,243.54
29/10/2024 17:00,149
29/10/2024 17:15,169.05
29/10/2024 17:30,208.17
29/10/2024 17:45,232.82
29/10/2024 18:00,189.81
29/10/2024 18:15,161.6
29/10/2024 18:30,184.09
29/10/2024 18:45,184.6
29/10/2024 19:00,182.94
29/10/2024 19:15,151.06
29/10/2024 19:30,127.35
29/10/2024 19:45,121.57
29/10/2024 20:00,184.21
29/10/2024 20:15,146.29
29/10/2024 20:30,118.29
29/10/2024 20:45,102.74
29/10/2024 21:00,118.58
29/10/2024 21:15,112.11
29/10/2024 21:30,97.55
29/10/2024 21:45,99.13
29/10/2024 22:00,121.69
29/10/2024 22:15,113.42
29/10/2024 22:30,102.77
29/10/2024 22:45,96.07
29/10/2024 23:00,123.34
29/10/2024 23:15,96.12
29/10/2024 23:30,95.96
29/10/2024 23:45,90.1
30/10/2024 00:00,121.04
30/10/2024 00:15,98.64
30/10/2024 00:30,91
30/10/2024 00:45,89.98
30/10/2024 01:00,104.62
30/10/2024 01:15,104.45
30/10/2024 01:30,90.46
30/10/2024 01:45,82.21
30/10/2024 02:00,97.33
30/10/2024 02:15,88.55
30/10/2024 02:30,96.82
30/10/2024 02:45,98.67
30/10/2024 03:00,89.37
30/10/2024 03:15,89.78
30/10/2024 03:30,96.64
30/10/2024 03:45,99.76
30/10/2024 04:00,85.03
30/10/2024 04:15,86.18
30/10/2024 04:30,87.15
30/10/2024 04:45,91.54
30/10/2024 05:00,80.74
30/10/2024 05:15,83.88
30/10/2024 05:30,88.52
30/10/2024 05:45,116.54
30/10/2024 06:00,73.04
30/10/2024 06:15,97.92
30/10/2024 06:30,143.09
30/10/2024 06:45,140.16
30/10/2024 07:00,106.15
30/10/2024 07:15,116.23
30/10/2024 07:30,139.07
30/10/2024 07:45,145.38
30/10/2024 08:00,168.59
30/10/2024 08:15,142.39
30/10/2024 08:30,120.54
30/10/2024 08:45,116.67
30/10/2024 09:00,125.69
30/10/2024 09:15,113.89
30/10/2024 09:30,106.92
30/10/2024 09:45,96.85
30/10/2024 10:00,128.58
30/10/2024 10:15,110.39
30/10/2024 10:30,89.2
30/10/2024 10:45,88.85
30/10/2024 11:00,120.98
30/10/2024 11:15,119.04
30/10/2024 11:30,106.91
30/10/2024 11:45,96.29
30/10/2024 12:00,105.5
30/10/2024 12:15,99.97
30/10/2024 12:30,100.06
30/10/2024 12:45,100.48
30/10/2024 13:00,95.16
30/10/2024 13:15,104.56
30/10/2024 13:30,107.48
30/10/2024 13:45,116.71
30/10/2024 14:00,104.12
30/10/2024 14:15,116.17
30/10/2024 14:30,133.12
30/10/2024 14:45,136.71
30/10/2024 15:00,109.73
30/10/2024 15:15,130.27
30/10/2024 15:30,148.33
30/10/2024 15:45,148.98
30/10/2024 16:00,120.46
30/10/2024 16:15,121.09
30/10/2024 16:30,147.12
30/10/2024 16:45,176.5
30/10/2024 17:00,121.17
30/10/2024 17:15,137.5
30/10/2024 17:30,138.35
30/10/2024 17:45,155.82
30/10/2024 18:00,137.74
30/10/2024 18:15,142.02
30/10/2024 18:30,145.21
30/10/2024 18:45,141.94
30/10/2024 19:00,177.76
30/10/2024 19:15,122.91
30/10/2024 19:30,123.26
30/10/2024 19:45,122.89
30/10/2024 20:00,140.87
30/10/2024 20:15,127.06
30/10/2024 20:30,106.83
30/10/2024 20:45,95.84
30/10/2024 21:00,128.37
30/10/2024 21:15,120.67
30/10/2024 21:30,91.81
30/10/2024 21:45,84.05
30/10/2024 22:00,143.32
30/10/2024 22:15,120.61
30/10/2024 22:30,101.12
30/10/2024 22:45,90.27
30/10/2024 23:00,106.42
30/10/2024 23:15,88.67
30/10/2024 23:30,83.4
30/10/2024 23:45,73.93
31/10/2024 00:00,122.19
31/10/2024 00:15,109.55
31/10/2024 00:30,84.11
31/10/2024 00:45,76.7
31/10/2024 01:00,102.36
31/10/2024 01:15,85.11
31/10/2024 01:30,81.29
31/10/2024 01:45,70.79
31/10/2024 02:00,100.68
31/10/2024 02:15,88.74
31/10/2024 02:30,80.75
31/10/2024 02:45,81.32
31/10/2024 03:00,97.41
31/10/2024 03:15,85.43
31/10/2024 03:30,87.3
31/10/2024 03:45,90.09
31/10/2024 04:00,62.06
31/10/2024 04:15,42.3
31/10/2024 04:30,59.84
31/10/2024 04:45,71.92
31/10/2024 05:00,80.6
31/10/2024 05:15,80.19
31/10/2024 05:30,100.28
31/10/2024 05:45,98.67
31/10/2024 06:00,70.2
31/10/2024 06:15,108.21
31/10/2024 06:30,121.34
31/10/2024 06:45,160.45
31/10/2024 07:00,115.01
31/10/2024 07:15,122.7
31/10/2024 07:30,136.18
31/10/2024 07:45,128.11
31/10/2024 08:00,153.17
31/10/2024 08:15,147.55
31/10/2024 08:30,140.52
31/10/2024 08:45,117.23
31/10/2024 09:00,138.22
31/10/2024 09:15,138.06
31/10/2024 09:30,139.08
31/10/2024 09:45,128.95
31/10/2024 10:00,171.63
31/10/2024 10:15,144.48
31/10/2024 10:30,133.93
31/10/2024 10:45,127.93
31/10/2024 11:00,162.53
31/10/2024 11:15,129.47
31/10/2024 11:30,121.67
31/10/2024 11:45,115.67
31/10/2024 12:00,141.42
31/10/2024 12:15,129.92
31/10/2024 12:30,118.64
31/10/2024 12:45,109.51
31/10/2024 13:00,137.91
31/10/2024 13:15,139.49
31/10/2024 13:30,135.88
31/10/2024 13:45,137.37
31/10/2024 14:00,133.44
31/10/2024 14:15,128.42
31/10/2024 14:30,137.65
31/10/2024 14:45,154.55
31/10/2024 15:00,127.95
31/10/2024 15:15,140.04
31/10/2024 15:30,157.43
31/10/2024 15:45,140.12
31/10/2024 16:00,104.8
31/10/2024 16:15,127.97
31/10/2024 16:30,147.3
31/10/2024 16:45,157.15
31/10/2024 17:00,128.93
31/10/2024 17:15,135.46
31/10/2024 17:30,156.07
31/10/2024 17:45,162.6
31/10/2024 18:00,160.5
31/10/2024 18:15,183.82
31/10/2024 18:30,186.54
31/10/2024 18:45,147.65
31/10/2024 19:00,162.89
31/10/2024 19:15,164.73
31/10/2024 19:30,137.69
31/10/2024 19:45,155.51
31/10/2024 20:00,125.96
31/10/2024 20:15,126.79
31/10/2024 20:30,121.02
31/10/2024 20:45,77.25
31/10/2024 21:00,131.39
31/10/2024 21:15,126.31
31/10/2024 21:30,93.27
31/10/2024 21:45,61.11
31/10/2024 22:00,112.28
31/10/2024 22:15,101.21
31/10/2024 22:30,93.86
31/10/2024 22:45,71.75
31/10/2024 23:00,99.17
31/10/2024 23:15,91.8
31/10/2024 23:30,81.73
31/10/2024 23:45,62.41
01/11/2024 00:00,85.03
01/11/2024 00:15,69.86
01/11/2024 00:30,61.04
01/11/2024 00:45,68.22
01/11/2024 01:00,73.39
01/11/2024 01:15,62.77
01/11/2024 01:30,52.24
01/11/2024 01:45,50.16
01/11/2024 02:00,41
01/11/2024 02:15,35.65
01/11/2024 02:30,46.07
01/11/2024 02:45,41.28
01/11/2024 03:00,46.72
01/11/2024 03:15,39.46
01/11/2024 03:30,46.7
01/11/2024 03:45,35.44
01/11/2024 04:00,30.79
01/11/2024 04:15,38.01
01/11/2024 04:30,52.94
01/11/2024 04:45,53.46
01/11/2024 05:00,50.57
01/11/2024 05:15,55.3
01/11/2024 05:30,57.54
01/11/2024 05:45,65.08
01/11/2024 06:00,28.41
01/11/2024 06:15,64.39
01/11/2024 06:30,81.44
01/11/2024 06:45,85.87
01/11/2024 07:00,54.49
01/11/2024 07:15,66.1
01/11/2024 07:30,72.14
01/11/2024 07:45,69.61
01/11/2024 08:00,35.57
01/11/2024 08:15,57.74
01/11/2024 08:30,76.23
01/11/2024 08:45,77.88
01/11/2024 09:00,73.35
01/11/2024 09:15,59.8
01/11/2024 09:30,58.18
01/11/2024 09:45,42.87
01/11/2024 10:00,87
01/11/2024 10:15,81.62
01/11/2024 10:30,70.53
01/11/2024 10:45,68.25
01/11/2024 11:00,86.77
01/11/2024 11:15,78.03
01/11/2024 11:30,71.37
01/11/2024 11:45,66.68
01/11/2024 12:00,91.81
01/11/2024 12:15,91.28
01/11/2024 12:30,88.36
01/11/2024 12:45,65
01/11/2024 13:00,61.1
01/11/2024 13:15,52.23
01/11/2024 13:30,68.94
01/11/2024 13:45,80.27
01/11/2024 14:00,62.76
01/11/2024 14:15,66.07
01/11/2024 14:30,60.62
01/11/2024 14:45,82.66
01/11/2024 15:00,68.8
01/11/2024 15:15,82.42
01/11/2024 15:30,85.83
01/11/2024 15:45,112.37
01/11/2024 16:00,91.78
01/11/2024 16:15,112.74
01/11/2024 16:30,123.49
01/11/2024 16:45,117.99
01/11/2024 17:00,115.55
01/11/2024 17:15,127.57
01/11/2024 17:30,135.38
01/11/2024 17:45,145.86
01/11/2024 18:00,123.68
01/11/2024 18:15,124.28
01/11/2024 18:30,135.17
01/11/2024 18:45,124.82
01/11/2024 19:00,136.6
01/11/2024 19:15,129.74
01/11/2024 19:30,124.59
01/11/2024 19:45,119.85
01/11/2024 20:00,161.87
01/11/2024 20:15,120.97
01/11/2024 20:30,110.36
01/11/2024 20:45,89.93
01/11/2024 21:00,113
01/11/2024 21:15,98.01
01/11/2024 21:30,93.06
01/11/2024 21:45,90.06
01/11/2024 22:00,115.81
01/11/2024 22:15,104.07
01/11/2024 22:30,97.09
01/11/2024 22:45,84.63
01/11/2024 23:00,104.51
01/11/2024 23:15,88.47
01/11/2024 23:30,83.47
01/11/2024 23:45,86.71
02/11/2024 00:00,94.68
02/11/2024 00:15,83.08
02/11/2024 00:30,89.56
02/11/2024 00:45,102.28
02/11/2024 01:00,91.08
02/11/2024 01:15,92.93
02/11/2024 01:30,91.21
02/11/2024 01:45,87.97
02/11/2024 02:00,86.75
02/11/2024 02:15,88.75
02/11/2024 02:30,81.18
02/11/2024 02:45,82.41
02/11/2024 03:00,94.84
02/11/2024 03:15,82.69
02/11/2024 03:30,77.97
02/11/2024 03:45,72.58
02/11/2024 04:00,65.72
02/11/2024 04:15,67.98
02/11/2024 04:30,63.76
02/11/2024 04:45,61.38
02/11/2024 05:00,67.65
02/11/2024 05:15,77.54
02/11/2024 05:30,83.61
02/11/2024 05:45,76.74
02/11/2024 06:00,73.79
02/11/2024 06:15,74.09
02/11/2024 06:30,82.08
02/11/2024 06:45,106.98
02/11/2024 07:00,73.69
02/11/2024 07:15,91.45
02/11/2024 07:30,91.29
02/11/2024 07:45,107.45
02/11/2024 08:00,80.26
02/11/2024 08:15,80.88
02/11/2024 08:30,85.24
02/11/2024 08:45,85.05
02/11/2024 09:00,115.62
02/11/2024 09:15,109.21
02/11/2024 09:30,100.71
02/11/2024 09:45,90.99
02/11/2024 10:00,111.78
02/11/2024 10:15,98.11
02/11/2024 10:30,80.76
02/11/2024 10:45,66.19
02/11/2024 11:00,81.08
02/11/2024 11:15,79.87
02/11/2024 11:30,88.69
02/11/2024 11:45,87.41
02/11/2024 12:00,100.31
02/11/2024 12:15,89.64
02/11/2024 12:30,87.59
02/11/2024 12:45,92.4
02/11/2024 13:00,107.94
02/11/2024 13:15,108.99
02/11/2024 13:30,122.48
02/11/2024 13:45,124.86
02/11/2024 14:00,108.2
02/11/2024 14:15,100.46
02/11/2024 14:30,102.96
02/11/2024 14:45,108.77
02/11/2024 15:00,107.33
02/11/2024 15:15,116.85
02/11/2024 15:30,125.19
02/11/2024 15:45,128.23
02/11/2024 16:00,100.26
02/11/2024 16:15,114.38
02/11/2024 16:30,118.37
02/11/2024 16:45,153.39
02/11/2024 17:00,169.78
02/11/2024 17:15,178.77
02/11/2024 17:30,182.67
02/11/2024 17:45,167.74
02/11/2024 18:00,147.27
02/11/2024 18:15,133.72
02/11/2024 18:30,144.76
02/11/2024 18:45,121.74
02/11/2024 19:00,161.63
02/11/2024 19:15,136.79
02/11/2024 19:30,122.8
02/11/2024 19:45,109.57
02/11/2024 20:00,127.67
02/11/2024 20:15,127.16
02/11/2024 20:30,116.32
02/11/2024 20:45,92.46
02/11/2024 21:00,116.06
02/11/2024 21:15,113.56
02/11/2024 21:30,97.94
02/11/2024 21:45,85.6
02/11/2024 22:00,114.88
02/11/2024 22:15,101.41
02/11/2024 22:30,118.63
02/11/2024 22:45,114.77
02/11/2024 23:00,101.26
02/11/2024 23:15,89.29
02/11/2024 23:30,86.3
02/11/2024 23:45,85.5
03/11/2024 00:00,119.34
03/11/2024 00:15,101.65
03/11/2024 00:30,79.64
03/11/2024 00:45,83.19
03/11/2024 01:00,96.56
03/11/2024 01:15,88.47
03/11/2024 01:30,99.37
03/11/2024 01:45,94.49
03/11/2024 02:00,88.49
03/11/2024 02:15,76.82
03/11/2024 02:30,87.57
03/11/2024 02:45,90.3
03/11/2024 03:00,90.88
03/11/2024 03:15,84.75
03/11/2024 03:30,85.94
03/11/2024 03:45,80.7
03/11/2024 04:00,77.83
03/11/2024 04:15,75.35
03/11/2024 04:30,80.72
03/11/2024 04:45,84.2
03/11/2024 05:00,79.88
03/11/2024 05:15,82.96
03/11/2024 05:30,92.09
03/11/2024 05:45,89.71
03/11/2024 06:00,72.31
03/11/2024 06:15,78.26
03/11/2024 06:30,88.29
03/11/2024 06:45,104
03/11/2024 07:00,79.31
03/11/2024 07:15,99.2
03/11/2024 07:30,96.6
03/11/2024 07:45,90.21
03/11/2024 08:00,102.43
03/11/2024 08:15,85.97
03/11/2024 08:30,93.49
03/11/2024 08:45,86.01
03/11/2024 09:00,98.08
03/11/2024 09:15,87.64
03/11/2024 09:30,79.03
03/11/2024 09:45,50.47
03/11/2024 10:00,82.96
03/11/2024 10:15,62.57
03/11/2024 10:30,46.25
03/11/2024 10:45,37.96
03/11/2024 11:00,64.2
03/11/2024 11:15,62.21
03/11/2024 11:30,63.59
03/11/2024 11:45,52.87
03/11/2024 12:00,53.68
03/11/2024 12:15,32.79
03/11/2024 12:30,38.39
03/11/2024 12:45,45.68
03/11/2024 13:00,37.2
03/11/2024 13:15,43.37
03/11/2024 13:30,43.69
03/11/2024 13:45,51.07
03/11/2024 14:00,56.4
03/11/2024 14:15,67.86
03/11/2024 14:30,81.88
03/11/2024 14:45,83.81
03/11/2024 15:00,72.42
03/11/2024 15:15,89.41
03/11/2024 15:30,101.2
03/11/2024 15:45,122.27
03/11/2024 16:00,80.26
03/11/2024 16:15,115.85
03/11/2024 16:30,133.98
03/11/2024 16:45,135.28
03/11/2024 17:00,109.57
03/11/2024 17:15,121.7
03/11/2024 17:30,122.11
03/11/2024 17:45,140.4
03/11/2024 18:00,142.1
03/11/2024 18:15,134.16
03/11/2024 18:30,134.89
03/11/2024 18:45,125.07
03/11/2024 19:00,139.57
03/11/2024 19:15,112.65
03/11/2024 19:30,110.43
03/11/2024 19:45,106.64
03/11/2024 20:00,119.18
03/11/2024 20:15,126.78
03/11/2024 20:30,97.54
03/11/2024 20:45,89.77
03/11/2024 21:00,107.05
03/11/2024 21:15,84.95
03/11/2024 21:30,81.59
03/11/2024 21:45,77.86
03/11/2024 22:00,94.8
03/11/2024 22:15,84.83
03/11/2024 22:30,107.91
03/11/2024 22:45,92.1
03/11/2024 23:00,124.22
03/11/2024 23:15,94.48
03/11/2024 23:30,96.04
03/11/2024 23:45,97.16
04/11/2024 00:00,131.28
04/11/2024 00:15,113.11
04/11/2024 00:30,92.01
04/11/2024 00:45,87.65
04/11/2024 01:00,97.51
04/11/2024 01:15,92.54
04/11/2024 01:30,102.21
04/11/2024 01:45,100.83
04/11/2024 02:00,109.97
04/11/2024 02:15,101.95
04/11/2024 02:30,101.5
04/11/2024 02:45,98.89
04/11/2024 03:00,112.2
04/11/2024 03:15,104.56
04/11/2024 03:30,108.68
04/11/2024 03:45,109.06
04/11/2024 04:00,88
04/11/2024 04:15,93.12
04/11/2024 04:30,99.07
04/11/2024 04:45,90.29
04/11/2024 05:00,88.89
04/11/2024 05:15,86.13
04/11/2024 05:30,95.34
04/11/2024 05:45,113.17
04/11/2024 06:00,74.72
04/11/2024 06:15,122.45
04/11/2024 06:30,147.01
04/11/2024 06:45,149.21
04/11/2024 07:00,130.41
04/11/2024 07:15,149
04/11/2024 07:30,143.99
04/11/2024 07:45,150.37
04/11/2024 08:00,199.08
04/11/2024 08:15,147.17
04/11/2024 08:30,141.22
04/11/2024 08:45,139.4
04/11/2024 09:00,178.66
04/11/2024 09:15,135.9
04/11/2024 09:30,106.2
04/11/2024 09:45,100.65
04/11/2024 10:00,154.59
04/11/2024 10:15,143.23
04/11/2024 10:30,146.49
04/11/2024 10:45,133.19
04/11/2024 11:00,160.39
04/11/2024 11:15,121.08
04/11/2024 11:30,117.68
04/11/2024 11:45,100.12
04/11/2024 12:00,115.27
04/11/2024 12:15,107.19
04/11/2024 12:30,102.26
04/11/2024 12:45,99.51
04/11/2024 13:00,116.85
04/11/2024 13:15,99.75
04/11/2024 13:30,103.09
04/11/2024 13:45,108.44
04/11/2024 14:00,102.76
04/11/2024 14:15,111.28
04/11/2024 14:30,130.94
04/11/2024 14:45,148.51
04/11/2024 15:00,94.39
04/11/2024 15:15,113.24
04/11/2024 15:30,140.37
04/11/2024 15:45,178.49
04/11/2024 16:00,156.91
04/11/2024 16:15,187.71
04/11/2024 16:30,238.6
04/11/2024 16:45,576.13
04/11/2024 17:00,218.59
04/11/2024 17:15,270.17
04/11/2024 17:30,231.4
04/11/2024 17:45,203.65
04/11/2024 18:00,192.68
04/11/2024 18:15,175.54
04/11/2024 18:30,151.41
04/11/2024 18:45,121.76
04/11/2024 19:00,157.89
04/11/2024 19:15,135.51
04/11/2024 19:30,124.94
04/11/2024 19:45,123.76
04/11/2024 20:00,138.51
04/11/2024 20:15,136.95
04/11/2024 20:30,125.62
04/11/2024 20:45,95.84
04/11/2024 21:00,139.3
04/11/2024 21:15,123.89
04/11/2024 21:30,103.06
04/11/2024 21:45,91.71
04/11/2024 22:00,124.88
04/11/2024 22:15,106.06
04/11/2024 22:30,111.3
04/11/2024 22:45,98.22
04/11/2024 23:00,105.37
04/11/2024 23:15,90.62
04/11/2024 23:30,101.38
04/11/2024 23:45,94.35
05/11/2024 00:00,92.31
05/11/2024 00:15,95.64
05/11/2024 00:30,87.57
05/11/2024 00:45,83.17
05/11/2024 01:00,101.25
05/11/2024 01:15,93.51
05/11/2024 01:30,81.7
05/11/2024 01:45,79.19
05/11/2024 02:00,96.83
05/11/2024 02:15,94.07
05/11/2024 02:30,88.74
05/11/2024 02:45,87.49
05/11/2024 03:00,83.32
05/11/2024 03:15,80.57
05/11/2024 03:30,82.48
05/11/2024 03:45,93.78
05/11/2024 04:00,70.27
05/11/2024 04:15,77.02
05/11/2024 04:30,94.11
05/11/2024 04:45,103.93
05/11/2024 05:00,82.42
05/11/2024 05:15,87.29
05/11/2024 05:30,95.43
05/11/2024 05:45,123.39
05/11/2024 06:00,86.43
05/11/2024 06:15,114.08
05/11/2024 06:30,148.51
05/11/2024 06:45,148.85
05/11/2024 07:00,137.42
05/11/2024 07:15,158.79
05/11/2024 07:30,161.79
05/11/2024 07:45,157.42
05/11/2024 08:00,151.36
05/11/2024 08:15,135.74
05/11/2024 08:30,125.02
05/11/2024 08:45,111.61
05/11/2024 09:00,141.49
05/11/2024 09:15,144.32
05/11/2024 09:30,139.63
05/11/2024 09:45,114.15
05/11/2024 10:00,151.83
05/11/2024 10:15,131.62
05/11/2024 10:30,123.98
05/11/2024 10:45,109.52
05/11/2024 11:00,145.16
05/11/2024 11:15,127.83
05/11/2024 11:30,112.33
05/11/2024 11:45,104.84
05/11/2024 12:00,118.28
05/11/2024 12:15,106.64
05/11/2024 12:30,120.58
05/11/2024 12:45,110.57
05/11/2024 13:00,106.92
05/11/2024 13:15,127.27
05/11/2024 13:30,174.38
05/11/2024 13:45,160.46
05/11/2024 14:00,116.72
05/11/2024 14:15,148.16
05/11/2024 14:30,145.02
05/11/2024 14:45,174.81
05/11/2024 15:00,118.54
05/11/2024 15:15,132.16
05/11/2024 15:30,135.82
05/11/2024 15:45,181.35
05/11/2024 16:00,105.47
05/11/2024 16:15,155.15
05/11/2024 16:30,249.77
05/11/2024 16:45,542.43
05/11/2024 17:00,163.9
05/11/2024 17:15,273.9
05/11/2024 17:30,396.56
05/11/2024 17:45,434.06
05/11/2024 18:00,399.31
05/11/2024 18:15,351.66
05/11/2024 18:30,348.63
05/11/2024 18:45,294.12
05/11/2024 19:00,440.99
05/11/2024 19:15,253.37
05/11/2024 19:30,174.01
05/11/2024 19:45,156.15
05/11/2024 20:00,209.55
05/11/2024 20:15,149.51
05/11/2024 20:30,141.12
05/11/2024 20:45,138.58
05/11/2024 21:00,132.66
05/11/2024 21:15,136.78
05/11/2024 21:30,134.75
05/11/2024 21:45,113.29
05/11/2024 22:00,132.92
05/11/2024 22:15,107.34
05/11/2024 22:30,128.14
05/11/2024 22:45,96.5
05/11/2024 23:00,121.23
05/11/2024 23:15,100.08
05/11/2024 23:30,96.07
05/11/2024 23:45,91.8
06/11/2024 00:00,112.34
06/11/2024 00:15,109.82
06/11/2024 00:30,98.63
06/11/2024 00:45,95.06
06/11/2024 01:00,103.59
06/11/2024 01:15,103.07
06/11/2024 01:30,102.48
06/11/2024 01:45,97.06
06/11/2024 02:00,98.82
06/11/2024 02:15,95.46
06/11/2024 02:30,92.8
06/11/2024 02:45,94.3
06/11/2024 03:00,92.63
06/11/2024 03:15,100.53
06/11/2024 03:30,106.39
06/11/2024 03:45,108.56
06/11/2024 04:00,95.19
06/11/2024 04:15,107.24
06/11/2024 04:30,119.28
06/11/2024 04:45,128.35
06/11/2024 05:00,102.18
06/11/2024 05:15,109.14
06/11/2024 05:30,132.29
06/11/2024 05:45,135.53
06/11/2024 06:00,114.95
06/11/2024 06:15,141.75
06/11/2024 06:30,183.8
06/11/2024 06:45,230.86
06/11/2024 07:00,206.07
06/11/2024 07:15,215.08
06/11/2024 07:30,251.83
06/11/2024 07:45,252.48
06/11/2024 08:00,270.49
06/11/2024 08:15,221.85
06/11/2024 08:30,185.42
06/11/2024 08:45,156.6
06/11/2024 09:00,245.47
06/11/2024 09:15,184.62
06/11/2024 09:30,170.65
06/11/2024 09:45,178.66
06/11/2024 10:00,295.75
06/11/2024 10:15,273.75
06/11/2024 10:30,226.21
06/11/2024 10:45,219.34
06/11/2024 11:00,236.88
06/11/2024 11:15,219.21
06/11/2024 11:30,213.55
06/11/2024 11:45,227.58
06/11/2024 12:00,294.93
06/11/2024 12:15,308.74
06/11/2024 12:30,292.76
06/11/2024 12:45,292.56
06/11/2024 13:00,316.8
06/11/2024 13:15,296.91
06/11/2024 13:30,269.02
06/11/2024 13:45,291.61
06/11/2024 14:00,278.32
06/11/2024 14:15,302.78
06/11/2024 14:30,318.41
06/11/2024 14:45,355.52
06/11/2024 15:00,306.27
06/11/2024 15:15,291.64
06/11/2024 15:30,316.74
06/11/2024 15:45,394.14
06/11/2024 16:00,287.72
06/11/2024 16:15,295.89
06/11/2024 16:30,293.03
06/11/2024 16:45,465.45
06/11/2024 17:00,332.48
06/11/2024 17:15,465.92
06/11/2024 17:30,500.55
06/11/2024 17:45,631.14
06/11/2024 18:00,556.12
06/11/2024 18:15,499.94
06/11/2024 18:30,361.49
06/11/2024 18:45,228.82
06/11/2024 19:00,357.69
06/11/2024 19:15,178.06
06/11/2024 19:30,165.23
06/11/2024 19:45,160.27
06/11/2024 20:00,204.7
06/11/2024 20:15,209.78
06/11/2024 20:30,209.92
06/11/2024 20:45,160.24
06/11/2024 21:00,149.47
06/11/2024 21:15,134.97
06/11/2024 21:30,127.78
06/11/2024 21:45,116.27
06/11/2024 22:00,131.66
06/11/2024 22:15,118.63
06/11/2024 22:30,118.59
06/11/2024 22:45,98.83
06/11/2024 23:00,146.18
06/11/2024 23:15,103.98
06/11/2024 23:30,105.91
06/11/2024 23:45,102.01
07/11/2024 00:00,137.72
07/11/2024 00:15,118.64
07/11/2024 00:30,101.87
07/11/2024 00:45,89.2
07/11/2024 01:00,114.15
07/11/2024 01:15,113.34
07/11/2024 01:30,103.37
07/11/2024 01:45,95.97
07/11/2024 02:00,103.56
07/11/2024 02:15,100.25
07/11/2024 02:30,95.24
07/11/2024 02:45,88.92
07/11/2024 03:00,101.22
07/11/2024 03:15,100.68
07/11/2024 03:30,101.32
07/11/2024 03:45,103.42
07/11/2024 04:00,94.88
07/11/2024 04:15,95.85
07/11/2024 04:30,108.34
07/11/2024 04:45,121.23
07/11/2024 05:00,93.22
07/11/2024 05:15,106.2
07/11/2024 05:30,114.25
07/11/2024 05:45,116.17
07/11/2024 06:00,105.74
07/11/2024 06:15,140.92
07/11/2024 06:30,158.67
07/11/2024 06:45,175.98
07/11/2024 07:00,183.52
07/11/2024 07:15,196.38
07/11/2024 07:30,212.58
07/11/2024 07:45,242.19
07/11/2024 08:00,221.92
07/11/2024 08:15,176.01
07/11/2024 08:30,173.52
07/11/2024 08:45,172.46
07/11/2024 09:00,179.98
07/11/2024 09:15,162.69
07/11/2024 09:30,137.58
07/11/2024 09:45,131.14
07/11/2024 10:00,150.83
07/11/2024 10:15,123.23
07/11/2024 10:30,114.28
07/11/2024 10:45,115.97
07/11/2024 11:00,156.19
07/11/2024 11:15,140.99
07/11/2024 11:30,156.94
07/11/2024 11:45,172.96
07/11/2024 12:00,179.46
07/11/2024 12:15,148.34
07/11/2024 12:30,137.31
07/11/2024 12:45,130.07
07/11/2024 13:00,131.21
07/11/2024 13:15,131.31
07/11/2024 13:30,150.91
07/11/2024 13:45,186.67
07/11/2024 14:00,172.07
07/11/2024 14:15,200.77
07/11/2024 14:30,192.77
07/11/2024 14:45,233.59
07/11/2024 15:00,193.7
07/11/2024 15:15,213.41
07/11/2024 15:30,238.42
07/11/2024 15:45,272.51
07/11/2024 16:00,151.21
07/11/2024 16:15,175.98
07/11/2024 16:30,178.66
07/11/2024 16:45,285.3
07/11/2024 17:00,233.25
07/11/2024 17:15,299.43
07/11/2024 17:30,339.99
07/11/2024 17:45,305.81
07/11/2024 18:00,243.03
07/11/2024 18:15,171.67
07/11/2024 18:30,164.14
07/11/2024 18:45,166.5
07/11/2024 19:00,217.34
07/11/2024 19:15,181.08
07/11/2024 19:30,185.1
07/11/2024 19:45,159.39
07/11/2024 20:00,194.33
07/11/2024 20:15,172.05
07/11/2024 20:30,157.98
07/11/2024 20:45,138.05
07/11/2024 21:00,182.11
07/11/2024 21:15,144.49
07/11/2024 21:30,125.25
07/11/2024 21:45,109.75
07/11/2024 22:00,149.26
07/11/2024 22:15,107.17
07/11/2024 22:30,97.05
07/11/2024 22:45,81.76
07/11/2024 23:00,114.24
07/11/2024 23:15,111.44
07/11/2024 23:30,99.65
07/11/2024 23:45,87.82
08/11/2024 00:00,109.81
08/11/2024 00:15,103.28
08/11/2024 00:30,99.82
08/11/2024 00:45,94.79
08/11/2024 01:00,108.05
08/11/2024 01:15,91.78
08/11/2024 01:30,95.86
08/11/2024 01:45,88.01
08/11/2024 02:00,107.11
08/11/2024 02:15,104.33
08/11/2024 02:30,101.06
08/11/2024 02:45,99.24
08/11/2024 03:00,100.97
08/11/2024 03:15,97.82
08/11/2024 03:30,99.99
08/11/2024 03:45,103.76
08/11/2024 04:00,94.27
08/11/2024 04:15,98.68
08/11/2024 04:30,100.03
08/11/2024 04:45,110.23
08/11/2024 05:00,92.58
08/11/2024 05:15,97.71
08/11/2024 05:30,99.99
08/11/2024 05:45,109.45
08/11/2024 06:00,94.31
08/11/2024 06:15,112.94
08/11/2024 06:30,139.84
08/11/2024 06:45,130.49
08/11/2024 07:00,125.86
08/11/2024 07:15,143.06
08/11/2024 07:30,143.91
08/11/2024 07:45,146.26
08/11/2024 08:00,151.29
08/11/2024 08:15,137.28
08/11/2024 08:30,132.86
08/11/2024 08:45,122.43
08/11/2024 09:00,157.01
08/11/2024 09:15,141.41
08/11/2024 09:30,122.01
08/11/2024 09:45,105.98
08/11/2024 10:00,119.16
08/11/2024 10:15,97.56
08/11/2024 10:30,100.47
08/11/2024 10:45,99.27
08/11/2024 11:00,127.53
08/11/2024 11:15,129
08/11/2024 11:30,115.3
08/11/2024 11:45,103.43
08/11/2024 12:00,115.33
08/11/2024 12:15,122.4
08/11/2024 12:30,128.49
08/11/2024 12:45,132.27
08/11/2024 13:00,134.98
08/11/2024 13:15,131.36
08/11/2024 13:30,122.74
08/11/2024 13:45,134.28
08/11/2024 14:00,129.51
08/11/2024 14:15,134.13
08/11/2024 14:30,138.48
08/11/2024 14:45,150.34
08/11/2024 15:00,137.89
08/11/2024 15:15,160.55
08/11/2024 15:30,147.68
08/11/2024 15:45,142.56
08/11/2024 16:00,142.4
08/11/2024 16:15,136.12
08/11/2024 16:30,131.87
08/11/2024 16:45,137
08/11/2024 17:00,131.85
08/11/2024 17:15,137.08
08/11/2024 17:30,137.64
08/11/2024 17:45,131.66
08/11/2024 18:00,151.39
08/11/2024 18:15,135.71
08/11/2024 18:30,144.35
08/11/2024 18:45,132.16
08/11/2024 19:00,141.74
08/11/2024 19:15,144.41
08/11/2024 19:30,139.77
08/11/2024 19:45,132.46
08/11/2024 20:00,150.43
08/11/2024 20:15,137.6
08/11/2024 20:30,115.15
08/11/2024 20:45,92.14
08/11/2024 21:00,147.07
08/11/2024 21:15,138.49
08/11/2024 21:30,137.14
08/11/2024 21:45,109.59
08/11/2024 22:00,123.22
08/11/2024 22:15,101.84
08/11/2024 22:30,132.68
08/11/2024 22:45,113
08/11/2024 23:00,130.44
08/11/2024 23:15,114.69
08/11/2024 23:30,99.89
08/11/2024 23:45,97.36
09/11/2024 00:00,103.81
09/11/2024 00:15,115.01
09/11/2024 00:30,99.36
09/11/2024 00:45,93.87
09/11/2024 01:00,124.59
09/11/2024 01:15,136.37
09/11/2024 01:30,125.33
09/11/2024 01:45,107.21
09/11/2024 02:00,101.84
09/11/2024 02:15,99
09/11/2024 02:30,104.05
09/11/2024 02:45,104.59
09/11/2024 03:00,103.23
09/11/2024 03:15,111.29
09/11/2024 03:30,116.5
09/11/2024 03:45,110.88
09/11/2024 04:00,110.35
09/11/2024 04:15,105.35
09/11/2024 04:30,106.34
09/11/2024 04:45,106.87
09/11/2024 05:00,95.49
09/11/2024 05:15,100.45
09/11/2024 05:30,105.4
09/11/2024 05:45,97.1
09/11/2024 06:00,89.18
09/11/2024 06:15,102.67
09/11/2024 06:30,106.48
09/11/2024 06:45,139.41
09/11/2024 07:00,101.8
09/11/2024 07:15,100.96
09/11/2024 07:30,119.62
09/11/2024 07:45,141.14
09/11/2024 08:00,116.67
09/11/2024 08:15,110.13
09/11/2024 08:30,109.88
09/11/2024 08:45,101.05
09/11/2024 09:00,132.47
09/11/2024 09:15,115.52
09/11/2024 09:30,110.32
09/11/2024 09:45,103.75
09/11/2024 10:00,131.9
09/11/2024 10:15,114.73
09/11/2024 10:30,118.57
09/11/2024 10:45,112.65
09/11/2024 11:00,124.41
09/11/2024 11:15,130.2
09/11/2024 11:30,118
09/11/2024 11:45,110.77
09/11/2024 12:00,133.89
09/11/2024 12:15,133.72
09/11/2024 12:30,129.28
09/11/2024 12:45,130.1
09/11/2024 13:00,121.87
09/11/2024 13:15,117.01
09/11/2024 13:30,114.51
09/11/2024 13:45,102.83
09/11/2024 14:00,95.82
09/11/2024 14:15,98.03
09/11/2024 14:30,120.18
09/11/2024 14:45,137.37
09/11/2024 15:00,103.93
09/11/2024 15:15,120.23
09/11/2024 15:30,131.09
09/11/2024 15:45,133.42
09/11/2024 16:00,108.98
09/11/2024 16:15,124.26
09/11/2024 16:30,140.29
09/11/2024 16:45,152.27
09/11/2024 17:00,137.2
09/11/2024 17:15,137.13
09/11/2024 17:30,164.97
09/11/2024 17:45,178.05
09/11/2024 18:00,174.04
09/11/2024 18:15,161.69
09/11/2024 18:30,166.92
09/11/2024 18:45,150.15
09/11/2024 19:00,159.6
09/11/2024 19:15,138.62
09/11/2024 19:30,149.03
09/11/2024 19:45,140.57
09/11/2024 20:00,151.44
09/11/2024 20:15,143.81
09/11/2024 20:30,132.2
09/11/2024 20:45,112.27
09/11/2024 21:00,149.85
09/11/2024 21:15,142.4
09/11/2024 21:30,137.37
09/11/2024 21:45,110.45
09/11/2024 22:00,132.86
09/11/2024 22:15,116.72
09/11/2024 22:30,122.4
09/11/2024 22:45,105.37
09/11/2024 23:00,103.84
09/11/2024 23:15,118.65
09/11/2024 23:30,120.62
09/11/2024 23:45,106.48
10/11/2024 00:00,129.01
10/11/2024 00:15,132.81
10/11/2024 00:30,111.52
10/11/2024 00:45,105.59
10/11/2024 01:00,128.08
10/11/2024 01:15,112.53
10/11/2024 01:30,112.88
10/11/2024 01:45,107.72
10/11/2024 02:00,121.35
10/11/2024 02:15,119.57
10/11/2024 02:30,107.89
10/11/2024 02:45,104.27
10/11/2024 03:00,110.47
10/11/2024 03:15,109.94
10/11/2024 03:30,111.49
10/11/2024 03:45,106.57
10/11/2024 04:00,99.86
10/11/2024 04:15,99.05
10/11/2024 04:30,103.18
10/11/2024 04:45,103.8
10/11/2024 05:00,104.37
10/11/2024 05:15,105.9
10/11/2024 05:30,107.81
10/11/2024 05:45,104.24
10/11/2024 06:00,89.58
10/11/2024 06:15,101
10/11/2024 06:30,111.94
10/11/2024 06:45,118.37
10/11/2024 07:00,95.69
10/11/2024 07:15,96.64
10/11/2024 07:30,101.97
10/11/2024 07:45,108.73
10/11/2024 08:00,102.81
10/11/2024 08:15,116.68
10/11/2024 08:30,127.87
10/11/2024 08:45,119.43
10/11/2024 09:00,111.43
10/11/2024 09:15,106.46
10/11/2024 09:30,115.33
10/11/2024 09:45,102.31
10/11/2024 10:00,100.96
10/11/2024 10:15,103.52
10/11/2024 10:30,103.13
10/11/2024 10:45,100.6
10/11/2024 11:00,97.31
10/11/2024 11:15,109.36
10/11/2024 11:30,118.36
10/11/2024 11:45,113.77
10/11/2024 12:00,118.61
10/11/2024 12:15,111.17
10/11/2024 12:30,123.8
10/11/2024 12:45,122.99
10/11/2024 13:00,124.71
10/11/2024 13:15,121.66
10/11/2024 13:30,113.28
10/11/2024 13:45,117.15
10/11/2024 14:00,135.48
10/11/2024 14:15,116.08
10/11/2024 14:30,99.34
10/11/2024 14:45,98.03
10/11/2024 15:00,113.69
10/11/2024 15:15,142.64
10/11/2024 15:30,147.58
10/11/2024 15:45,139.35
10/11/2024 16:00,125.76
10/11/2024 16:15,128.3
10/11/2024 16:30,139.03
10/11/2024 16:45,146.67
10/11/2024 17:00,126.27
10/11/2024 17:15,140.18
10/11/2024 17:30,140.17
10/11/2024 17:45,148.46
10/11/2024 18:00,153.97
10/11/2024 18:15,158.41
10/11/2024 18:30,151.69
10/11/2024 18:45,138.41
10/11/2024 19:00,152.02
10/11/2024 19:15,131.12
10/11/2024 19:30,121.86
10/11/2024 19:45,93.18
10/11/2024 20:00,151.54
10/11/2024 20:15,120.67
10/11/2024 20:30,102.59
10/11/2024 20:45,105.87
10/11/2024 21:00,136.55
10/11/2024 21:15,113.2
10/11/2024 21:30,106.28
10/11/2024 21:45,103.41
10/11/2024 22:00,118.78
10/11/2024 22:15,119.12
10/11/2024 22:30,149.86
10/11/2024 22:45,115.24
10/11/2024 23:00,141.97
10/11/2024 23:15,114.88
10/11/2024 23:30,100.29
10/11/2024 23:45,91.25
11/11/2024 00:00,128.99
11/11/2024 00:15,112.83
11/11/2024 00:30,83.91
11/11/2024 00:45,84.81
11/11/2024 01:00,121.29
11/11/2024 01:15,99.53
11/11/2024 01:30,89.74
11/11/2024 01:45,78.91
11/11/2024 02:00,107.81
11/11/2024 02:15,97.54
11/11/2024 02:30,86.62
11/11/2024 02:45,76.64
11/11/2024 03:00,84.6
11/11/2024 03:15,90.93
11/11/2024 03:30,100.7
11/11/2024 03:45,103.87
11/11/2024 04:00,120.68
11/11/2024 04:15,108.57
11/11/2024 04:30,106.06
11/11/2024 04:45,106.77
11/11/2024 05:00,107.23
11/11/2024 05:15,107.63
11/11/2024 05:30,109.39
11/11/2024 05:45,113.35
11/11/2024 06:00,88.88
11/11/2024 06:15,102
11/11/2024 06:30,109.81
11/11/2024 06:45,133.09
11/11/2024 07:00,118.36
11/11/2024 07:15,137.3
11/11/2024 07:30,147.29
11/11/2024 07:45,145.58
11/11/2024 08:00,151
11/11/2024 08:15,155.43
11/11/2024 08:30,146.56
11/11/2024 08:45,147.21
11/11/2024 09:00,149.2
11/11/2024 09:15,141.34
11/11/2024 09:30,131.72
11/11/2024 09:45,137.85
11/11/2024 10:00,165
11/11/2024 10:15,125.22
11/11/2024 10:30,125.75
11/11/2024 10:45,136.59
11/11/2024 11:00,153.27
11/11/2024 11:15,151.72
11/11/2024 11:30,144.1
11/11/2024 11:45,145.09
11/11/2024 12:00,141.97
11/11/2024 12:15,108.22
11/11/2024 12:30,119.09
11/11/2024 12:45,118.83
11/11/2024 13:00,146.08
11/11/2024 13:15,136.12
11/11/2024 13:30,140
11/11/2024 13:45,123.53
11/11/2024 14:00,102.7
11/11/2024 14:15,123.06
11/11/2024 14:30,148.45
11/11/2024 14:45,154.81
11/11/2024 15:00,134.41
11/11/2024 15:15,135.99
11/11/2024 15:30,148.57
11/11/2024 15:45,147.87
11/11/2024 16:00,129.8
11/11/2024 16:15,154.19
11/11/2024 16:30,159.18
11/11/2024 16:45,164.36
11/11/2024 17:00,152.2
11/11/2024 17:15,153.38
11/11/2024 17:30,182.09
11/11/2024 17:45,182.89
11/11/2024 18:00,173.27
11/11/2024 18:15,160.75
11/11/2024 18:30,159.05
11/11/2024 18:45,131.32
11/11/2024 19:00,144.93
11/11/2024 19:15,149.48
11/11/2024 19:30,150.54
11/11/2024 19:45,151.06
11/11/2024 20:00,150.28
11/11/2024 20:15,148.95
11/11/2024 20:30,128.03
11/11/2024 20:45,122.45
11/11/2024 21:00,157.22
11/11/2024 21:15,123.7
11/11/2024 21:30,126.79
11/11/2024 21:45,108.01
11/11/2024 22:00,136.32
11/11/2024 22:15,110.19
11/11/2024 22:30,115.46
11/11/2024 22:45,101.83
11/11/2024 23:00,125.19
11/11/2024 23:15,119.07
11/11/2024 23:30,98.61
11/11/2024 23:45,101.84
12/11/2024 00:00,138.02
12/11/2024 00:15,124.85
12/11/2024 00:30,111.54
12/11/2024 00:45,100.98
12/11/2024 01:00,118.27
12/11/2024 01:15,106.93
12/11/2024 01:30,91.1
12/11/2024 01:45,85.16
12/11/2024 02:00,101.06
12/11/2024 02:15,108.96
12/11/2024 02:30,104.53
12/11/2024 02:45,102.46
12/11/2024 03:00,89.3
12/11/2024 03:15,90.74
12/11/2024 03:30,103.99
12/11/2024 03:45,118.91
12/11/2024 04:00,75.79
12/11/2024 04:15,84.89
12/11/2024 04:30,99.65
12/11/2024 04:45,111.68
12/11/2024 05:00,96.8
12/11/2024 05:15,96.18
12/11/2024 05:30,103.43
12/11/2024 05:45,105.35
12/11/2024 06:00,75.91
12/11/2024 06:15,105.78
12/11/2024 06:30,120.63
12/11/2024 06:45,151.93
12/11/2024 07:00,159.26
12/11/2024 07:15,163.74
12/11/2024 07:30,162.4
12/11/2024 07:45,164.9
12/11/2024 08:00,194.05
12/11/2024 08:15,205.01
12/11/2024 08:30,182.01
12/11/2024 08:45,160.43
12/11/2024 09:00,187.6
12/11/2024 09:15,170.82
12/11/2024 09:30,160.08
12/11/2024 09:45,163.88
12/11/2024 10:00,170.11
12/11/2024 10:15,149.56
12/11/2024 10:30,146.51
12/11/2024 10:45,139.52
12/11/2024 11:00,146.4
12/11/2024 11:15,146.41
12/11/2024 11:30,145.06
12/11/2024 11:45,142.74
12/11/2024 12:00,144.44
12/11/2024 12:15,151.37
12/11/2024 12:30,150.12
12/11/2024 12:45,143.99
12/11/2024 13:00,140.26
12/11/2024 13:15,143.43
12/11/2024 13:30,145.77
12/11/2024 13:45,146.26
12/11/2024 14:00,139.51
12/11/2024 14:15,148.96
12/11/2024 14:30,169.57
12/11/2024 14:45,170.4
12/11/2024 15:00,170.31
12/11/2024 15:15,166.38
12/11/2024 15:30,170.76
12/11/2024 15:45,180.25
12/11/2024 16:00,149.76
12/11/2024 16:15,151.2
12/11/2024 16:30,170.37
12/11/2024 16:45,207.4
12/11/2024 17:00,140.92
12/11/2024 17:15,149.19
12/11/2024 17:30,191.58
12/11/2024 17:45,190.03
12/11/2024 18:00,177.39
12/11/2024 18:15,159.06
12/11/2024 18:30,152.25
12/11/2024 18:45,152.13
12/11/2024 19:00,156.24
12/11/2024 19:15,153.58
12/11/2024 19:30,151.85
12/11/2024 19:45,149.6
12/11/2024 20:00,162.89
12/11/2024 20:15,165.24
12/11/2024 20:30,165.34
12/11/2024 20:45,141.65
12/11/2024 21:00,167.07
12/11/2024 21:15,147.58
12/11/2024 21:30,123.54
12/11/2024 21:45,106.55
12/11/2024 22:00,160.1
12/11/2024 22:15,128.78
12/11/2024 22:30,104.84
12/11/2024 22:45,93.74
12/11/2024 23:00,147.77
12/11/2024 23:15,112.66
12/11/2024 23:30,109.69
12/11/2024 23:45,94.83
13/11/2024 00:00,128.12
13/11/2024 00:15,127.49
13/11/2024 00:30,109.42
13/11/2024 00:45,98.75
13/11/2024 01:00,120.25
13/11/2024 01:15,102.93
13/11/2024 01:30,99.45
13/11/2024 01:45,85.64
13/11/2024 02:00,111.12
13/11/2024 02:15,105.73
13/11/2024 02:30,102.74
13/11/2024 02:45,118.86
13/11/2024 03:00,102.32
13/11/2024 03:15,101.9
13/11/2024 03:30,101.96
13/11/2024 03:45,102.58
13/11/2024 04:00,101.08
13/11/2024 04:15,102.83
13/11/2024 04:30,105.72
13/11/2024 04:45,114.7
13/11/2024 05:00,99.43
13/11/2024 05:15,102.67
13/11/2024 05:30,112.2
13/11/2024 05:45,141.44
13/11/2024 06:00,55.69
13/11/2024 06:15,109.29
13/11/2024 06:30,136.37
13/11/2024 06:45,188.48
13/11/2024 07:00,118.57
13/11/2024 07:15,135.57
13/11/2024 07:30,143.82
13/11/2024 07:45,146.52
13/11/2024 08:00,145.59
13/11/2024 08:15,157.36
13/11/2024 08:30,162.75
13/11/2024 08:45,156.51
13/11/2024 09:00,173.28
13/11/2024 09:15,162.18
13/11/2024 09:30,157.03
13/11/2024 09:45,154.11
13/11/2024 10:00,172.99
13/11/2024 10:15,146.83
13/11/2024 10:30,143.74
13/11/2024 10:45,138.83
13/11/2024 11:00,148.25
13/11/2024 11:15,149.47
13/11/2024 11:30,152.19
13/11/2024 11:45,153.14
13/11/2024 12:00,167.73
13/11/2024 12:15,150.54
13/11/2024 12:30,149.27
13/11/2024 12:45,151.05
13/11/2024 13:00,168.43
13/11/2024 13:15,158.34
13/11/2024 13:30,152.98
13/11/2024 13:45,148.05
13/11/2024 14:00,146.04
13/11/2024 14:15,135.56
13/11/2024 14:30,139.88
13/11/2024 14:45,147.25
13/11/2024 15:00,168.65
13/11/2024 15:15,165.4
13/11/2024 15:30,175.06
13/11/2024 15:45,190.2
13/11/2024 16:00,204.38
13/11/2024 16:15,202.24
13/11/2024 16:30,201.24
13/11/2024 16:45,189.14
13/11/2024 17:00,172.53
13/11/2024 17:15,189.08
13/11/2024 17:30,186.72
13/11/2024 17:45,178.88
13/11/2024 18:00,175.11
13/11/2024 18:15,163.75
13/11/2024 18:30,173.9
13/11/2024 18:45,160.66
13/11/2024 19:00,196.27
13/11/2024 19:15,167.09
13/11/2024 19:30,142.22
13/11/2024 19:45,107.8
13/11/2024 20:00,162.73
13/11/2024 20:15,149.16
13/11/2024 20:30,147.04
13/11/2024 20:45,112.84
13/11/2024 21:00,151.89
13/11/2024 21:15,141.32
13/11/2024 21:30,122.43
13/11/2024 21:45,102.07
13/11/2024 22:00,142.85
13/11/2024 22:15,106.78
13/11/2024 22:30,95.37
13/11/2024 22:45,85.52
13/11/2024 23:00,128.78
13/11/2024 23:15,108.56
13/11/2024 23:30,101.43
13/11/2024 23:45,90.03
14/11/2024 00:00,121.77
14/11/2024 00:15,110.6
14/11/2024 00:30,100.97
14/11/2024 00:45,75.96
14/11/2024 01:00,112.82
14/11/2024 01:15,110.14
14/11/2024 01:30,111.32
14/11/2024 01:45,114.69
14/11/2024 02:00,115.38
14/11/2024 02:15,98.6
14/11/2024 02:30,91.57
14/11/2024 02:45,82.26
14/11/2024 03:00,104.08
14/11/2024 03:15,90.01
14/11/2024 03:30,85.08
14/11/2024 03:45,93.75
14/11/2024 04:00,95.03
14/11/2024 04:15,93.88
14/11/2024 04:30,104.34
14/11/2024 04:45,100.15
14/11/2024 05:00,60
14/11/2024 05:15,81.54
14/11/2024 05:30,111.29
14/11/2024 05:45,118.2
14/11/2024 06:00,78.93
14/11/2024 06:15,98.39
14/11/2024 06:30,102.13
14/11/2024 06:45,104.04
14/11/2024 07:00,87.81
14/11/2024 07:15,100.56
14/11/2024 07:30,118.74
14/11/2024 07:45,130.7
14/11/2024 08:00,112.38
14/11/2024 08:15,119.46
14/11/2024 08:30,120.8
14/11/2024 08:45,115.98
14/11/2024 09:00,112.05
14/11/2024 09:15,119.13
14/11/2024 09:30,118.24
14/11/2024 09:45,110.57
14/11/2024 10:00,114.69
14/11/2024 10:15,110.39
14/11/2024 10:30,108.36
14/11/2024 10:45,106.45
14/11/2024 11:00,111.2
14/11/2024 11:15,102.37
14/11/2024 11:30,104.98
14/11/2024 11:45,106.85
14/11/2024 12:00,114.36
14/11/2024 12:15,103.22
14/11/2024 12:30,103.51
14/11/2024 12:45,116.32
14/11/2024 13:00,118.7
14/11/2024 13:15,120.94
14/11/2024 13:30,117.56
14/11/2024 13:45,106.62
14/11/2024 14:00,99.74
14/11/2024 14:15,147.68
14/11/2024 14:30,135.4
14/11/2024 14:45,128.82
14/11/2024 15:00,96.74
14/11/2024 15:15,112.89
14/11/2024 15:30,144
14/11/2024 15:45,151.13
14/11/2024 16:00,119.78
14/11/2024 16:15,133.94
14/11/2024 16:30,156.04
14/11/2024 16:45,167.96
14/11/2024 17:00,149.25
14/11/2024 17:15,166.48
14/11/2024 17:30,181.07
14/11/2024 17:45,192.12
14/11/2024 18:00,216.33
14/11/2024 18:15,178
14/11/2024 18:30,148.7
14/11/2024 18:45,141.75
14/11/2024 19:00,143.54
14/11/2024 19:15,121.62
14/11/2024 19:30,115.25
14/11/2024 19:45,115.09
14/11/2024 20:00,135.55
14/11/2024 20:15,124.78
14/11/2024 20:30,113.97
14/11/2024 20:45,98.9
14/11/2024 21:00,130.54
14/11/2024 21:15,112.34
14/11/2024 21:30,114.36
14/11/2024 21:45,110.34
14/11/2024 22:00,138.48
14/11/2024 22:15,123.65
14/11/2024 22:30,141.34
14/11/2024 22:45,111.68
14/11/2024 23:00,120.45
14/11/2024 23:15,116.75
14/11/2024 23:30,130.46
14/11/2024 23:45,119.76
15/11/2024 00:00,113.04
15/11/2024 00:15,110.48
15/11/2024 00:30,97.13
15/11/2024 00:45,91.2
15/11/2024 01:00,104.71
15/11/2024 01:15,98.93
15/11/2024 01:30,98.89
15/11/2024 01:45,103.22
15/11/2024 02:00,111.53
15/11/2024 02:15,106.34
15/11/2024 02:30,105.01
15/11/2024 02:45,107.22
15/11/2024 03:00,108.64
15/11/2024 03:15,108.66
15/11/2024 03:30,109.49
15/11/2024 03:45,111.02
15/11/2024 04:00,93.09
15/11/2024 04:15,98.38
15/11/2024 04:30,99.68
15/11/2024 04:45,97.13
15/11/2024 05:00,87.54
15/11/2024 05:15,93.2
15/11/2024 05:30,100.06
15/11/2024 05:45,103.5
15/11/2024 06:00,97.44
15/11/2024 06:15,107.13
15/11/2024 06:30,144.54
15/11/2024 06:45,145.8
15/11/2024 07:00,120.68
15/11/2024 07:15,145.5
15/11/2024 07:30,147.69
15/11/2024 07:45,143.64
15/11/2024 08:00,134.42
15/11/2024 08:15,138.47
15/11/2024 08:30,135
15/11/2024 08:45,135.56
15/11/2024 09:00,141.99
15/11/2024 09:15,146.09
15/11/2024 09:30,140.49
15/11/2024 09:45,138.79
15/11/2024 10:00,138.02
15/11/2024 10:15,138.71
15/11/2024 10:30,134.48
15/11/2024 10:45,125.59
15/11/2024 11:00,133.83
15/11/2024 11:15,118.19
15/11/2024 11:30,115.38
15/11/2024 11:45,114.98
15/11/2024 12:00,119.51
15/11/2024 12:15,108.9
15/11/2024 12:30,110.17
15/11/2024 12:45,110.24
15/11/2024 13:00,121.56
15/11/2024 13:15,118.3
15/11/2024 13:30,125.68
15/11/2024 13:45,120.82
15/11/2024 14:00,105.76
15/11/2024 14:15,125.66
15/11/2024 14:30,130.86
15/11/2024 14:45,122.13
15/11/2024 15:00,131.73
15/11/2024 15:15,127.32
15/11/2024 15:30,142.87
15/11/2024 15:45,141.06
15/11/2024 16:00,131.84
15/11/2024 16:15,131.64
15/11/2024 16:30,140.57
15/11/2024 16:45,144.91
15/11/2024 17:00,147.02
15/11/2024 17:15,144.32
15/11/2024 17:30,151.39
15/11/2024 17:45,138.21
15/11/2024 18:00,150.42
15/11/2024 18:15,138.97
15/11/2024 18:30,134.54
15/11/2024 18:45,120.62
15/11/2024 19:00,163.91
15/11/2024 19:15,155.18
15/11/2024 19:30,123.01
15/11/2024 19:45,104.99
15/11/2024 20:00,145.98
15/11/2024 20:15,114.93
15/11/2024 20:30,110.38
15/11/2024 20:45,98.4
15/11/2024 21:00,134.84
15/11/2024 21:15,117.8
15/11/2024 21:30,82.02
15/11/2024 21:45,72.47
15/11/2024 22:00,151.96
15/11/2024 22:15,105.2
15/11/2024 22:30,107.96
15/11/2024 22:45,99.19
15/11/2024 23:00,134.82
15/11/2024 23:15,105.4
15/11/2024 23:30,82.58
15/11/2024 23:45,76.95
16/11/2024 00:00,91.11
16/11/2024 00:15,81.86
16/11/2024 00:30,77.87
16/11/2024 00:45,74.75
16/11/2024 01:00,101.94
16/11/2024 01:15,78.16
16/11/2024 01:30,76.23
16/11/2024 01:45,83.55
16/11/2024 02:00,100.51
16/11/2024 02:15,82.51
16/11/2024 02:30,82.02
16/11/2024 02:45,86.04
16/11/2024 03:00,91.93
16/11/2024 03:15,86.02
16/11/2024 03:30,88.31
16/11/2024 03:45,86.79
16/11/2024 04:00,89.75
16/11/2024 04:15,79.52
16/11/2024 04:30,78.36
16/11/2024 04:45,78.42
16/11/2024 05:00,82.71
16/11/2024 05:15,85.26
16/11/2024 05:30,82.31
16/11/2024 05:45,90.38
16/11/2024 06:00,73.1
16/11/2024 06:15,72.17
16/11/2024 06:30,81.68
16/11/2024 06:45,88.24
16/11/2024 07:00,82.15
16/11/2024 07:15,82.02
16/11/2024 07:30,80.74
16/11/2024 07:45,88.14
16/11/2024 08:00,74.85
16/11/2024 08:15,87.38
16/11/2024 08:30,97.05
16/11/2024 08:45,88.58
16/11/2024 09:00,102.56
16/11/2024 09:15,90.52
16/11/2024 09:30,80.56
16/11/2024 09:45,75.9
16/11/2024 10:00,97.39
16/11/2024 10:15,75.93
16/11/2024 10:30,69.98
16/11/2024 10:45,65.74
16/11/2024 11:00,71.72
16/11/2024 11:15,59
16/11/2024 11:30,61.9
16/11/2024 11:45,68.2
16/11/2024 12:00,80.16
16/11/2024 12:15,78.39
16/11/2024 12:30,78.69
16/11/2024 12:45,83.76
16/11/2024 13:00,69.64
16/11/2024 13:15,73.3
16/11/2024 13:30,79.37
16/11/2024 13:45,89.46
16/11/2024 14:00,69.98
16/11/2024 14:15,73.98
16/11/2024 14:30,79.28
16/11/2024 14:45,95.86
16/11/2024 15:00,70.85
16/11/2024 15:15,86.19
16/11/2024 15:30,104.45
16/11/2024 15:45,97.55
16/11/2024 16:00,80.95
16/11/2024 16:15,91.32
16/11/2024 16:30,94.27
16/11/2024 16:45,102.11
16/11/2024 17:00,93.54
16/11/2024 17:15,89.04
16/11/2024 17:30,89.84
16/11/2024 17:45,97.91
16/11/2024 18:00,102.53
16/11/2024 18:15,92.47
16/11/2024 18:30,79.73
16/11/2024 18:45,76.63
16/11/2024 19:00,95.79
16/11/2024 19:15,95.13
16/11/2024 19:30,100.26
16/11/2024 19:45,86.59
16/11/2024 20:00,122
16/11/2024 20:15,103.08
16/11/2024 20:30,78.75
16/11/2024 20:45,55.77
16/11/2024 21:00,107.36
16/11/2024 21:15,84.44
16/11/2024 21:30,84.01
16/11/2024 21:45,57.08
16/11/2024 22:00,136.63
16/11/2024 22:15,82.31
16/11/2024 22:30,78.6
16/11/2024 22:45,58.65
16/11/2024 23:00,98.54
16/11/2024 23:15,90.6
16/11/2024 23:30,79.21
16/11/2024 23:45,63.22
17/11/2024 00:00,99.15
17/11/2024 00:15,90.9
17/11/2024 00:30,86.4
17/11/2024 00:45,66.2
17/11/2024 01:00,94.84
17/11/2024 01:15,82.59
17/11/2024 01:30,63.57
17/11/2024 01:45,59.53
17/11/2024 02:00,82.4
17/11/2024 02:15,94.25
17/11/2024 02:30,91.73
17/11/2024 02:45,94.44
17/11/2024 03:00,75.77
17/11/2024 03:15,62.01
17/11/2024 03:30,55.82
17/11/2024 03:45,59.5
17/11/2024 04:00,70.16
17/11/2024 04:15,56.33
17/11/2024 04:30,57.24
17/11/2024 04:45,64.5
17/11/2024 05:00,83.06
17/11/2024 05:15,69.85
17/11/2024 05:30,68.07
17/11/2024 05:45,47.72
17/11/2024 06:00,47.76
17/11/2024 06:15,68.26
17/11/2024 06:30,79.06
17/11/2024 06:45,74.58
17/11/2024 07:00,54.24
17/11/2024 07:15,60.86
17/11/2024 07:30,61.4
17/11/2024 07:45,59.69
17/11/2024 08:00,66.25
17/11/2024 08:15,64.48
17/11/2024 08:30,68.24
17/11/2024 08:45,64.29
17/11/2024 09:00,63.7
17/11/2024 09:15,59.45
17/11/2024 09:30,64.68
17/11/2024 09:45,62.61
17/11/2024 10:00,70.44
17/11/2024 10:15,60.98
17/11/2024 10:30,52.81
17/11/2024 10:45,49.17
17/11/2024 11:00,70.37
17/11/2024 11:15,72.29
17/11/2024 11:30,73.41
17/11/2024 11:45,63.04
17/11/2024 12:00,61.77
17/11/2024 12:15,60.99
17/11/2024 12:30,57.57
17/11/2024 12:45,56.43
17/11/2024 13:00,59.94
17/11/2024 13:15,62.17
17/11/2024 13:30,71.68
17/11/2024 13:45,76.94
17/11/2024 14:00,66.63
17/11/2024 14:15,66.88
17/11/2024 14:30,71.67
17/11/2024 14:45,80.73
17/11/2024 15:00,71.92
17/11/2024 15:15,75.19
17/11/2024 15:30,94.55
17/11/2024 15:45,109.71
17/11/2024 16:00,96.46
17/11/2024 16:15,97.73
17/11/2024 16:30,90.7
17/11/2024 16:45,95.69
17/11/2024 17:00,90.59
17/11/2024 17:15,120.77
17/11/2024 17:30,137.08
17/11/2024 17:45,134.81
17/11/2024 18:00,116.69
17/11/2024 18:15,103.68
17/11/2024 18:30,79.47
17/11/2024 18:45,70.64
17/11/2024 19:00,84.05
17/11/2024 19:15,69.28
17/11/2024 19:30,69.21
17/11/2024 19:45,73.98
17/11/2024 20:00,94.56
17/11/2024 20:15,79.02
17/11/2024 20:30,83.14
17/11/2024 20:45,84.65
17/11/2024 21:00,96.55
17/11/2024 21:15,83.08
17/11/2024 21:30,85.17
17/11/2024 21:45,104.81
17/11/2024 22:00,131.65
17/11/2024 22:15,116.55
17/11/2024 22:30,95.57
17/11/2024 22:45,72.95
17/11/2024 23:00,99.9
17/11/2024 23:15,82.67
17/11/2024 23:30,67.45
17/11/2024 23:45,59.49
18/11/2024 00:00,91.59
18/11/2024 00:15,101.19
18/11/2024 00:30,96.17
18/11/2024 00:45,85.13
18/11/2024 01:00,100.03
18/11/2024 01:15,89.74
18/11/2024 01:30,83.6
18/11/2024 01:45,82.36
18/11/2024 02:00,114.74
18/11/2024 02:15,93.1
18/11/2024 02:30,89.16
18/11/2024 02:45,66.89
18/11/2024 03:00,72.85
18/11/2024 03:15,61.36
18/11/2024 03:30,59.05
18/11/2024 03:45,73.33
18/11/2024 04:00,74.63
18/11/2024 04:15,79.05
18/11/2024 04:30,83.72
18/11/2024 04:45,80.31
18/11/2024 05:00,54.3
18/11/2024 05:15,74.74
18/11/2024 05:30,94.34
18/11/2024 05:45,110.9
18/11/2024 06:00,71.94
18/11/2024 06:15,89.61
18/11/2024 06:30,98.11
18/11/2024 06:45,105.97
18/11/2024 07:00,74.34
18/11/2024 07:15,103.28
18/11/2024 07:30,137.64
18/11/2024 07:45,146.52
18/11/2024 08:00,121.89
18/11/2024 08:15,138.07
18/11/2024 08:30,140.56
18/11/2024 08:45,141.5
18/11/2024 09:00,142.74
18/11/2024 09:15,145.63
18/11/2024 09:30,134.72
18/11/2024 09:45,114.78
18/11/2024 10:00,144.76
18/11/2024 10:15,130.92
18/11/2024 10:30,107.97
18/11/2024 10:45,100.49
18/11/2024 11:00,119.97
18/11/2024 11:15,125.83
18/11/2024 11:30,120
18/11/2024 11:45,114.78
18/11/2024 12:00,119.11
18/11/2024 12:15,114.78
18/11/2024 12:30,130.27
18/11/2024 12:45,128.74
18/11/2024 13:00,92.63
18/11/2024 13:15,97.31
18/11/2024 13:30,123.81
18/11/2024 13:45,138.65
18/11/2024 14:00,97.23
18/11/2024 14:15,123.52
18/11/2024 14:30,142.25
18/11/2024 14:45,159.42
18/11/2024 15:00,110.44
18/11/2024 15:15,141.16
18/11/2024 15:30,144.24
18/11/2024 15:45,139
18/11/2024 16:00,104.41
18/11/2024 16:15,139.63
18/11/2024 16:30,161.26
18/11/2024 16:45,163.81
18/11/2024 17:00,146.49
18/11/2024 17:15,156.54
18/11/2024 17:30,153.06
18/11/2024 17:45,142.3
18/11/2024 18:00,155.32
18/11/2024 18:15,150.21
18/11/2024 18:30,162.22
18/11/2024 18:45,156.55
18/11/2024 19:00,154.61
18/11/2024 19:15,142.47
18/11/2024 19:30,125.66
18/11/2024 19:45,122.9
18/11/2024 20:00,131.39
18/11/2024 20:15,123.93
18/11/2024 20:30,121.2
18/11/2024 20:45,101.56
18/11/2024 21:00,119.65
18/11/2024 21:15,122.6
18/11/2024 21:30,107.33
18/11/2024 21:45,87.35
18/11/2024 22:00,138.58
18/11/2024 22:15,124.64
18/11/2024 22:30,113.14
18/11/2024 22:45,101.92
18/11/2024 23:00,112.34
18/11/2024 23:15,100.98
18/11/2024 23:30,86.43
18/11/2024 23:45,90.02
19/11/2024 00:00,111.26
19/11/2024 00:15,125.91
19/11/2024 00:30,105.92
19/11/2024 00:45,97.4
19/11/2024 01:00,112.89
19/11/2024 01:15,96.39
19/11/2024 01:30,87.35
19/11/2024 01:45,82.78
19/11/2024 02:00,102.86
19/11/2024 02:15,85.95
19/11/2024 02:30,83.12
19/11/2024 02:45,68.46
19/11/2024 03:00,90.36
19/11/2024 03:15,66.37
19/11/2024 03:30,80.04
19/11/2024 03:45,85.37
19/11/2024 04:00,78.73
19/11/2024 04:15,79.39
19/11/2024 04:30,81.93
19/11/2024 04:45,57.1
19/11/2024 05:00,85
19/11/2024 05:15,100.04
19/11/2024 05:30,95.26
19/11/2024 05:45,110.59
19/11/2024 06:00,82.32
19/11/2024 06:15,94.62
19/11/2024 06:30,105.83
19/11/2024 06:45,118.95
19/11/2024 07:00,113.68
19/11/2024 07:15,125.54
19/11/2024 07:30,121.64
19/11/2024 07:45,126.08
19/11/2024 08:00,141.43
19/11/2024 08:15,125.06
19/11/2024 08:30,123.56
19/11/2024 08:45,114.56
19/11/2024 09:00,115.84
19/11/2024 09:15,108.12
19/11/2024 09:30,105.64
19/11/2024 09:45,108.5
19/11/2024 10:00,143.31
19/11/2024 10:15,133.31
19/11/2024 10:30,124.99
19/11/2024 10:45,106.09
19/11/2024 11:00,96.66
19/11/2024 11:15,100.67
19/11/2024 11:30,107.8
19/11/2024 11:45,101.3
19/11/2024 12:00,120.1
19/11/2024 12:15,100.33
19/11/2024 12:30,104.13
19/11/2024 12:45,107.08
19/11/2024 13:00,99.53
19/11/2024 13:15,105.15
19/11/2024 13:30,115.88
19/11/2024 13:45,132.42
19/11/2024 14:00,116.19
19/11/2024 14:15,138.39
19/11/2024 14:30,147
19/11/2024 14:45,154.43
19/11/2024 15:00,116.85
19/11/2024 15:15,131.29
19/11/2024 15:30,143.88
19/11/2024 15:45,142.5
19/11/2024 16:00,139.9
19/11/2024 16:15,144.23
19/11/2024 16:30,151.03
19/11/2024 16:45,147.83
19/11/2024 17:00,143.53
19/11/2024 17:15,144.26
19/11/2024 17:30,153.93
19/11/2024 17:45,150.4
19/11/2024 18:00,146.08
19/11/2024 18:15,133.32
19/11/2024 18:30,150.3
19/11/2024 18:45,142.12
19/11/2024 19:00,152.53
19/11/2024 19:15,133.89
19/11/2024 19:30,126.42
19/11/2024 19:45,118.61
19/11/2024 20:00,140.84
19/11/2024 20:15,144.21
19/11/2024 20:30,143.51
19/11/2024 20:45,116.41
19/11/2024 21:00,112.02
19/11/2024 21:15,108.6
19/11/2024 21:30,121.09
19/11/2024 21:45,119.77
19/11/2024 22:00,134.9
19/11/2024 22:15,136.48
19/11/2024 22:30,140.77
19/11/2024 22:45,112.08
19/11/2024 23:00,109.81
19/11/2024 23:15,123.64
19/11/2024 23:30,130.67
19/11/2024 23:45,112.25
20/11/2024 00:00,99.82
20/11/2024 00:15,98.19
20/11/2024 00:30,81.77
20/11/2024 00:45,79.83
20/11/2024 01:00,105.37
20/11/2024 01:15,83.18
20/11/2024 01:30,91
20/11/2024 01:45,93.15
20/11/2024 02:00,84.31
20/11/2024 02:15,88.55
20/11/2024 02:30,92.47
20/11/2024 02:45,84.21
20/11/2024 03:00,104.04
20/11/2024 03:15,80.74
20/11/2024 03:30,53.31
20/11/2024 03:45,53.46
20/11/2024 04:00,86.65
20/11/2024 04:15,91.94
20/11/2024 04:30,101.18
20/11/2024 04:45,93.55
20/11/2024 05:00,96.96
20/11/2024 05:15,100.84
20/11/2024 05:30,107.23
20/11/2024 05:45,102.69
20/11/2024 06:00,79.14
20/11/2024 06:15,90.03
20/11/2024 06:30,106.17
20/11/2024 06:45,109.91
20/11/2024 07:00,86.52
20/11/2024 07:15,102.98
20/11/2024 07:30,136.95
20/11/2024 07:45,136.12
20/11/2024 08:00,126.03
20/11/2024 08:15,130.45
20/11/2024 08:30,150.55
20/11/2024 08:45,138.51
20/11/2024 09:00,153.82
20/11/2024 09:15,140.89
20/11/2024 09:30,138.36
20/11/2024 09:45,132.25
20/11/2024 10:00,154.06
20/11/2024 10:15,145.2
20/11/2024 10:30,136.83
20/11/2024 10:45,122.78
20/11/2024 11:00,124.97
20/11/2024 11:15,117.8
20/11/2024 11:30,106.43
20/11/2024 11:45,99.65
20/11/2024 12:00,122.88
20/11/2024 12:15,94.52
20/11/2024 12:30,98.93
20/11/2024 12:45,96.74
20/11/2024 13:00,92.55
20/11/2024 13:15,92.5
20/11/2024 13:30,89.92
20/11/2024 13:45,86.6
20/11/2024 14:00,78.76
20/11/2024 14:15,93.47
20/11/2024 14:30,107.97
20/11/2024 14:45,133.5
20/11/2024 15:00,96.81
20/11/2024 15:15,109.81
20/11/2024 15:30,129.11
20/11/2024 15:45,128.41
20/11/2024 16:00,109.17
20/11/2024 16:15,112.35
20/11/2024 16:30,124.55
20/11/2024 16:45,115.94
20/11/2024 17:00,131.29
20/11/2024 17:15,128.72
20/11/2024 17:30,121.16
20/11/2024 17:45,113.11
20/11/2024 18:00,121.7
20/11/2024 18:15,128.12
20/11/2024 18:30,116.85
20/11/2024 18:45,100.43
20/11/2024 19:00,114.4
20/11/2024 19:15,109.74
20/11/2024 19:30,103.42
20/11/2024 19:45,98.26
20/11/2024 20:00,124.92
20/11/2024 20:15,118.35
20/11/2024 20:30,100.39
20/11/2024 20:45,102.81
20/11/2024 21:00,124.13
20/11/2024 21:15,121.21
20/11/2024 21:30,114.92
20/11/2024 21:45,108
20/11/2024 22:00,123.63
20/11/2024 22:15,99.95
20/11/2024 22:30,105.06
20/11/2024 22:45,98.12
20/11/2024 23:00,116.36
20/11/2024 23:15,98.26
20/11/2024 23:30,93.92
20/11/2024 23:45,82.53
21/11/2024 00:00,111.04
21/11/2024 00:15,105.78
21/11/2024 00:30,87.42
21/11/2024 00:45,81.57
21/11/2024 01:00,103.05
21/11/2024 01:15,96.4
21/11/2024 01:30,89.13
21/11/2024 01:45,81.25
21/11/2024 02:00,111.57
21/11/2024 02:15,100.79
21/11/2024 02:30,97.79
21/11/2024 02:45,90.08
21/11/2024 03:00,101.09
21/11/2024 03:15,82.45
21/11/2024 03:30,81.26
21/11/2024 03:45,87.88
21/11/2024 04:00,76.94
21/11/2024 04:15,71.06
21/11/2024 04:30,98.83
21/11/2024 04:45,102.8
21/11/2024 05:00,98.18
21/11/2024 05:15,95.57
21/11/2024 05:30,113.48
21/11/2024 05:45,138.49
21/11/2024 06:00,97.22
21/11/2024 06:15,106.84
21/11/2024 06:30,134.13
21/11/2024 06:45,139.58
21/11/2024 07:00,125.67
21/11/2024 07:15,138.59
21/11/2024 07:30,152.55
21/11/2024 07:45,154.67
21/11/2024 08:00,147.82
21/11/2024 08:15,126.86
21/11/2024 08:30,116.08
21/11/2024 08:45,99.53
21/11/2024 09:00,127.28
21/11/2024 09:15,131.76
21/11/2024 09:30,129.4
21/11/2024 09:45,96.32
21/11/2024 10:00,129.92
21/11/2024 10:15,102.72
21/11/2024 10:30,102.88
21/11/2024 10:45,82.65
21/11/2024 11:00,109.66
21/11/2024 11:15,103.88
21/11/2024 11:30,98.39
21/11/2024 11:45,101.49
21/11/2024 12:00,88.58
21/11/2024 12:15,93.8
21/11/2024 12:30,91.19
21/11/2024 12:45,99.46
21/11/2024 13:00,76.01
21/11/2024 13:15,101.93
21/11/2024 13:30,112.63
21/11/2024 13:45,131.63
21/11/2024 14:00,97.39
21/11/2024 14:15,139.06
21/11/2024 14:30,157.7
21/11/2024 14:45,184.93
21/11/2024 15:00,139.72
21/11/2024 15:15,201.47
21/11/2024 15:30,292.05
21/11/2024 15:45,285.8
21/11/2024 16:00,157.45
21/11/2024 16:15,179.11
21/11/2024 16:30,202.05
21/11/2024 16:45,394.25
21/11/2024 17:00,202.99
21/11/2024 17:15,408.36
21/11/2024 17:30,398.93
21/11/2024 17:45,402.71
21/11/2024 18:00,214.15
21/11/2024 18:15,135.56
21/11/2024 18:30,141.47
21/11/2024 18:45,135.32
21/11/2024 19:00,161.19
21/11/2024 19:15,142.08
21/11/2024 19:30,158.81
21/11/2024 19:45,135.31
21/11/2024 20:00,167.02
21/11/2024 20:15,146.55
21/11/2024 20:30,119.82
21/11/2024 20:45,120.65
21/11/2024 21:00,163.97
21/11/2024 21:15,156.82
21/11/2024 21:30,149.22
21/11/2024 21:45,139.96
21/11/2024 22:00,152.17
21/11/2024 22:15,141.52
21/11/2024 22:30,139.06
21/11/2024 22:45,110.99
21/11/2024 23:00,144.43
21/11/2024 23:15,131.75
21/11/2024 23:30,114.12
21/11/2024 23:45,107.28
22/11/2024 00:00,146.88
22/11/2024 00:15,122.45
22/11/2024 00:30,95.86
22/11/2024 00:45,87.66
22/11/2024 01:00,136.72
22/11/2024 01:15,97.4
22/11/2024 01:30,94.1
22/11/2024 01:45,82.54
22/11/2024 02:00,106.99
22/11/2024 02:15,98.63
22/11/2024 02:30,94.29
22/11/2024 02:45,81.71
22/11/2024 03:00,95.17
22/11/2024 03:15,95.88
22/11/2024 03:30,89.11
22/11/2024 03:45,76.19
22/11/2024 04:00,88.75
22/11/2024 04:15,112.7
22/11/2024 04:30,118.32
22/11/2024 04:45,122.25
22/11/2024 05:00,123.92
22/11/2024 05:15,107.36
22/11/2024 05:30,97.84
22/11/2024 05:45,106.33
22/11/2024 06:00,93.85
22/11/2024 06:15,109.58
22/11/2024 06:30,144.94
22/11/2024 06:45,147.43
22/11/2024 07:00,130.25
22/11/2024 07:15,139.77
22/11/2024 07:30,147.25
22/11/2024 07:45,142.69
22/11/2024 08:00,153.69
22/11/2024 08:15,157.54
22/11/2024 08:30,150.78
22/11/2024 08:45,137.59
22/11/2024 09:00,159.24
22/11/2024 09:15,141.92
22/11/2024 09:30,133.16
22/11/2024 09:45,131.31
22/11/2024 10:00,153.91
22/11/2024 10:15,153.26
22/11/2024 10:30,142.93
22/11/2024 10:45,132.25
22/11/2024 11:00,158.72
22/11/2024 11:15,144.57
22/11/2024 11:30,142.09
22/11/2024 11:45,136.14
22/11/2024 12:00,120.82
22/11/2024 12:15,107.69
22/11/2024 12:30,106.08
22/11/2024 12:45,96.81
22/11/2024 13:00,125.91
22/11/2024 13:15,108.35
22/11/2024 13:30,101.04
22/11/2024 13:45,100
22/11/2024 14:00,102.75
22/11/2024 14:15,117.8
22/11/2024 14:30,112.49
22/11/2024 14:45,118.93
22/11/2024 15:00,100.11
22/11/2024 15:15,100.65
22/11/2024 15:30,101.65
22/11/2024 15:45,115.82
22/11/2024 16:00,95.01
22/11/2024 16:15,111.61
22/11/2024 16:30,103.38
22/11/2024 16:45,132.73
22/11/2024 17:00,109.19
22/11/2024 17:15,150.43
22/11/2024 17:30,161.86
22/11/2024 17:45,158.45
22/11/2024 18:00,126.28
22/11/2024 18:15,113.38
22/11/2024 18:30,129.43
22/11/2024 18:45,119.7
22/11/2024 19:00,109.44
22/11/2024 19:15,122.91
22/11/2024 19:30,139.05
22/11/2024 19:45,133.88
22/11/2024 20:00,132.92
22/11/2024 20:15,112.31
22/11/2024 20:30,113.22
22/11/2024 20:45,109.45
22/11/2024 21:00,111.27
22/11/2024 21:15,95.23
22/11/2024 21:30,88.5
22/11/2024 21:45,99.58
22/11/2024 22:00,130
22/11/2024 22:15,129.18
22/11/2024 22:30,144.98
22/11/2024 22:45,115.05
22/11/2024 23:00,148.5
22/11/2024 23:15,122.85
22/11/2024 23:30,97.35
22/11/2024 23:45,81.53
23/11/2024 00:00,74.35
23/11/2024 00:15,80.88
23/11/2024 00:30,74.96
23/11/2024 00:45,78.53
23/11/2024 01:00,115.45
23/11/2024 01:15,112.51
23/11/2024 01:30,109.66
23/11/2024 01:45,101.7
23/11/2024 02:00,102.85
23/11/2024 02:15,95.72
23/11/2024 02:30,97.83
23/11/2024 02:45,85.18
23/11/2024 03:00,76.27
23/11/2024 03:15,74.81
23/11/2024 03:30,84.2
23/11/2024 03:45,89.06
23/11/2024 04:00,90.3
23/11/2024 04:15,99.63
23/11/2024 04:30,92.97
23/11/2024 04:45,102.73
23/11/2024 05:00,75.41
23/11/2024 05:15,86.96
23/11/2024 05:30,90.76
23/11/2024 05:45,92.39
23/11/2024 06:00,69.03
23/11/2024 06:15,95.31
23/11/2024 06:30,98.81
23/11/2024 06:45,110.35
23/11/2024 07:00,53.94
23/11/2024 07:15,74.89
23/11/2024 07:30,92.69
23/11/2024 07:45,100.19
23/11/2024 08:00,84.94
23/11/2024 08:15,93.62
23/11/2024 08:30,99.35
23/11/2024 08:45,108.94
23/11/2024 09:00,99.78
23/11/2024 09:15,91.16
23/11/2024 09:30,88.88
23/11/2024 09:45,77.62
23/11/2024 10:00,91.01
23/11/2024 10:15,75.61
23/11/2024 10:30,59.82
23/11/2024 10:45,38.83
23/11/2024 11:00,67.84
23/11/2024 11:15,69.26
23/11/2024 11:30,66.76
23/11/2024 11:45,46.69
23/11/2024 12:00,52.74
23/11/2024 12:15,40.88
23/11/2024 12:30,59.56
23/11/2024 12:45,71.1
23/11/2024 13:00,57.75
23/11/2024 13:15,63.22
23/11/2024 13:30,58.59
23/11/2024 13:45,69.11
23/11/2024 14:00,46.73
23/11/2024 14:15,61.26
23/11/2024 14:30,64.24
23/11/2024 14:45,68.66
23/11/2024 15:00,59.07
23/11/2024 15:15,68.58
23/11/2024 15:30,70
23/11/2024 15:45,71.22
23/11/2024 16:00,54.32
23/11/2024 16:15,43.82
23/11/2024 16:30,34.68
23/11/2024 16:45,22.49
23/11/2024 17:00,38.36
23/11/2024 17:15,43.06
23/11/2024 17:30,47.39
23/11/2024 17:45,45.28
23/11/2024 18:00,54.01
23/11/2024 18:15,26.25
23/11/2024 18:30,16.72
23/11/2024 18:45,-0.47
23/11/2024 19:00,43.92
23/11/2024 19:15,6.51
23/11/2024 19:30,6.7
23/11/2024 19:45,2.49
23/11/2024 20:00,23.68
23/11/2024 20:15,2.92
23/11/2024 20:30,1.05
23/11/2024 20:45,-1.56
23/11/2024 21:00,10.43
23/11/2024 21:15,-0.57
23/11/2024 21:30,-1.38
23/11/2024 21:45,-7.51
23/11/2024 22:00,4.43
23/11/2024 22:15,1.95
23/11/2024 22:30,4.05
23/11/2024 22:45,0.63
23/11/2024 23:00,3.75
23/11/2024 23:15,-0.47
23/11/2024 23:30,1.3
23/11/2024 23:45,-3.95
24/11/2024 00:00,18.25
24/11/2024 00:15,5.57
24/11/2024 00:30,-2.65
24/11/2024 00:45,-4.42
24/11/2024 01:00,0.89
24/11/2024 01:15,0.49
24/11/2024 01:30,0.49
24/11/2024 01:45,2.12
24/11/2024 02:00,4.03
24/11/2024 02:15,1.11
24/11/2024 02:30,-0.06
24/11/2024 02:45,-1.69
24/11/2024 03:00,1.1
24/11/2024 03:15,0.82
24/11/2024 03:30,0.56
24/11/2024 03:45,-0.03
24/11/2024 04:00,1
24/11/2024 04:15,-1.29
24/11/2024 04:30,-0.52
24/11/2024 04:45,-0.35
24/11/2024 05:00,-2.17
24/11/2024 05:15,-1.13
24/11/2024 05:30,1.36
24/11/2024 05:45,0.34
24/11/2024 06:00,-3.18
24/11/2024 06:15,-1.64
24/11/2024 06:30,-1.84
24/11/2024 06:45,-0.3
24/11/2024 07:00,-5.79
24/11/2024 07:15,-3.91
24/11/2024 07:30,-1.22
24/11/2024 07:45,1.57
24/11/2024 08:00,-2.21
24/11/2024 08:15,0.36
24/11/2024 08:30,2.41
24/11/2024 08:45,1.55
24/11/2024 09:00,0.34
24/11/2024 09:15,1.52
24/11/2024 09:30,0.18
24/11/2024 09:45,-1.62
24/11/2024 10:00,5.78
24/11/2024 10:15,0.51
24/11/2024 10:30,-1.09
24/11/2024 10:45,-2.35
24/11/2024 11:00,1.79
24/11/2024 11:15,1.75
24/11/2024 11:30,-0.81
24/11/2024 11:45,-3.22
24/11/2024 12:00,-1.95
24/11/2024 12:15,-0.84
24/11/2024 12:30,-1.17
24/11/2024 12:45,-2.97
24/11/2024 13:00,-4.34
24/11/2024 13:15,-1.64
24/11/2024 13:30,-0.41
24/11/2024 13:45,-1.99
24/11/2024 14:00,-8.6
24/11/2024 14:15,-5.16
24/11/2024 14:30,-1.9
24/11/2024 14:45,-0.21
24/11/2024 15:00,-6.17
24/11/2024 15:15,-2.2
24/11/2024 15:30,2.1
24/11/2024 15:45,3.31
24/11/2024 16:00,-6.17
24/11/2024 16:15,0.2
24/11/2024 16:30,2.29
24/11/2024 16:45,4.2
24/11/2024 17:00,-3.72
24/11/2024 17:15,-0.39
24/11/2024 17:30,0.82
24/11/2024 17:45,0.75
24/11/2024 18:00,4.24
24/11/2024 18:15,4.29
24/11/2024 18:30,2.32
24/11/2024 18:45,0.11
24/11/2024 19:00,10.64
24/11/2024 19:15,1.99
24/11/2024 19:30,1.02
24/11/2024 19:45,0.96
24/11/2024 20:00,15.25
24/11/2024 20:15,5.45
24/11/2024 20:30,0.89
24/11/2024 20:45,-1.05
24/11/2024 21:00,2.98
24/11/2024 21:15,0.2
24/11/2024 21:30,-2.78
24/11/2024 21:45,-4.68
24/11/2024 22:00,6.12
24/11/2024 22:15,1.2
24/11/2024 22:30,-0.87
24/11/2024 22:45,-2.38
24/11/2024 23:00,9.77
24/11/2024 23:15,3.17
24/11/2024 23:30,-3.95
24/11/2024 23:45,-7.21
25/11/2024 00:00,11.46
25/11/2024 00:15,-0.54
25/11/2024 00:30,-2.22
25/11/2024 00:45,-3.28
25/11/2024 01:00,3.59
25/11/2024 01:15,29.35
25/11/2024 01:30,-0.53
25/11/2024 01:45,-0.71
25/11/2024 02:00,0.63
25/11/2024 02:15,-2.87
25/11/2024 02:30,-1.87
25/11/2024 02:45,-1.34
25/11/2024 03:00,0.07
25/11/2024 03:15,-1
25/11/2024 03:30,-1.09
25/11/2024 03:45,2.64
25/11/2024 04:00,-3.25
25/11/2024 04:15,-1.9
25/11/2024 04:30,-0.78
25/11/2024 04:45,11.83
25/11/2024 05:00,-4
25/11/2024 05:15,-3.15
25/11/2024 05:30,-0.54
25/11/2024 05:45,31.66
25/11/2024 06:00,-14.52
25/11/2024 06:15,0.59
25/11/2024 06:30,44.39
25/11/2024 06:45,114.1
25/11/2024 07:00,49.79
25/11/2024 07:15,101.22
25/11/2024 07:30,117.31
25/11/2024 07:45,110.21
25/11/2024 08:00,97.58
25/11/2024 08:15,101.43
25/11/2024 08:30,101.12
25/11/2024 08:45,82.65
25/11/2024 09:00,128.24
25/11/2024 09:15,122.54
25/11/2024 09:30,102.57
25/11/2024 09:45,87.53
25/11/2024 10:00,106
25/11/2024 10:15,94.51
25/11/2024 10:30,85.8
25/11/2024 10:45,82.36
25/11/2024 11:00,86.31
25/11/2024 11:15,70.46
25/11/2024 11:30,88.99
25/11/2024 11:45,119.27
25/11/2024 12:00,106.42
25/11/2024 12:15,92.23
25/11/2024 12:30,105.87
25/11/2024 12:45,106.38
25/11/2024 13:00,97.46
25/11/2024 13:15,101.16
25/11/2024 13:30,94.1
25/11/2024 13:45,95.84
25/11/2024 14:00,73.82
25/11/2024 14:15,92.43
25/11/2024 14:30,94.23
25/11/2024 14:45,102.77
25/11/2024 15:00,96.36
25/11/2024 15:15,130.38
25/11/2024 15:30,131.14
25/11/2024 15:45,131.65
25/11/2024 16:00,111.61
25/11/2024 16:15,121.92
25/11/2024 16:30,113.45
25/11/2024 16:45,115.74
25/11/2024 17:00,104.34
25/11/2024 17:15,106.93
25/11/2024 17:30,99.55
25/11/2024 17:45,83.18
25/11/2024 18:00,112.61
25/11/2024 18:15,107.01
25/11/2024 18:30,109.05
25/11/2024 18:45,101.62
25/11/2024 19:00,115.28
25/11/2024 19:15,113.64
25/11/2024 19:30,105.12
25/11/2024 19:45,93.69
25/11/2024 20:00,106.84
25/11/2024 20:15,86.73
25/11/2024 20:30,84.99
25/11/2024 20:45,79.92
25/11/2024 21:00,101.6
25/11/2024 21:15,103.76
25/11/2024 21:30,106.81
25/11/2024 21:45,104.86
25/11/2024 22:00,151.26
25/11/2024 22:15,127.82
25/11/2024 22:30,99.95
25/11/2024 22:45,106.52
25/11/2024 23:00,135.67
25/11/2024 23:15,122.82
25/11/2024 23:30,114.1
25/11/2024 23:45,96.58
26/11/2024 00:00,123.35
26/11/2024 00:15,122.97
26/11/2024 00:30,110.81
26/11/2024 00:45,102.35
26/11/2024 01:00,126.04
26/11/2024 01:15,109.88
26/11/2024 01:30,106.97
26/11/2024 01:45,106.63
26/11/2024 02:00,118.35
26/11/2024 02:15,96.23
26/11/2024 02:30,106.68
26/11/2024 02:45,116.36
26/11/2024 03:00,118.28
26/11/2024 03:15,106.83
26/11/2024 03:30,99.5
26/11/2024 03:45,101.1
26/11/2024 04:00,95.28
26/11/2024 04:15,93.88
26/11/2024 04:30,110.62
26/11/2024 04:45,116.41
26/11/2024 05:00,146.49
26/11/2024 05:15,149.59
26/11/2024 05:30,128.56
26/11/2024 05:45,142.86
26/11/2024 06:00,102.29
26/11/2024 06:15,122.23
26/11/2024 06:30,147.83
26/11/2024 06:45,159.32
26/11/2024 07:00,136.37
26/11/2024 07:15,130.22
26/11/2024 07:30,154.28
26/11/2024 07:45,157.84
26/11/2024 08:00,173.66
26/11/2024 08:15,178.5
26/11/2024 08:30,156.97
26/11/2024 08:45,145.22
26/11/2024 09:00,150.85
26/11/2024 09:15,145.5
26/11/2024 09:30,137.85
26/11/2024 09:45,116.73
26/11/2024 10:00,162.37
26/11/2024 10:15,139.42
26/11/2024 10:30,116.02
26/11/2024 10:45,106.15
26/11/2024 11:00,125.92
26/11/2024 11:15,110.45
26/11/2024 11:30,104.18
26/11/2024 11:45,90.33
26/11/2024 12:00,105.14
26/11/2024 12:15,96.96
26/11/2024 12:30,104.87
26/11/2024 12:45,99.14
26/11/2024 13:00,88.92
26/11/2024 13:15,101.89
26/11/2024 13:30,108.31
26/11/2024 13:45,126.67
26/11/2024 14:00,99.41
26/11/2024 14:15,116.9
26/11/2024 14:30,146.96
26/11/2024 14:45,152.65
26/11/2024 15:00,133.38
26/11/2024 15:15,144.2
26/11/2024 15:30,151.35
26/11/2024 15:45,149.44
26/11/2024 16:00,138.11
26/11/2024 16:15,143.12
26/11/2024 16:30,128.25
26/11/2024 16:45,124.55
26/11/2024 17:00,132.5
26/11/2024 17:15,136.91
26/11/2024 17:30,131.47
26/11/2024 17:45,118.4
26/11/2024 18:00,140.02
26/11/2024 18:15,133.02
26/11/2024 18:30,138.99
26/11/2024 18:45,142.13
26/11/2024 19:00,138.65
26/11/2024 19:15,122.26
26/11/2024 19:30,113.87
26/11/2024 19:45,118.8
26/11/2024 20:00,137.31
26/11/2024 20:15,136.68
26/11/2024 20:30,118.91
26/11/2024 20:45,95.74
26/11/2024 21:00,135.22
26/11/2024 21:15,112.18
26/11/2024 21:30,106.8
26/11/2024 21:45,95.17
26/11/2024 22:00,135.77
26/11/2024 22:15,126.05
26/11/2024 22:30,125.75
26/11/2024 22:45,100.39
26/11/2024 23:00,125.86
26/11/2024 23:15,99.16
26/11/2024 23:30,88.56
26/11/2024 23:45,90.48
27/11/2024 00:00,110.91
27/11/2024 00:15,101.19
27/11/2024 00:30,89.69
27/11/2024 00:45,93.21
27/11/2024 01:00,115.45
27/11/2024 01:15,118.41
27/11/2024 01:30,97.81
27/11/2024 01:45,80.89
27/11/2024 02:00,73.32
27/11/2024 02:15,62.02
27/11/2024 02:30,80.58
27/11/2024 02:45,87.9
27/11/2024 03:00,88.85
27/11/2024 03:15,100.47
27/11/2024 03:30,103.26
27/11/2024 03:45,104.79
27/11/2024 04:00,97.11
27/11/2024 04:15,95.25
27/11/2024 04:30,106.52
27/11/2024 04:45,126.79
27/11/2024 05:00,100.94
27/11/2024 05:15,96.94
27/11/2024 05:30,123.74
27/11/2024 05:45,134.55
27/11/2024 06:00,93.26
27/11/2024 06:15,122.24
27/11/2024 06:30,129.06
27/11/2024 06:45,134.34
27/11/2024 07:00,136.82
27/11/2024 07:15,142.11
27/11/2024 07:30,148.01
27/11/2024 07:45,189.46
27/11/2024 08:00,265.94
27/11/2024 08:15,251.91
27/11/2024 08:30,172.55
27/11/2024 08:45,132.41
27/11/2024 09:00,157.07
27/11/2024 09:15,134.39
27/11/2024 09:30,108.22
27/11/2024 09:45,109.66
27/11/2024 10:00,151.23
27/11/2024 10:15,109.08
27/11/2024 10:30,96.18
27/11/2024 10:45,71.13
27/11/2024 11:00,117.09
27/11/2024 11:15,99.31
27/11/2024 11:30,98.08
27/11/2024 11:45,81.51
27/11/2024 12:00,106.68
27/11/2024 12:15,81.35
27/11/2024 12:30,76.62
27/11/2024 12:45,65.14
27/11/2024 13:00,96.28
27/11/2024 13:15,90.1
27/11/2024 13:30,77.7
27/11/2024 13:45,66.02
27/11/2024 14:00,70.68
27/11/2024 14:15,75.14
27/11/2024 14:30,89.51
27/11/2024 14:45,84.13
27/11/2024 15:00,74.25
27/11/2024 15:15,82.16
27/11/2024 15:30,90.41
27/11/2024 15:45,82.47
27/11/2024 16:00,98.38
27/11/2024 16:15,93.62
27/11/2024 16:30,79.17
27/11/2024 16:45,57.97
27/11/2024 17:00,81.79
27/11/2024 17:15,66.66
27/11/2024 17:30,61.86
27/11/2024 17:45,57.06
27/11/2024 18:00,95.2
27/11/2024 18:15,72.7
27/11/2024 18:30,58.07
27/11/2024 18:45,38.5
27/11/2024 19:00,65.43
27/11/2024 19:15,45.96
27/11/2024 19:30,66.35
27/11/2024 19:45,62.28
27/11/2024 20:00,72.73
27/11/2024 20:15,68.03
27/11/2024 20:30,71.38
27/11/2024 20:45,64.78
27/11/2024 21:00,94.13
27/11/2024 21:15,83.1
27/11/2024 21:30,86.72
27/11/2024 21:45,58.36
27/11/2024 22:00,76.63
27/11/2024 22:15,70.2
27/11/2024 22:30,80
27/11/2024 22:45,84.88
27/11/2024 23:00,92.54
27/11/2024 23:15,83.99
27/11/2024 23:30,82.32
27/11/2024 23:45,51.35
28/11/2024 00:00,72.46
28/11/2024 00:15,44.18
28/11/2024 00:30,15.87
28/11/2024 00:45,4.26
28/11/2024 01:00,70.15
28/11/2024 01:15,39.98
28/11/2024 01:30,21.47
28/11/2024 01:45,3.43
28/11/2024 02:00,9.99
28/11/2024 02:15,3.39
28/11/2024 02:30,4.43
28/11/2024 02:45,1.98
28/11/2024 03:00,3.17
28/11/2024 03:15,0.68
28/11/2024 03:30,2.94
28/11/2024 03:45,17.55
28/11/2024 04:00,0.9
28/11/2024 04:15,3.73
28/11/2024 04:30,20.4
28/11/2024 04:45,55.84
28/11/2024 05:00,44.87
28/11/2024 05:15,58.29
28/11/2024 05:30,82.41
28/11/2024 05:45,108.84
28/11/2024 06:00,45.68
28/11/2024 06:15,87.26
28/11/2024 06:30,105.91
28/11/2024 06:45,142.87
28/11/2024 07:00,96.79
28/11/2024 07:15,100.4
28/11/2024 07:30,110.62
28/11/2024 07:45,130.46
28/11/2024 08:00,149.05
28/11/2024 08:15,142.02
28/11/2024 08:30,138.34
28/11/2024 08:45,138.85
28/11/2024 09:00,117.7
28/11/2024 09:15,104.15
28/11/2024 09:30,85.46
28/11/2024 09:45,72.71
28/11/2024 10:00,103.51
28/11/2024 10:15,72.24
28/11/2024 10:30,71.16
28/11/2024 10:45,60.34
28/11/2024 11:00,96.25
28/11/2024 11:15,81.91
28/11/2024 11:30,79.83
28/11/2024 11:45,69.93
28/11/2024 12:00,68.08
28/11/2024 12:15,63.05
28/11/2024 12:30,72.57
28/11/2024 12:45,92.65
28/11/2024 13:00,70.84
28/11/2024 13:15,93.37
28/11/2024 13:30,111.75
28/11/2024 13:45,125.65
28/11/2024 14:00,72.18
28/11/2024 14:15,86.38
28/11/2024 14:30,102.52
28/11/2024 14:45,133.86
28/11/2024 15:00,92.52
28/11/2024 15:15,108.27
28/11/2024 15:30,112.79
28/11/2024 15:45,116.2
28/11/2024 16:00,83.54
28/11/2024 16:15,94.62
28/11/2024 16:30,101.22
28/11/2024 16:45,115.17
28/11/2024 17:00,103.92
28/11/2024 17:15,124.5
28/11/2024 17:30,142.62
28/11/2024 17:45,152.82
28/11/2024 18:00,145.21
28/11/2024 18:15,143.03
28/11/2024 18:30,151.96
28/11/2024 18:45,151.54
28/11/2024 19:00,127.75
28/11/2024 19:15,113.81
28/11/2024 19:30,116.79
28/11/2024 19:45,118.85
28/11/2024 20:00,128.45
28/11/2024 20:15,116.02
28/11/2024 20:30,111.14
28/11/2024 20:45,97.08
28/11/2024 21:00,130.22
28/11/2024 21:15,108.4
28/11/2024 21:30,107.54
28/11/2024 21:45,101.06
28/11/2024 22:00,116.5
28/11/2024 22:15,100.74
28/11/2024 22:30,111.53
28/11/2024 22:45,129.96
28/11/2024 23:00,135.06
28/11/2024 23:15,105.02
28/11/2024 23:30,109.51
28/11/2024 23:45,104.18
29/11/2024 00:00,146.34
29/11/2024 00:15,155.64
29/11/2024 00:30,116.36
29/11/2024 00:45,112.92
29/11/2024 01:00,125.06
29/11/2024 01:15,121.46
29/11/2024 01:30,121.73
29/11/2024 01:45,116.71
29/11/2024 02:00,119.39
29/11/2024 02:15,120.51
29/11/2024 02:30,122.36
29/11/2024 02:45,130.19
29/11/2024 03:00,116.07
29/11/2024 03:15,119.73
29/11/2024 03:30,122.48
29/11/2024 03:45,120.35
29/11/2024 04:00,106.82
29/11/2024 04:15,104.51
29/11/2024 04:30,101.28
29/11/2024 04:45,107.21
29/11/2024 05:00,101.45
29/11/2024 05:15,99.26
29/11/2024 05:30,107.63
29/11/2024 05:45,124.01
29/11/2024 06:00,87.85
29/11/2024 06:15,100.41
29/11/2024 06:30,136.34
29/11/2024 06:45,135.63
29/11/2024 07:00,132.27
29/11/2024 07:15,140.78
29/11/2024 07:30,148.18
29/11/2024 07:45,154.81
29/11/2024 08:00,164.6
29/11/2024 08:15,194.29
29/11/2024 08:30,185.76
29/11/2024 08:45,145.47
29/11/2024 09:00,171
29/11/2024 09:15,139.98
29/11/2024 09:30,125.49
29/11/2024 09:45,130.62
29/11/2024 10:00,136.49
29/11/2024 10:15,116.03
29/11/2024 10:30,105.93
29/11/2024 10:45,94.89
29/11/2024 11:00,119.41
29/11/2024 11:15,105.85
29/11/2024 11:30,98.42
29/11/2024 11:45,86.82
29/11/2024 12:00,106.33
29/11/2024 12:15,100.47
29/11/2024 12:30,115.67
29/11/2024 12:45,113.83
29/11/2024 13:00,96.4
29/11/2024 13:15,95.28
29/11/2024 13:30,108.78
29/11/2024 13:45,113.16
29/11/2024 14:00,89.29
29/11/2024 14:15,106.2
29/11/2024 14:30,120.14
29/11/2024 14:45,138.54
29/11/2024 15:00,117.37
29/11/2024 15:15,117.99
29/11/2024 15:30,128.03
29/11/2024 15:45,131.19
29/11/2024 16:00,112.99
29/11/2024 16:15,132.02
29/11/2024 16:30,135.67
29/11/2024 16:45,139.72
29/11/2024 17:00,151.77
29/11/2024 17:15,147.18
29/11/2024 17:30,137.74
29/11/2024 17:45,118.67
29/11/2024 18:00,136.91
29/11/2024 18:15,121.67
29/11/2024 18:30,115.12
29/11/2024 18:45,107.25
29/11/2024 19:00,120.87
29/11/2024 19:15,111.86
29/11/2024 19:30,116.1
29/11/2024 19:45,100.5
29/11/2024 20:00,117.55
29/11/2024 20:15,104.47
29/11/2024 20:30,102.42
29/11/2024 20:45,91.33
29/11/2024 21:00,121.63
29/11/2024 21:15,108.3
29/11/2024 21:30,97.71
29/11/2024 21:45,75.42
29/11/2024 22:00,105.61
29/11/2024 22:15,77.1
29/11/2024 22:30,71.51
29/11/2024 22:45,67.67
29/11/2024 23:00,91.79
29/11/2024 23:15,84.73
29/11/2024 23:30,90.01
29/11/2024 23:45,79.93
30/11/2024 00:00,119.79
30/11/2024 00:15,109.42
30/11/2024 00:30,90.82
30/11/2024 00:45,75.69
30/11/2024 01:00,103.45
30/11/2024 01:15,92.94
30/11/2024 01:30,84.75
30/11/2024 01:45,70.94
30/11/2024 02:00,90.64
30/11/2024 02:15,90.74
30/11/2024 02:30,88.22
30/11/2024 02:45,84.96
30/11/2024 03:00,85.01
30/11/2024 03:15,76.27
30/11/2024 03:30,66.94
30/11/2024 03:45,67.7
30/11/2024 04:00,78.52
30/11/2024 04:15,78.79
30/11/2024 04:30,83.55
30/11/2024 04:45,85.37
30/11/2024 05:00,80.13
30/11/2024 05:15,85.05
30/11/2024 05:30,85.32
30/11/2024 05:45,79.65
30/11/2024 06:00,70.9
30/11/2024 06:15,76
30/11/2024 06:30,78.19
30/11/2024 06:45,93.15
30/11/2024 07:00,77.17
30/11/2024 07:15,75.98
30/11/2024 07:30,74.31
30/11/2024 07:45,71.8
30/11/2024 08:00,87.16
30/11/2024 08:15,99.74
30/11/2024 08:30,101.28
30/11/2024 08:45,70.01
30/11/2024 09:00,102.7
30/11/2024 09:15,73.33
30/11/2024 09:30,61.08
30/11/2024 09:45,57.82
30/11/2024 10:00,90.93
30/11/2024 10:15,68.82
30/11/2024 10:30,69.55
30/11/2024 10:45,53.28
30/11/2024 11:00,61.95
30/11/2024 11:15,62.64
30/11/2024 11:30,56.32
30/11/2024 11:45,65.66
30/11/2024 12:00,53.55
30/11/2024 12:15,60.2
30/11/2024 12:30,76.27
30/11/2024 12:45,93.76
30/11/2024 13:00,-3.95
30/11/2024 13:15,54.28
30/11/2024 13:30,68.65
30/11/2024 13:45,87.31
30/11/2024 14:00,81.37
30/11/2024 14:15,101.13
30/11/2024 14:30,130.58
30/11/2024 14:45,140.85
30/11/2024 15:00,88.58
30/11/2024 15:15,123.08
30/11/2024 15:30,131.73
30/11/2024 15:45,136.21
30/11/2024 16:00,124.7
30/11/2024 16:15,131.39
30/11/2024 16:30,129.02
30/11/2024 16:45,116.66
30/11/2024 17:00,115.99
30/11/2024 17:15,114.07
30/11/2024 17:30,112.72
30/11/2024 17:45,108.23
30/11/2024 18:00,114.73
30/11/2024 18:15,100.01
30/11/2024 18:30,105.12
30/11/2024 18:45,97.09
30/11/2024 19:00,104.67
30/11/2024 19:15,89.11
30/11/2024 19:30,90.04
30/11/2024 19:45,85.12
30/11/2024 20:00,99.28
30/11/2024 20:15,97.02
30/11/2024 20:30,99.5
30/11/2024 20:45,102.72
30/11/2024 21:00,108.38
30/11/2024 21:15,105.32
30/11/2024 21:30,97.8
30/11/2024 21:45,105.33
30/11/2024 22:00,122.22
30/11/2024 22:15,107.78
30/11/2024 22:30,117.5
30/11/2024 22:45,113.75
30/11/2024 23:00,115.38
30/11/2024 23:15,92.47
30/11/2024 23:30,97.27
30/11/2024 23:45,101.75
01/12/2024 00:00,114.86
01/12/2024 00:15,99.25
01/12/2024 00:30,99.7
01/12/2024 00:45,76.62
01/12/2024 01:00,95.1
01/12/2024 01:15,70.24
01/12/2024 01:30,82.14
01/12/2024 01:45,78.89
01/12/2024 02:00,92.23
01/12/2024 02:15,94.44
01/12/2024 02:30,94.7
01/12/2024 02:45,83.93
01/12/2024 03:00,97.07
01/12/2024 03:15,90.92
01/12/2024 03:30,81.1
01/12/2024 03:45,77.35
01/12/2024 04:00,82.17
01/12/2024 04:15,75.99
01/12/2024 04:30,71.41
01/12/2024 04:45,72
01/12/2024 05:00,79.47
01/12/2024 05:15,76.83
01/12/2024 05:30,76.67
01/12/2024 05:45,78.91
01/12/2024 06:00,75.72
01/12/2024 06:15,94.05
01/12/2024 06:30,106.96
01/12/2024 06:45,103.2
01/12/2024 07:00,96.25
01/12/2024 07:15,101.25
01/12/2024 07:30,119.64
01/12/2024 07:45,118.8
01/12/2024 08:00,113.24
01/12/2024 08:15,124.33
01/12/2024 08:30,129.82
01/12/2024 08:45,95.42
01/12/2024 09:00,133.15
01/12/2024 09:15,119.34
01/12/2024 09:30,104.97
01/12/2024 09:45,86.46
01/12/2024 10:00,131.44
01/12/2024 10:15,109.54
01/12/2024 10:30,88.4
01/12/2024 10:45,84.53
01/12/2024 11:00,103.08
01/12/2024 11:15,116.46
01/12/2024 11:30,127.31
01/12/2024 11:45,127.72
01/12/2024 12:00,142.11
01/12/2024 12:15,133.47
01/12/2024 12:30,136.85
01/12/2024 12:45,128.28
01/12/2024 13:00,98.89
01/12/2024 13:15,106.27
01/12/2024 13:30,91.91
01/12/2024 13:45,99.12
01/12/2024 14:00,96.39
01/12/2024 14:15,117.04
01/12/2024 14:30,134.91
01/12/2024 14:45,146.53
01/12/2024 15:00,141.05
01/12/2024 15:15,143.89
01/12/2024 15:30,148.81
01/12/2024 15:45,156.16
01/12/2024 16:00,144.08
01/12/2024 16:15,134.89
01/12/2024 16:30,114.83
01/12/2024 16:45,102.09
01/12/2024 17:00,105.55
01/12/2024 17:15,91.69
01/12/2024 17:30,99.39
01/12/2024 17:45,137.98
01/12/2024 18:00,141.17
01/12/2024 18:15,118.33
01/12/2024 18:30,95.13
01/12/2024 18:45,87.1
01/12/2024 19:00,119.36
01/12/2024 19:15,120.22
01/12/2024 19:30,99.87
01/12/2024 19:45,84.87
01/12/2024 20:00,111.35
01/12/2024 20:15,92.11
01/12/2024 20:30,87.94
01/12/2024 20:45,85.08
01/12/2024 21:00,101.73
01/12/2024 21:15,94.4
01/12/2024 21:30,99.49
01/12/2024 21:45,87.02
01/12/2024 22:00,105.88
01/12/2024 22:15,101.7
01/12/2024 22:30,85.64
01/12/2024 22:45,68.63
01/12/2024 23:00,96.85
01/12/2024 23:15,90.7
01/12/2024 23:30,77.62
01/12/2024 23:45,74.48
02/12/2024 00:00,96.32
02/12/2024 00:15,92.12
02/12/2024 00:30,83.78
02/12/2024 00:45,77.92
02/12/2024 01:00,85.66
02/12/2024 01:15,74.91
02/12/2024 01:30,81.06
02/12/2024 01:45,78.9
02/12/2024 02:00,83.26
02/12/2024 02:15,85.96
02/12/2024 02:30,77.46
02/12/2024 02:45,86.98
02/12/2024 03:00,69.86
02/12/2024 03:15,74.48
02/12/2024 03:30,71.8
02/12/2024 03:45,78.49
02/12/2024 04:00,56.64
02/12/2024 04:15,69.31
02/12/2024 04:30,83.54
02/12/2024 04:45,107.51
02/12/2024 05:00,65.98
02/12/2024 05:15,81.73
02/12/2024 05:30,96.92
02/12/2024 05:45,115.79
02/12/2024 06:00,95.68
02/12/2024 06:15,136.88
02/12/2024 06:30,147.82
02/12/2024 06:45,148.82
02/12/2024 07:00,125.91
02/12/2024 07:15,144.64
02/12/2024 07:30,154.25
02/12/2024 07:45,156.46
02/12/2024 08:00,153.49
02/12/2024 08:15,163.04
02/12/2024 08:30,162.06
02/12/2024 08:45,151.85
02/12/2024 09:00,154.12
02/12/2024 09:15,154.99
02/12/2024 09:30,155.29
02/12/2024 09:45,159.18
02/12/2024 10:00,190.56
02/12/2024 10:15,156.51
02/12/2024 10:30,148.63
02/12/2024 10:45,149.47
02/12/2024 11:00,146.57
02/12/2024 11:15,141.06
02/12/2024 11:30,144.32
02/12/2024 11:45,137.05
02/12/2024 12:00,133.53
02/12/2024 12:15,124.68
02/12/2024 12:30,122.39
02/12/2024 12:45,127.26
02/12/2024 13:00,127.91
02/12/2024 13:15,138.85
02/12/2024 13:30,134.66
02/12/2024 13:45,145.45
02/12/2024 14:00,127.67
02/12/2024 14:15,144.17
02/12/2024 14:30,152.89
02/12/2024 14:45,163.73
02/12/2024 15:00,133.15
02/12/2024 15:15,134.91
02/12/2024 15:30,159.25
02/12/2024 15:45,171.92
02/12/2024 16:00,153.52
02/12/2024 16:15,174.43
02/12/2024 16:30,176.72
02/12/2024 16:45,169.92
02/12/2024 17:00,166.99
02/12/2024 17:15,152.71
02/12/2024 17:30,153.53
02/12/2024 17:45,164.85
02/12/2024 18:00,178.71
02/12/2024 18:15,170.63
02/12/2024 18:30,163.75
02/12/2024 18:45,160.01
02/12/2024 19:00,181.71
02/12/2024 19:15,160.24
02/12/2024 19:30,145.68
02/12/2024 19:45,144.93
02/12/2024 20:00,154.48
02/12/2024 20:15,145.51
02/12/2024 20:30,160.52
02/12/2024 20:45,150.24
02/12/2024 21:00,168.46
02/12/2024 21:15,140.14
02/12/2024 21:30,136.92
02/12/2024 21:45,115.68
02/12/2024 22:00,165.61
02/12/2024 22:15,131.71
02/12/2024 22:30,168.93
02/12/2024 22:45,136.89
02/12/2024 23:00,136.01
02/12/2024 23:15,119.39
02/12/2024 23:30,115.14
02/12/2024 23:45,105.2
03/12/2024 00:00,145.99
03/12/2024 00:15,121.03
03/12/2024 00:30,111.16
03/12/2024 00:45,105.82
03/12/2024 01:00,135.34
03/12/2024 01:15,111.08
03/12/2024 01:30,113.87
03/12/2024 01:45,93.21
03/12/2024 02:00,93.41
03/12/2024 02:15,80.81
03/12/2024 02:30,64.31
03/12/2024 02:45,60.95
03/12/2024 03:00,78.22
03/12/2024 03:15,79.39
03/12/2024 03:30,73.57
03/12/2024 03:45,82.83
03/12/2024 04:00,70.67
03/12/2024 04:15,84.93
03/12/2024 04:30,96.59
03/12/2024 04:45,114.03
03/12/2024 05:00,80.11
03/12/2024 05:15,90.83
03/12/2024 05:30,117.4
03/12/2024 05:45,148.46
03/12/2024 06:00,95.55
03/12/2024 06:15,109.4
03/12/2024 06:30,124.58
03/12/2024 06:45,136.87
03/12/2024 07:00,141.44
03/12/2024 07:15,149.21
03/12/2024 07:30,152.29
03/12/2024 07:45,174.7
03/12/2024 08:00,154.79
03/12/2024 08:15,160.1
03/12/2024 08:30,162.05
03/12/2024 08:45,158.86
03/12/2024 09:00,197.29
03/12/2024 09:15,168.6
03/12/2024 09:30,157.64
03/12/2024 09:45,144.16
03/12/2024 10:00,145.43
03/12/2024 10:15,134.68
03/12/2024 10:30,119.46
03/12/2024 10:45,109.48
03/12/2024 11:00,119.35
03/12/2024 11:15,122.58
03/12/2024 11:30,133.34
03/12/2024 11:45,126.44
03/12/2024 12:00,121.98
03/12/2024 12:15,116.5
03/12/2024 12:30,116.56
03/12/2024 12:45,130.43
03/12/2024 13:00,138.49
03/12/2024 13:15,134.61
03/12/2024 13:30,128.18
03/12/2024 13:45,142.45
03/12/2024 14:00,146.35
03/12/2024 14:15,137.98
03/12/2024 14:30,153.43
03/12/2024 14:45,166.68
03/12/2024 15:00,159.53
03/12/2024 15:15,151.96
03/12/2024 15:30,170.85
03/12/2024 15:45,162.23
03/12/2024 16:00,136.68
03/12/2024 16:15,151.41
03/12/2024 16:30,182.47
03/12/2024 16:45,172.73
03/12/2024 17:00,151.89
03/12/2024 17:15,156.75
03/12/2024 17:30,177.84
03/12/2024 17:45,180.51
03/12/2024 18:00,179.05
03/12/2024 18:15,155.25
03/12/2024 18:30,183.4
03/12/2024 18:45,164.48
03/12/2024 19:00,211.99
03/12/2024 19:15,182.7
03/12/2024 19:30,175.5
03/12/2024 19:45,157.3
03/12/2024 20:00,187
03/12/2024 20:15,177.32
03/12/2024 20:30,137.1
03/12/2024 20:45,123.83
03/12/2024 21:00,153.57
03/12/2024 21:15,156.09
03/12/2024 21:30,155.61
03/12/2024 21:45,134.3
03/12/2024 22:00,143.28
03/12/2024 22:15,124.71
03/12/2024 22:30,141.68
03/12/2024 22:45,122.61
03/12/2024 23:00,123.58
03/12/2024 23:15,104.6
03/12/2024 23:30,109.22
03/12/2024 23:45,99.08
04/12/2024 00:00,138.49
04/12/2024 00:15,118.22
04/12/2024 00:30,110.25
04/12/2024 00:45,107.82
04/12/2024 01:00,113.93
04/12/2024 01:15,115.98
04/12/2024 01:30,114.02
04/12/2024 01:45,109.13
04/12/2024 02:00,112.64
04/12/2024 02:15,115.34
04/12/2024 02:30,114.38
04/12/2024 02:45,112.41
04/12/2024 03:00,126.85
04/12/2024 03:15,118.41
04/12/2024 03:30,114.78
04/12/2024 03:45,121.28
04/12/2024 04:00,109.9
04/12/2024 04:15,120.41
04/12/2024 04:30,137.52
04/12/2024 04:45,139.19
04/12/2024 05:00,101.98
04/12/2024 05:15,105.82
04/12/2024 05:30,117.77
04/12/2024 05:45,138.83
04/12/2024 06:00,67.01
04/12/2024 06:15,106.83
04/12/2024 06:30,140.98
04/12/2024 06:45,185.28
04/12/2024 07:00,148.87
04/12/2024 07:15,164.72
04/12/2024 07:30,184.95
04/12/2024 07:45,194.81
04/12/2024 08:00,178.94
04/12/2024 08:15,200.96
04/12/2024 08:30,233.55
04/12/2024 08:45,184.38
04/12/2024 09:00,296.95
04/12/2024 09:15,256.81
04/12/2024 09:30,182.47
04/12/2024 09:45,171.57
04/12/2024 10:00,186.53
04/12/2024 10:15,160.79
04/12/2024 10:30,165.43
04/12/2024 10:45,166.39
04/12/2024 11:00,186.23
04/12/2024 11:15,175.32
04/12/2024 11:30,153.6
04/12/2024 11:45,148.29
04/12/2024 12:00,141.12
04/12/2024 12:15,133.67
04/12/2024 12:30,153.03
04/12/2024 12:45,157.68
04/12/2024 13:00,150.91
04/12/2024 13:15,150.72
04/12/2024 13:30,152.8
04/12/2024 13:45,169.6
04/12/2024 14:00,140.2
04/12/2024 14:15,139.03
04/12/2024 14:30,169
04/12/2024 14:45,231.81
04/12/2024 15:00,158.24
04/12/2024 15:15,169.52
04/12/2024 15:30,194.54
04/12/2024 15:45,236.99
04/12/2024 16:00,170.72
04/12/2024 16:15,223.5
04/12/2024 16:30,227.57
04/12/2024 16:45,371.98
04/12/2024 17:00,348.09
04/12/2024 17:15,255.06
04/12/2024 17:30,238.72
04/12/2024 17:45,278.19
04/12/2024 18:00,275.7
04/12/2024 18:15,182.13
04/12/2024 18:30,201.43
04/12/2024 18:45,182.27
04/12/2024 19:00,214.07
04/12/2024 19:15,166.74
04/12/2024 19:30,148.82
04/12/2024 19:45,145.14
04/12/2024 20:00,162.63
04/12/2024 20:15,148.92
04/12/2024 20:30,128.12
04/12/2024 20:45,129.3
04/12/2024 21:00,193.66
04/12/2024 21:15,157.17
04/12/2024 21:30,155.17
04/12/2024 21:45,110.68
04/12/2024 22:00,162.66
04/12/2024 22:15,115.96
04/12/2024 22:30,105.11
04/12/2024 22:45,104.69
04/12/2024 23:00,123.65
04/12/2024 23:15,116.78
04/12/2024 23:30,107.81
04/12/2024 23:45,91.27
05/12/2024 00:00,122.32
05/12/2024 00:15,107.52
05/12/2024 00:30,95.53
05/12/2024 00:45,91.06
05/12/2024 01:00,143.5
05/12/2024 01:15,104.55
05/12/2024 01:30,97.84
05/12/2024 01:45,89.76
05/12/2024 02:00,125.81
05/12/2024 02:15,113.98
05/12/2024 02:30,98.47
05/12/2024 02:45,93.1
05/12/2024 03:00,121.36
05/12/2024 03:15,112.48
05/12/2024 03:30,101.66
05/12/2024 03:45,94.89
05/12/2024 04:00,106.11
05/12/2024 04:15,107.14
05/12/2024 04:30,106.34
05/12/2024 04:45,108.54
05/12/2024 05:00,100.99
05/12/2024 05:15,104.4
05/12/2024 05:30,107.33
05/12/2024 05:45,119.7
05/12/2024 06:00,106.25
05/12/2024 06:15,265.1
05/12/2024 06:30,169.43
05/12/2024 06:45,173.13
05/12/2024 07:00,163.76
05/12/2024 07:15,165.38
05/12/2024 07:30,179.36
05/12/2024 07:45,180.83
05/12/2024 08:00,180.76
05/12/2024 08:15,170.85
05/12/2024 08:30,162.24
05/12/2024 08:45,164.75
05/12/2024 09:00,222.35
05/12/2024 09:15,165.52
05/12/2024 09:30,138.07
05/12/2024 09:45,113.79
05/12/2024 10:00,127.32
05/12/2024 10:15,101.89
05/12/2024 10:30,87.5
05/12/2024 10:45,65.26
05/12/2024 11:00,105.07
05/12/2024 11:15,85.39
05/12/2024 11:30,70.61
05/12/2024 11:45,65.53
05/12/2024 12:00,75.2
05/12/2024 12:15,71.97
05/12/2024 12:30,75.15
05/12/2024 12:45,94.93
05/12/2024 13:00,93.67
05/12/2024 13:15,92.17
05/12/2024 13:30,109.17
05/12/2024 13:45,107.29
05/12/2024 14:00,82.76
05/12/2024 14:15,84.7
05/12/2024 14:30,95.71
05/12/2024 14:45,114.67
05/12/2024 15:00,114.96
05/12/2024 15:15,127.69
05/12/2024 15:30,137.47
05/12/2024 15:45,126.95
05/12/2024 16:00,124.64
05/12/2024 16:15,123.6
05/12/2024 16:30,117.62
05/12/2024 16:45,122.71
05/12/2024 17:00,110.49
05/12/2024 17:15,125.39
05/12/2024 17:30,113.85
05/12/2024 17:45,89.27
05/12/2024 18:00,102.29
05/12/2024 18:15,73.35
05/12/2024 18:30,67.11
05/12/2024 18:45,66.91
05/12/2024 19:00,107.06
05/12/2024 19:15,97.97
05/12/2024 19:30,96.16
05/12/2024 19:45,103.37
05/12/2024 20:00,139.35
05/12/2024 20:15,107.92
05/12/2024 20:30,89.85
05/12/2024 20:45,84.97
05/12/2024 21:00,120.59
05/12/2024 21:15,106.82
05/12/2024 21:30,97.67
05/12/2024 21:45,73.3
05/12/2024 22:00,97.36
05/12/2024 22:15,86.58
05/12/2024 22:30,73.91
05/12/2024 22:45,58.75
05/12/2024 23:00,88.9
05/12/2024 23:15,69.41
05/12/2024 23:30,45.04
05/12/2024 23:45,14.3
06/12/2024 00:00,66.86
06/12/2024 00:15,32.64
06/12/2024 00:30,1.62
06/12/2024 00:45,2.4
06/12/2024 01:00,43.97
06/12/2024 01:15,5.92
06/12/2024 01:30,5.46
06/12/2024 01:45,4.49
06/12/2024 02:00,47.03
06/12/2024 02:15,17.62
06/12/2024 02:30,9.35
06/12/2024 02:45,9.02
06/12/2024 03:00,3.51
06/12/2024 03:15,2.36
06/12/2024 03:30,4.05
06/12/2024 03:45,14.51
06/12/2024 04:00,-0.53
06/12/2024 04:15,2.49
06/12/2024 04:30,27.81
06/12/2024 04:45,87.81
06/12/2024 05:00,25.03
06/12/2024 05:15,54.25
06/12/2024 05:30,88.92
06/12/2024 05:45,95.42
06/12/2024 06:00,62.05
06/12/2024 06:15,97.8
06/12/2024 06:30,127.66
06/12/2024 06:45,110.9
06/12/2024 07:00,79.21
06/12/2024 07:15,84.04
06/12/2024 07:30,131.88
06/12/2024 07:45,143.86
06/12/2024 08:00,113.72
06/12/2024 08:15,143.04
06/12/2024 08:30,154.05
06/12/2024 08:45,146.05
06/12/2024 09:00,156.14
06/12/2024 09:15,148.76
06/12/2024 09:30,146.88
06/12/2024 09:45,145.13
06/12/2024 10:00,146.79
06/12/2024 10:15,142.71
06/12/2024 10:30,143.12
06/12/2024 10:45,140.99
06/12/2024 11:00,133.01
06/12/2024 11:15,130.38
06/12/2024 11:30,127.77
06/12/2024 11:45,134.36
06/12/2024 12:00,117.96
06/12/2024 12:15,94.75
06/12/2024 12:30,96.35
06/12/2024 12:45,90.78
06/12/2024 13:00,97.82
06/12/2024 13:15,90.29
06/12/2024 13:30,89.4
06/12/2024 13:45,95.3
06/12/2024 14:00,90.83
06/12/2024 14:15,94.12
06/12/2024 14:30,113.68
06/12/2024 14:45,103.57
06/12/2024 15:00,90.35
06/12/2024 15:15,97.19
06/12/2024 15:30,96.62
06/12/2024 15:45,94.11
06/12/2024 16:00,87.25
06/12/2024 16:15,93.8
06/12/2024 16:30,109.25
06/12/2024 16:45,140.39
06/12/2024 17:00,104.39
06/12/2024 17:15,140.57
06/12/2024 17:30,150.88
06/12/2024 17:45,192.26
06/12/2024 18:00,129.65
06/12/2024 18:15,125.98
06/12/2024 18:30,156.73
06/12/2024 18:45,162.42
06/12/2024 19:00,143.76
06/12/2024 19:15,132.18
06/12/2024 19:30,127.59
06/12/2024 19:45,103.25
06/12/2024 20:00,117.38
06/12/2024 20:15,102.82
06/12/2024 20:30,111.23
06/12/2024 20:45,91.01
06/12/2024 21:00,115.35
06/12/2024 21:15,105.72
06/12/2024 21:30,93.36
06/12/2024 21:45,76.78
06/12/2024 22:00,106.22
06/12/2024 22:15,96.18
06/12/2024 22:30,104.92
06/12/2024 22:45,118.79
06/12/2024 23:00,120.54
06/12/2024 23:15,105.68
06/12/2024 23:30,95.49
06/12/2024 23:45,81.93
07/12/2024 00:00,98.07
07/12/2024 00:15,94.31
07/12/2024 00:30,68.15
07/12/2024 00:45,72.69
07/12/2024 01:00,117.6
07/12/2024 01:15,104.51
07/12/2024 01:30,105.41
07/12/2024 01:45,68.33
07/12/2024 02:00,81.2
07/12/2024 02:15,48.88
07/12/2024 02:30,46.82
07/12/2024 02:45,45.93
07/12/2024 03:00,76.19
07/12/2024 03:15,59.02
07/12/2024 03:30,51.77
07/12/2024 03:45,44.04
07/12/2024 04:00,60.67
07/12/2024 04:15,38.38
07/12/2024 04:30,41.22
07/12/2024 04:45,43.59
07/12/2024 05:00,57.43
07/12/2024 05:15,36.08
07/12/2024 05:30,46.44
07/12/2024 05:45,56.22
07/12/2024 06:00,44.76
07/12/2024 06:15,58.43
07/12/2024 06:30,64.38
07/12/2024 06:45,66.82
07/12/2024 07:00,49.76
07/12/2024 07:15,55.59
07/12/2024 07:30,68.3
07/12/2024 07:45,57.81
07/12/2024 08:00,54.79
07/12/2024 08:15,64.98
07/12/2024 08:30,68.19
07/12/2024 08:45,55.55
07/12/2024 09:00,60.81
07/12/2024 09:15,58.13
07/12/2024 09:30,54.54
07/12/2024 09:45,55.07
07/12/2024 10:00,62.57
07/12/2024 10:15,67.68
07/12/2024 10:30,77.84
07/12/2024 10:45,80.3
07/12/2024 11:00,74.66
07/12/2024 11:15,82.12
07/12/2024 11:30,80.19
07/12/2024 11:45,88.91
07/12/2024 12:00,83.11
07/12/2024 12:15,75.26
07/12/2024 12:30,80.62
07/12/2024 12:45,95.04
07/12/2024 13:00,85.12
07/12/2024 13:15,90.35
07/12/2024 13:30,90.84
07/12/2024 13:45,85.45
07/12/2024 14:00,86.29
07/12/2024 14:15,91.41
07/12/2024 14:30,91.28
07/12/2024 14:45,90.86
07/12/2024 15:00,97.77
07/12/2024 15:15,93.25
07/12/2024 15:30,94.22
07/12/2024 15:45,89.98
07/12/2024 16:00,87.37
07/12/2024 16:15,93.81
07/12/2024 16:30,89.01
07/12/2024 16:45,86.89
07/12/2024 17:00,67.15
07/12/2024 17:15,69.99
07/12/2024 17:30,75.8
07/12/2024 17:45,84.81
07/12/2024 18:00,83.93
07/12/2024 18:15,82.37
07/12/2024 18:30,84.69
07/12/2024 18:45,74.88
07/12/2024 19:00,69.55
07/12/2024 19:15,92.16
07/12/2024 19:30,109.04
07/12/2024 19:45,114.47
07/12/2024 20:00,119.98
07/12/2024 20:15,121.9
07/12/2024 20:30,124.77
07/12/2024 20:45,100.09
07/12/2024 21:00,98.18
07/12/2024 21:15,95.52
07/12/2024 21:30,116.32
07/12/2024 21:45,116.31
07/12/2024 22:00,130.17
07/12/2024 22:15,131.02
07/12/2024 22:30,115.13
07/12/2024 22:45,99.13
07/12/2024 23:00,125.58
07/12/2024 23:15,108.68
07/12/2024 23:30,99.12
07/12/2024 23:45,88.21
08/12/2024 00:00,89.61
08/12/2024 00:15,77.9
08/12/2024 00:30,78.69
08/12/2024 00:45,73.59
08/12/2024 01:00,91.12
08/12/2024 01:15,77.96
08/12/2024 01:30,77.92
08/12/2024 01:45,65.6
08/12/2024 02:00,78.82
08/12/2024 02:15,75.21
08/12/2024 02:30,77.6
08/12/2024 02:45,71.9
08/12/2024 03:00,70.09
08/12/2024 03:15,67.06
08/12/2024 03:30,70.97
08/12/2024 03:45,79.46
08/12/2024 04:00,62.93
08/12/2024 04:15,61.92
08/12/2024 04:30,71.83
08/12/2024 04:45,73.71
08/12/2024 05:00,76
08/12/2024 05:15,66.12
08/12/2024 05:30,68.78
08/12/2024 05:45,67.24
08/12/2024 06:00,48.06
08/12/2024 06:15,59.46
08/12/2024 06:30,61.75
08/12/2024 06:45,69.98
08/12/2024 07:00,65.39
08/12/2024 07:15,77.6
08/12/2024 07:30,73.67
08/12/2024 07:45,81.59
08/12/2024 08:00,70.83
08/12/2024 08:15,81.34
08/12/2024 08:30,112.32
08/12/2024 08:45,114.74
08/12/2024 09:00,112.82
08/12/2024 09:15,111.64
08/12/2024 09:30,111.28
08/12/2024 09:45,112.17
08/12/2024 10:00,121.48
08/12/2024 10:15,114.77
08/12/2024 10:30,109.22
08/12/2024 10:45,113.18
08/12/2024 11:00,105.9
08/12/2024 11:15,104.41
08/12/2024 11:30,112.12
08/12/2024 11:45,108.03
08/12/2024 12:00,118.52
08/12/2024 12:15,114.55
08/12/2024 12:30,109.3
08/12/2024 12:45,108.76
08/12/2024 13:00,114.16
08/12/2024 13:15,114.86
08/12/2024 13:30,119.34
08/12/2024 13:45,114.6
08/12/2024 14:00,103.21
08/12/2024 14:15,108.17
08/12/2024 14:30,96.03
08/12/2024 14:45,100.32
08/12/2024 15:00,102.88
08/12/2024 15:15,103.48
08/12/2024 15:30,101.37
08/12/2024 15:45,104.1
08/12/2024 16:00,108.55
08/12/2024 16:15,109.62
08/12/2024 16:30,116.48
08/12/2024 16:45,117.51
08/12/2024 17:00,110.77
08/12/2024 17:15,109.8
08/12/2024 17:30,113.01
08/12/2024 17:45,115.52
08/12/2024 18:00,110.68
08/12/2024 18:15,107.21
08/12/2024 18:30,106.33
08/12/2024 18:45,92.84
08/12/2024 19:00,115.5
08/12/2024 19:15,109.73
08/12/2024 19:30,97.39
08/12/2024 19:45,79.61
08/12/2024 20:00,107.91
08/12/2024 20:15,95.03
08/12/2024 20:30,75.66
08/12/2024 20:45,71.07
08/12/2024 21:00,108.91
08/12/2024 21:15,96.69
08/12/2024 21:30,74.74
08/12/2024 21:45,64.21
08/12/2024 22:00,110.93
08/12/2024 22:15,76.12
08/12/2024 22:30,65.34
08/12/2024 22:45,61.75
08/12/2024 23:00,79.67
08/12/2024 23:15,75.02
08/12/2024 23:30,74.22
08/12/2024 23:45,73.39
09/12/2024 00:00,85.5
09/12/2024 00:15,83.79
09/12/2024 00:30,73.58
09/12/2024 00:45,55.22
09/12/2024 01:00,83.32
09/12/2024 01:15,72.7
09/12/2024 01:30,70.68
09/12/2024 01:45,53.77
09/12/2024 02:00,75.07
09/12/2024 02:15,71.33
09/12/2024 02:30,53.37
09/12/2024 02:45,46.09
09/12/2024 03:00,59.59
09/12/2024 03:15,55.68
09/12/2024 03:30,53.4
09/12/2024 03:45,56.26
09/12/2024 04:00,48.97
09/12/2024 04:15,53.07
09/12/2024 04:30,71.04
09/12/2024 04:45,70.14
09/12/2024 05:00,68.05
09/12/2024 05:15,58.88
09/12/2024 05:30,66.79
09/12/2024 05:45,71.16
09/12/2024 06:00,50.78
09/12/2024 06:15,78.46
09/12/2024 06:30,86.22
09/12/2024 06:45,108.45
09/12/2024 07:00,73.93
09/12/2024 07:15,73.63
09/12/2024 07:30,87.35
09/12/2024 07:45,104.67
09/12/2024 08:00,106.57
09/12/2024 08:15,123.24
09/12/2024 08:30,130.86
09/12/2024 08:45,130.72
09/12/2024 09:00,128.18
09/12/2024 09:15,124.14
09/12/2024 09:30,130.89
09/12/2024 09:45,133.74
09/12/2024 10:00,137.71
09/12/2024 10:15,134.1
09/12/2024 10:30,138.17
09/12/2024 10:45,150.6
09/12/2024 11:00,142.12
09/12/2024 11:15,139.88
09/12/2024 11:30,135.95
09/12/2024 11:45,124.1
09/12/2024 12:00,133.16
09/12/2024 12:15,121.8
09/12/2024 12:30,135.56
09/12/2024 12:45,139.33
09/12/2024 13:00,143.45
09/12/2024 13:15,137.62
09/12/2024 13:30,126.36
09/12/2024 13:45,109.08
09/12/2024 14:00,109.18
09/12/2024 14:15,103.73
09/12/2024 14:30,104.81
09/12/2024 14:45,102.67
09/12/2024 15:00,122.12
09/12/2024 15:15,130.43
09/12/2024 15:30,131.1
09/12/2024 15:45,114.86
09/12/2024 16:00,101.42
09/12/2024 16:15,137.76
09/12/2024 16:30,133.53
09/12/2024 16:45,137.02
09/12/2024 17:00,121.86
09/12/2024 17:15,114.54
09/12/2024 17:30,135.97
09/12/2024 17:45,137.51
09/12/2024 18:00,139.47
09/12/2024 18:15,119.98
09/12/2024 18:30,127.52
09/12/2024 18:45,122.87
09/12/2024 19:00,137.69
09/12/2024 19:15,121.76
09/12/2024 19:30,108.35
09/12/2024 19:45,96.05
09/12/2024 20:00,133.39
09/12/2024 20:15,126.11
09/12/2024 20:30,105.14
09/12/2024 20:45,86.86
09/12/2024 21:00,114.25
09/12/2024 21:15,90.17
09/12/2024 21:30,75.5
09/12/2024 21:45,56.09
09/12/2024 22:00,105.41
09/12/2024 22:15,87.53
09/12/2024 22:30,87.2
09/12/2024 22:45,75.54
09/12/2024 23:00,93.76
09/12/2024 23:15,78.26
09/12/2024 23:30,82.63
09/12/2024 23:45,63.23
10/12/2024 00:00,97.59
10/12/2024 00:15,86.47
10/12/2024 00:30,83.72
10/12/2024 00:45,74
10/12/2024 01:00,80.9
10/12/2024 01:15,59.81
10/12/2024 01:30,51.76
10/12/2024 01:45,31.49
10/12/2024 02:00,74.88
10/12/2024 02:15,68.02
10/12/2024 02:30,64.32
10/12/2024 02:45,67.11
10/12/2024 03:00,64.54
10/12/2024 03:15,69.26
10/12/2024 03:30,67.17
10/12/2024 03:45,69.84
10/12/2024 04:00,68.04
10/12/2024 04:15,73.47
10/12/2024 04:30,82.18
10/12/2024 04:45,70.99
10/12/2024 05:00,45.05
10/12/2024 05:15,55.28
10/12/2024 05:30,83.69
10/12/2024 05:45,86.83
10/12/2024 06:00,21.4
10/12/2024 06:15,86.61
10/12/2024 06:30,109.77
10/12/2024 06:45,135.53
10/12/2024 07:00,68.1
10/12/2024 07:15,80.27
10/12/2024 07:30,122.34
10/12/2024 07:45,153.26
10/12/2024 08:00,145.96
10/12/2024 08:15,139.59
10/12/2024 08:30,156.38
10/12/2024 08:45,140.07
10/12/2024 09:00,141.82
10/12/2024 09:15,145.11
10/12/2024 09:30,162.58
10/12/2024 09:45,166.44
10/12/2024 10:00,167.96
10/12/2024 10:15,163.93
10/12/2024 10:30,160.89
10/12/2024 10:45,166.36
10/12/2024 11:00,143.68
10/12/2024 11:15,165.89
10/12/2024 11:30,195.54
10/12/2024 11:45,200.51
10/12/2024 12:00,193.3
10/12/2024 12:15,181.23
10/12/2024 12:30,202.08
10/12/2024 12:45,215.84
10/12/2024 13:00,208.46
10/12/2024 13:15,193.6
10/12/2024 13:30,216.37
10/12/2024 13:45,209.91
10/12/2024 14:00,191.62
10/12/2024 14:15,188.8
10/12/2024 14:30,204.63
10/12/2024 14:45,200.52
10/12/2024 15:00,169.66
10/12/2024 15:15,171.37
10/12/2024 15:30,172.49
10/12/2024 15:45,174.8
10/12/2024 16:00,158.93
10/12/2024 16:15,161.23
10/12/2024 16:30,158.4
10/12/2024 16:45,162.36
10/12/2024 17:00,168.39
10/12/2024 17:15,200.53
10/12/2024 17:30,203.97
10/12/2024 17:45,211.54
10/12/2024 18:00,179.02
10/12/2024 18:15,177
10/12/2024 18:30,188.32
10/12/2024 18:45,170.29
10/12/2024 19:00,204.77
10/12/2024 19:15,187.18
10/12/2024 19:30,167.1
10/12/2024 19:45,161.62
10/12/2024 20:00,177.72
10/12/2024 20:15,163.66
10/12/2024 20:30,164.79
10/12/2024 20:45,136.79
10/12/2024 21:00,176.64
10/12/2024 21:15,160.66
10/12/2024 21:30,138.93
10/12/2024 21:45,129.86
10/12/2024 22:00,157.05
10/12/2024 22:15,217.2
10/12/2024 22:30,187.83
10/12/2024 22:45,216.58
10/12/2024 23:00,156.49
10/12/2024 23:15,136.36
10/12/2024 23:30,149.21
10/12/2024 23:45,130.39
11/12/2024 00:00,153.09
11/12/2024 00:15,143.81
11/12/2024 00:30,108.92
11/12/2024 00:45,111.08
11/12/2024 01:00,136.9
11/12/2024 01:15,113.62
11/12/2024 01:30,110.95
11/12/2024 01:45,109.45
11/12/2024 02:00,141.26
11/12/2024 02:15,119.85
11/12/2024 02:30,110.55
11/12/2024 02:45,107.26
11/12/2024 03:00,115.7
11/12/2024 03:15,109.69
11/12/2024 03:30,113.5
11/12/2024 03:45,113.6
11/12/2024 04:00,108.01
11/12/2024 04:15,107.57
11/12/2024 04:30,136.12
11/12/2024 04:45,135.05
11/12/2024 05:00,112.18
11/12/2024 05:15,110.37
11/12/2024 05:30,136.78
11/12/2024 05:45,155.52
11/12/2024 06:00,112.03
11/12/2024 06:15,128.47
11/12/2024 06:30,195.2
11/12/2024 06:45,553.41
11/12/2024 07:00,164.22
11/12/2024 07:15,163.15
11/12/2024 07:30,461.74
11/12/2024 07:45,569.34
11/12/2024 08:00,460.65
11/12/2024 08:15,462.57
11/12/2024 08:30,509.94
11/12/2024 08:45,517.83
11/12/2024 09:00,540.39
11/12/2024 09:15,521.65
11/12/2024 09:30,554.76
11/12/2024 09:45,626.12
11/12/2024 10:00,681.55
11/12/2024 10:15,633.46
11/12/2024 10:30,634.35
11/12/2024 10:45,667.3
11/12/2024 11:00,749.92
11/12/2024 11:15,742.76
11/12/2024 11:30,728.93
11/12/2024 11:45,767.52
11/12/2024 12:00,838.45
11/12/2024 12:15,859.07
11/12/2024 12:30,987.51
11/12/2024 12:45,1196.8
11/12/2024 13:00,1423.9
11/12/2024 13:15,1343.14
11/12/2024 13:30,1212.64
11/12/2024 13:45,1403.14
11/12/2024 14:00,1519.46
11/12/2024 14:15,1541.76
11/12/2024 14:30,1345.19
11/12/2024 14:45,1386.22
11/12/2024 15:00,1492.64
11/12/2024 15:15,1567.72
11/12/2024 15:30,1610.59
11/12/2024 15:45,1501.59
11/12/2024 16:00,1294.8
11/12/2024 16:15,1173.82
11/12/2024 16:30,1361.08
11/12/2024 16:45,1568.64
11/12/2024 17:00,1521.18
11/12/2024 17:15,1678.46
11/12/2024 17:30,2232.42
11/12/2024 17:45,2732.38
11/12/2024 18:00,3008.22
11/12/2024 18:15,2794.73
11/12/2024 18:30,3117.02
11/12/2024 18:45,3293.06
11/12/2024 19:00,3858.63
11/12/2024 19:15,2761.33
11/12/2024 19:30,1316.28
11/12/2024 19:45,757.92
11/12/2024 20:00,1268.57
11/12/2024 20:15,556.19
11/12/2024 20:30,252.26
11/12/2024 20:45,218.85
11/12/2024 21:00,290.57
11/12/2024 21:15,173.89
11/12/2024 21:30,177.09
11/12/2024 21:45,140.77
11/12/2024 22:00,193.33
11/12/2024 22:15,147.5
11/12/2024 22:30,143.66
11/12/2024 22:45,139.74
11/12/2024 23:00,193.88
11/12/2024 23:15,168.16
11/12/2024 23:30,133.97
11/12/2024 23:45,100.42
12/12/2024 00:00,140.35
12/12/2024 00:15,138.59
12/12/2024 00:30,107.52
12/12/2024 00:45,96.72
12/12/2024 01:00,113.78
12/12/2024 01:15,103.7
12/12/2024 01:30,104.45
12/12/2024 01:45,94.71
12/12/2024 02:00,111.37
12/12/2024 02:15,103.03
12/12/2024 02:30,103.56
12/12/2024 02:45,104.65
12/12/2024 03:00,122.32
12/12/2024 03:15,119.06
12/12/2024 03:30,107.06
12/12/2024 03:45,122.8
12/12/2024 04:00,103.21
12/12/2024 04:15,107.6
12/12/2024 04:30,109.11
12/12/2024 04:45,111.57
12/12/2024 05:00,90.93
12/12/2024 05:15,101.48
12/12/2024 05:30,115.58
12/12/2024 05:45,125.79
12/12/2024 06:00,86.96
12/12/2024 06:15,111.73
12/12/2024 06:30,140.09
12/12/2024 06:45,208.42
12/12/2024 07:00,177.58
12/12/2024 07:15,443.41
12/12/2024 07:30,803.21
12/12/2024 07:45,930.35
12/12/2024 08:00,708.03
12/12/2024 08:15,889.22
12/12/2024 08:30,973.44
12/12/2024 08:45,1076.02
12/12/2024 09:00,941.85
12/12/2024 09:15,900.47
12/12/2024 09:30,800.09
12/12/2024 09:45,636.99
12/12/2024 10:00,696.36
12/12/2024 10:15,573.8
12/12/2024 10:30,530.85
12/12/2024 10:45,487.48
12/12/2024 11:00,502.78
12/12/2024 11:15,481.3
12/12/2024 11:30,354.64
12/12/2024 11:45,294.67
12/12/2024 12:00,252.08
12/12/2024 12:15,219.06
12/12/2024 12:30,195.06
12/12/2024 12:45,189.78
12/12/2024 13:00,282.06
12/12/2024 13:15,264.87
12/12/2024 13:30,268.75
12/12/2024 13:45,277.6
12/12/2024 14:00,254.91
12/12/2024 14:15,248.93
12/12/2024 14:30,239.21
12/12/2024 14:45,248.23
12/12/2024 15:00,183.5
12/12/2024 15:15,180.82
12/12/2024 15:30,226.81
12/12/2024 15:45,249.41
12/12/2024 16:00,184.37
12/12/2024 16:15,201.96
12/12/2024 16:30,365.22
12/12/2024 16:45,437.99
12/12/2024 17:00,314
12/12/2024 17:15,365.16
12/12/2024 17:30,327.73
12/12/2024 17:45,210.92
12/12/2024 18:00,251.32
12/12/2024 18:15,183.11
12/12/2024 18:30,184.07
12/12/2024 18:45,187.67
12/12/2024 19:00,241.43
12/12/2024 19:15,181.93
12/12/2024 19:30,169.85
12/12/2024 19:45,155.67
12/12/2024 20:00,210.85
12/12/2024 20:15,161.22
12/12/2024 20:30,150.36
12/12/2024 20:45,137.89
12/12/2024 21:00,171.06
12/12/2024 21:15,160.16
12/12/2024 21:30,180.06
12/12/2024 21:45,168.14
12/12/2024 22:00,161.79
12/12/2024 22:15,135.46
12/12/2024 22:30,146.55
12/12/2024 22:45,126.42
12/12/2024 23:00,135.38
12/12/2024 23:15,120.09
12/12/2024 23:30,114.83
12/12/2024 23:45,111.65
13/12/2024 00:00,135.77
13/12/2024 00:15,117.62
13/12/2024 00:30,124.96
13/12/2024 00:45,106.03
13/12/2024 01:00,143.52
13/12/2024 01:15,125.72
13/12/2024 01:30,103.92
13/12/2024 01:45,85.69
13/12/2024 02:00,123.01
13/12/2024 02:15,103.98
13/12/2024 02:30,103.14
13/12/2024 02:45,105.57
13/12/2024 03:00,111.37
13/12/2024 03:15,106.23
13/12/2024 03:30,106.61
13/12/2024 03:45,97.28
13/12/2024 04:00,84.3
13/12/2024 04:15,87.75
13/12/2024 04:30,93.42
13/12/2024 04:45,115.53
13/12/2024 05:00,95.6
13/12/2024 05:15,127.29
13/12/2024 05:30,115.94
13/12/2024 05:45,133.12
13/12/2024 06:00,122.36
13/12/2024 06:15,144.89
13/12/2024 06:30,152.55
13/12/2024 06:45,146.4
13/12/2024 07:00,104.66
13/12/2024 07:15,145.17
13/12/2024 07:30,193.09
13/12/2024 07:45,199.17
13/12/2024 08:00,172.44
13/12/2024 08:15,161.49
13/12/2024 08:30,158.05
13/12/2024 08:45,164.27
13/12/2024 09:00,178.03
13/12/2024 09:15,175.43
13/12/2024 09:30,169.64
13/12/2024 09:45,173.25
13/12/2024 10:00,196.17
13/12/2024 10:15,193.1
13/12/2024 10:30,164.62
13/12/2024 10:45,178.76
13/12/2024 11:00,191.8
13/12/2024 11:15,191.06
13/12/2024 11:30,177.46
13/12/2024 11:45,173.13
13/12/2024 12:00,179.39
13/12/2024 12:15,194.23
13/12/2024 12:30,170.64
13/12/2024 12:45,152.94
13/12/2024 13:00,177.95
13/12/2024 13:15,190.33
13/12/2024 13:30,173.02
13/12/2024 13:45,203.22
13/12/2024 14:00,178.38
13/12/2024 14:15,171.23
13/12/2024 14:30,187.57
13/12/2024 14:45,195.97
13/12/2024 15:00,185.78
13/12/2024 15:15,195.31
13/12/2024 15:30,187.03
13/12/2024 15:45,200.03
13/12/2024 16:00,169.49
13/12/2024 16:15,163.94
13/12/2024 16:30,170.11
13/12/2024 16:45,178.74
13/12/2024 17:00,170.62
13/12/2024 17:15,167.17
13/12/2024 17:30,177.3
13/12/2024 17:45,165.64
13/12/2024 18:00,181.69
13/12/2024 18:15,158
13/12/2024 18:30,151.83
13/12/2024 18:45,137.78
13/12/2024 19:00,158.5
13/12/2024 19:15,144.42
13/12/2024 19:30,136.58
13/12/2024 19:45,130.5
13/12/2024 20:00,146.8
13/12/2024 20:15,124.34
13/12/2024 20:30,117.66
13/12/2024 20:45,111.86
13/12/2024 21:00,128.74
13/12/2024 21:15,112.39
13/12/2024 21:30,110.77
13/12/2024 21:45,94.74
13/12/2024 22:00,133.7
13/12/2024 22:15,115.64
13/12/2024 22:30,104.04
13/12/2024 22:45,104.47
13/12/2024 23:00,132.42
13/12/2024 23:15,107.65
13/12/2024 23:30,95.73
13/12/2024 23:45,82.73
14/12/2024 00:00,133.07
14/12/2024 00:15,125.08
14/12/2024 00:30,106.31
14/12/2024 00:45,97.22
14/12/2024 01:00,99.67
14/12/2024 01:15,105.17
14/12/2024 01:30,97.39
14/12/2024 01:45,84.55
14/12/2024 02:00,118.05
14/12/2024 02:15,99.47
14/12/2024 02:30,95.52
14/12/2024 02:45,89.99
14/12/2024 03:00,90.7
14/12/2024 03:15,85.47
14/12/2024 03:30,87.47
14/12/2024 03:45,87.36
14/12/2024 04:00,98.72
14/12/2024 04:15,91.13
14/12/2024 04:30,89.24
14/12/2024 04:45,84.47
14/12/2024 05:00,90.37
14/12/2024 05:15,84.94
14/12/2024 05:30,90.83
14/12/2024 05:45,102.03
14/12/2024 06:00,85.22
14/12/2024 06:15,91.74
14/12/2024 06:30,97.19
14/12/2024 06:45,121.86
14/12/2024 07:00,105.24
14/12/2024 07:15,129.67
14/12/2024 07:30,128.92
14/12/2024 07:45,141.48
14/12/2024 08:00,114.08
14/12/2024 08:15,129.28
14/12/2024 08:30,124.23
14/12/2024 08:45,126.87
14/12/2024 09:00,131.99
14/12/2024 09:15,128.67
14/12/2024 09:30,131.33
14/12/2024 09:45,134.91
14/12/2024 10:00,141.89
14/12/2024 10:15,140.25
14/12/2024 10:30,139
14/12/2024 10:45,139.45
14/12/2024 11:00,172.89
14/12/2024 11:15,149.57
14/12/2024 11:30,147.69
14/12/2024 11:45,151.72
14/12/2024 12:00,149.71
14/12/2024 12:15,115.52
14/12/2024 12:30,116.23
14/12/2024 12:45,103.79
14/12/2024 13:00,109.59
14/12/2024 13:15,102.07
14/12/2024 13:30,102.79
14/12/2024 13:45,100.72
14/12/2024 14:00,98.97
14/12/2024 14:15,105.25
14/12/2024 14:30,102.25
14/12/2024 14:45,103.22
14/12/2024 15:00,103.34
14/12/2024 15:15,100.97
14/12/2024 15:30,96.69
14/12/2024 15:45,101.06
14/12/2024 16:00,113.02
14/12/2024 16:15,122.44
14/12/2024 16:30,119.56
14/12/2024 16:45,118.08
14/12/2024 17:00,116.58
14/12/2024 17:15,131.17
14/12/2024 17:30,139.19
14/12/2024 17:45,132.06
14/12/2024 18:00,128.65
14/12/2024 18:15,129.83
14/12/2024 18:30,102.2
14/12/2024 18:45,90.37
14/12/2024 19:00,131.32
14/12/2024 19:15,102.8
14/12/2024 19:30,102.09
14/12/2024 19:45,87.34
14/12/2024 20:00,133.56
14/12/2024 20:15,122.31
14/12/2024 20:30,113.73
14/12/2024 20:45,102.88
14/12/2024 21:00,123.62
14/12/2024 21:15,109.46
14/12/2024 21:30,91.77
14/12/2024 21:45,94.63
14/12/2024 22:00,127.78
14/12/2024 22:15,106.64
14/12/2024 22:30,115.82
14/12/2024 22:45,96.48
14/12/2024 23:00,128.29
14/12/2024 23:15,95.56
14/12/2024 23:30,74.71
14/12/2024 23:45,74.08
15/12/2024 00:00,84.84
15/12/2024 00:15,80.12
15/12/2024 00:30,65.88
15/12/2024 00:45,55.55
15/12/2024 01:00,77.62
15/12/2024 01:15,62.95
15/12/2024 01:30,51.43
15/12/2024 01:45,42.47
15/12/2024 02:00,54.37
15/12/2024 02:15,35.32
15/12/2024 02:30,36.95
15/12/2024 02:45,26.78
15/12/2024 03:00,42.34
15/12/2024 03:15,37.08
15/12/2024 03:30,26.66
15/12/2024 03:45,30.77
15/12/2024 04:00,25.07
15/12/2024 04:15,25.93
15/12/2024 04:30,18.17
15/12/2024 04:45,22.69
15/12/2024 05:00,34.71
15/12/2024 05:15,45.47
15/12/2024 05:30,38.29
15/12/2024 05:45,15.37
15/12/2024 06:00,5.32
15/12/2024 06:15,7.66
15/12/2024 06:30,45.04
15/12/2024 06:45,43.04
15/12/2024 07:00,19.46
15/12/2024 07:15,23.23
15/12/2024 07:30,35.35
15/12/2024 07:45,36.02
15/12/2024 08:00,23.12
15/12/2024 08:15,46.06
15/12/2024 08:30,53.03
15/12/2024 08:45,55.38
15/12/2024 09:00,55.49
15/12/2024 09:15,56.08
15/12/2024 09:30,46.06
15/12/2024 09:45,26.67
15/12/2024 10:00,46.76
15/12/2024 10:15,38.36
15/12/2024 10:30,21.23
15/12/2024 10:45,24.19
15/12/2024 11:00,36.55
15/12/2024 11:15,31.43
15/12/2024 11:30,25.29
15/12/2024 11:45,17.49
15/12/2024 12:00,36.4
15/12/2024 12:15,20.26
15/12/2024 12:30,17.96
15/12/2024 12:45,13.2
15/12/2024 13:00,31.54
15/12/2024 13:15,17.47
15/12/2024 13:30,12.47
15/12/2024 13:45,9.84
15/12/2024 14:00,28.71
15/12/2024 14:15,38.69
15/12/2024 14:30,32.83
15/12/2024 14:45,40.77
15/12/2024 15:00,39.56
15/12/2024 15:15,32.32
15/12/2024 15:30,27.41
15/12/2024 15:45,19.36
15/12/2024 16:00,21.74
15/12/2024 16:15,26.3
15/12/2024 16:30,34.72
15/12/2024 16:45,30.48
15/12/2024 17:00,16.58
15/12/2024 17:15,19.62
15/12/2024 17:30,32.11
15/12/2024 17:45,36.67
15/12/2024 18:00,31.18
15/12/2024 18:15,31.95
15/12/2024 18:30,24.77
15/12/2024 18:45,36.99
15/12/2024 19:00,42.13
15/12/2024 19:15,43.96
15/12/2024 19:30,32.9
15/12/2024 19:45,18.56
15/12/2024 20:00,56.23
15/12/2024 20:15,35.07
15/12/2024 20:30,22.84
15/12/2024 20:45,10.08
15/12/2024 21:00,34.96
15/12/2024 21:15,28.48
15/12/2024 21:30,14.32
15/12/2024 21:45,4.91
15/12/2024 22:00,35.3
15/12/2024 22:15,32.23
15/12/2024 22:30,23.06
15/12/2024 22:45,11.43
15/12/2024 23:00,34.72
15/12/2024 23:15,26.22
15/12/2024 23:30,8.05
15/12/2024 23:45,5.64
16/12/2024 00:00,17.28
16/12/2024 00:15,1.74
16/12/2024 00:30,-1.98
16/12/2024 00:45,-3.26
16/12/2024 01:00,13.14
16/12/2024 01:15,-3.23
16/12/2024 01:30,-3.91
16/12/2024 01:45,-3.58
16/12/2024 02:00,0.92
16/12/2024 02:15,-1.51
16/12/2024 02:30,-0.62
16/12/2024 02:45,-0.46
16/12/2024 03:00,-4.75
16/12/2024 03:15,-4.67
16/12/2024 03:30,-3.44
16/12/2024 03:45,-1.82
16/12/2024 04:00,-9.15
16/12/2024 04:15,-1.39
16/12/2024 04:30,1.62
16/12/2024 04:45,14.79
16/12/2024 05:00,-8.58
16/12/2024 05:15,-3.62
16/12/2024 05:30,-2.69
16/12/2024 05:45,58.58
16/12/2024 06:00,19.55
16/12/2024 06:15,62.96
16/12/2024 06:30,82.62
16/12/2024 06:45,88.71
16/12/2024 07:00,48.6
16/12/2024 07:15,54.96
16/12/2024 07:30,80.14
16/12/2024 07:45,80.7
16/12/2024 08:00,64.09
16/12/2024 08:15,83.74
16/12/2024 08:30,94.26
16/12/2024 08:45,102
16/12/2024 09:00,101.68
16/12/2024 09:15,105
16/12/2024 09:30,102.6
16/12/2024 09:45,86.44
16/12/2024 10:00,77.63
16/12/2024 10:15,61.83
16/12/2024 10:30,47.59
16/12/2024 10:45,51.17
16/12/2024 11:00,42.6
16/12/2024 11:15,49.52
16/12/2024 11:30,57.23
16/12/2024 11:45,41.34
16/12/2024 12:00,36.79
16/12/2024 12:15,31.64
16/12/2024 12:30,31.98
16/12/2024 12:45,40.69
16/12/2024 13:00,42.79
16/12/2024 13:15,34.24
16/12/2024 13:30,38.73
16/12/2024 13:45,32.73
16/12/2024 14:00,28.1
16/12/2024 14:15,42.2
16/12/2024 14:30,61.81
16/12/2024 14:45,57.46
16/12/2024 15:00,42.81
16/12/2024 15:15,55.93
16/12/2024 15:30,68.14
16/12/2024 15:45,74.98
16/12/2024 16:00,60.32
16/12/2024 16:15,68.99
16/12/2024 16:30,65.78
16/12/2024 16:45,64.8
16/12/2024 17:00,61.47
16/12/2024 17:15,73.75
16/12/2024 17:30,79.43
16/12/2024 17:45,75.65
16/12/2024 18:00,67.57
16/12/2024 18:15,70.12
16/12/2024 18:30,71.94
16/12/2024 18:45,67.87
16/12/2024 19:00,70.35
16/12/2024 19:15,75.15
16/12/2024 19:30,73.75
16/12/2024 19:45,66.52
16/12/2024 20:00,68.82
16/12/2024 20:15,67.19
16/12/2024 20:30,58.05
16/12/2024 20:45,60.72
16/12/2024 21:00,85.41
16/12/2024 21:15,79.51
16/12/2024 21:30,68.87
16/12/2024 21:45,61.66
16/12/2024 22:00,97.75
16/12/2024 22:15,75.01
16/12/2024 22:30,63.75
16/12/2024 22:45,61.43
16/12/2024 23:00,86.26
16/12/2024 23:15,75.42
16/12/2024 23:30,69.77
16/12/2024 23:45,65.69
17/12/2024 00:00,80.26
17/12/2024 00:15,76.42
17/12/2024 00:30,83.03
17/12/2024 00:45,84.73
17/12/2024 01:00,82.79
17/12/2024 01:15,88.69
17/12/2024 01:30,93.87
17/12/2024 01:45,87.6
17/12/2024 02:00,76.56
17/12/2024 02:15,69.75
17/12/2024 02:30,73.86
17/12/2024 02:45,81.17
17/12/2024 03:00,68.36
17/12/2024 03:15,70.24
17/12/2024 03:30,66.79
17/12/2024 03:45,79.01
17/12/2024 04:00,81.82
17/12/2024 04:15,88.21
17/12/2024 04:30,82.1
17/12/2024 04:45,95.74
17/12/2024 05:00,79.38
17/12/2024 05:15,78.66
17/12/2024 05:30,86.22
17/12/2024 05:45,104.46
17/12/2024 06:00,78.45
17/12/2024 06:15,115.04
17/12/2024 06:30,125.28
17/12/2024 06:45,130.98
17/12/2024 07:00,88.15
17/12/2024 07:15,115.68
17/12/2024 07:30,120.17
17/12/2024 07:45,121.23
17/12/2024 08:00,108.83
17/12/2024 08:15,102.99
17/12/2024 08:30,113.03
17/12/2024 08:45,107.38
17/12/2024 09:00,114.17
17/12/2024 09:15,102.63
17/12/2024 09:30,104.32
17/12/2024 09:45,102.15
17/12/2024 10:00,104.65
17/12/2024 10:15,99.85
17/12/2024 10:30,90.79
17/12/2024 10:45,76.14
17/12/2024 11:00,89.24
17/12/2024 11:15,82.88
17/12/2024 11:30,93.52
17/12/2024 11:45,100.42
17/12/2024 12:00,100.08
17/12/2024 12:15,111.72
17/12/2024 12:30,130.66
17/12/2024 12:45,134.67
17/12/2024 13:00,93.65
17/12/2024 13:15,104.04
17/12/2024 13:30,131.04
17/12/2024 13:45,141.94
17/12/2024 14:00,103.8
17/12/2024 14:15,108.82
17/12/2024 14:30,109.87
17/12/2024 14:45,140.56
17/12/2024 15:00,96.82
17/12/2024 15:15,109.7
17/12/2024 15:30,129.62
17/12/2024 15:45,132.08
17/12/2024 16:00,117.78
17/12/2024 16:15,134.93
17/12/2024 16:30,128.45
17/12/2024 16:45,130.29
17/12/2024 17:00,117.85
17/12/2024 17:15,109.27
17/12/2024 17:30,106.3
17/12/2024 17:45,99.86
17/12/2024 18:00,97.57
17/12/2024 18:15,93.38
17/12/2024 18:30,94.04
17/12/2024 18:45,88.15
17/12/2024 19:00,97.78
17/12/2024 19:15,108.17
17/12/2024 19:30,111.24
17/12/2024 19:45,96.59
17/12/2024 20:00,135.52
17/12/2024 20:15,140.27
17/12/2024 20:30,122.06
17/12/2024 20:45,126.93
17/12/2024 21:00,133.04
17/12/2024 21:15,116.74
17/12/2024 21:30,86.08
17/12/2024 21:45,75.13
17/12/2024 22:00,115.14
17/12/2024 22:15,82.94
17/12/2024 22:30,71.64
17/12/2024 22:45,67.43
17/12/2024 23:00,94.65
17/12/2024 23:15,81.01
17/12/2024 23:30,68.85
17/12/2024 23:45,55.65
18/12/2024 00:00,81.87
18/12/2024 00:15,69.83
18/12/2024 00:30,58.74
18/12/2024 00:45,51.43
18/12/2024 01:00,78.06
18/12/2024 01:15,63.3
18/12/2024 01:30,51.97
18/12/2024 01:45,47.31
18/12/2024 02:00,58.98
18/12/2024 02:15,54.06
18/12/2024 02:30,47.91
18/12/2024 02:45,44.18
18/12/2024 03:00,62.81
18/12/2024 03:15,50.39
18/12/2024 03:30,34.1
18/12/2024 03:45,29.99
18/12/2024 04:00,38.7
18/12/2024 04:15,36.45
18/12/2024 04:30,32.09
18/12/2024 04:45,36.24
18/12/2024 05:00,26.22
18/12/2024 05:15,37.99
18/12/2024 05:30,55.43
18/12/2024 05:45,62.23
18/12/2024 06:00,33
18/12/2024 06:15,52.04
18/12/2024 06:30,66.4
18/12/2024 06:45,79.26
18/12/2024 07:00,65.6
18/12/2024 07:15,66.43
18/12/2024 07:30,57.74
18/12/2024 07:45,50.22
18/12/2024 08:00,64.25
18/12/2024 08:15,47.19
18/12/2024 08:30,37.74
18/12/2024 08:45,32.28
18/12/2024 09:00,55.5
18/12/2024 09:15,57.48
18/12/2024 09:30,52.55
18/12/2024 09:45,43.58
18/12/2024 10:00,64.77
18/12/2024 10:15,65.61
18/12/2024 10:30,43.93
18/12/2024 10:45,49.61
18/12/2024 11:00,62.98
18/12/2024 11:15,65.42
18/12/2024 11:30,64.95
18/12/2024 11:45,73.31
18/12/2024 12:00,86.51
18/12/2024 12:15,73.43
18/12/2024 12:30,48.49
18/12/2024 12:45,51.42
18/12/2024 13:00,60.91
18/12/2024 13:15,44.33
18/12/2024 13:30,30.82
18/12/2024 13:45,22.74
18/12/2024 14:00,45.52
18/12/2024 14:15,53.49
18/12/2024 14:30,70.48
18/12/2024 14:45,73.38
18/12/2024 15:00,64.64
18/12/2024 15:15,64.14
18/12/2024 15:30,54.72
18/12/2024 15:45,48.89
18/12/2024 16:00,44.38
18/12/2024 16:15,54.68
18/12/2024 16:30,56.52
18/12/2024 16:45,38.53
18/12/2024 17:00,37.07
18/12/2024 17:15,28.16
18/12/2024 17:30,28.39
18/12/2024 17:45,23.06
18/12/2024 18:00,43.77
18/12/2024 18:15,51.72
18/12/2024 18:30,63.81
18/12/2024 18:45,62.07
18/12/2024 19:00,64.69
18/12/2024 19:15,85.77
18/12/2024 19:30,96.25
18/12/2024 19:45,73.56
18/12/2024 20:00,68.83
18/12/2024 20:15,61.66
18/12/2024 20:30,51.46
18/12/2024 20:45,51.1
18/12/2024 21:00,34.3
18/12/2024 21:15,24.12
18/12/2024 21:30,33.11
18/12/2024 21:45,14.73
18/12/2024 22:00,62.31
18/12/2024 22:15,59.65
18/12/2024 22:30,54.33
18/12/2024 22:45,37.54
18/12/2024 23:00,41.18
18/12/2024 23:15,25.15
18/12/2024 23:30,1.01
18/12/2024 23:45,-1.88
19/12/2024 00:00,1.45
19/12/2024 00:15,1.23
19/12/2024 00:30,-0.39
19/12/2024 00:45,-0.98
19/12/2024 01:00,-1.86
19/12/2024 01:15,-4.2
19/12/2024 01:30,-6.77
19/12/2024 01:45,-8.88
19/12/2024 02:00,3.97
19/12/2024 02:15,1.06
19/12/2024 02:30,-0.91
19/12/2024 02:45,-5.48
19/12/2024 03:00,-2.21
19/12/2024 03:15,-2.26
19/12/2024 03:30,-3.09
19/12/2024 03:45,-4.84
19/12/2024 04:00,-4.38
19/12/2024 04:15,-4.97
19/12/2024 04:30,-8.69
19/12/2024 04:45,-11.68
19/12/2024 05:00,-13.02
19/12/2024 05:15,-12.44
19/12/2024 05:30,-9.58
19/12/2024 05:45,-4.56
19/12/2024 06:00,-13.09
19/12/2024 06:15,-4.12
19/12/2024 06:30,0.63
19/12/2024 06:45,0.67
19/12/2024 07:00,21.18
19/12/2024 07:15,25.51
19/12/2024 07:30,38.29
19/12/2024 07:45,56.26
19/12/2024 08:00,62.22
19/12/2024 08:15,67.39
19/12/2024 08:30,62.52
19/12/2024 08:45,57.3
19/12/2024 09:00,46.34
19/12/2024 09:15,47.84
19/12/2024 09:30,57.76
19/12/2024 09:45,61.93
19/12/2024 10:00,59.1
19/12/2024 10:15,59.17
19/12/2024 10:30,68.99
19/12/2024 10:45,77.37
19/12/2024 11:00,67.55
19/12/2024 11:15,72.43
19/12/2024 11:30,70.51
19/12/2024 11:45,67.08
19/12/2024 12:00,50.22
19/12/2024 12:15,47.82
19/12/2024 12:30,68.03
19/12/2024 12:45,67.84
19/12/2024 13:00,27.5
19/12/2024 13:15,28.73
19/12/2024 13:30,42.82
19/12/2024 13:45,43.98
19/12/2024 14:00,38.85
19/12/2024 14:15,47.45
19/12/2024 14:30,40.61
19/12/2024 14:45,25.85
19/12/2024 15:00,20.86
19/12/2024 15:15,25.63
19/12/2024 15:30,33.98
19/12/2024 15:45,43.46
19/12/2024 16:00,31.11
19/12/2024 16:15,28.99
19/12/2024 16:30,42.83
19/12/2024 16:45,58.4
19/12/2024 17:00,63.12
19/12/2024 17:15,78.42
19/12/2024 17:30,86.52
19/12/2024 17:45,84.5
19/12/2024 18:00,88.69
19/12/2024 18:15,68.1
19/12/2024 18:30,55.2
19/12/2024 18:45,43.19
19/12/2024 19:00,78.55
19/12/2024 19:15,43.76
19/12/2024 19:30,39.4
19/12/2024 19:45,43.47
19/12/2024 20:00,71.43
19/12/2024 20:15,49.4
19/12/2024 20:30,48.02
19/12/2024 20:45,37.58
19/12/2024 21:00,46.74
19/12/2024 21:15,33.74
19/12/2024 21:30,28.29
19/12/2024 21:45,8.14
19/12/2024 22:00,53.78
19/12/2024 22:15,36.45
19/12/2024 22:30,17.75
19/12/2024 22:45,3.3
19/12/2024 23:00,26.91
19/12/2024 23:15,23.78
19/12/2024 23:30,21.48
19/12/2024 23:45,14.79
20/12/2024 00:00,35.33
20/12/2024 00:15,36.93
20/12/2024 00:30,30.9
20/12/2024 00:45,41.95
20/12/2024 01:00,66.04
20/12/2024 01:15,66.86
20/12/2024 01:30,59.54
20/12/2024 01:45,50.06
20/12/2024 02:00,75.71
20/12/2024 02:15,79.08
20/12/2024 02:30,79.06
20/12/2024 02:45,75.54
20/12/2024 03:00,67.91
20/12/2024 03:15,68.21
20/12/2024 03:30,45.97
20/12/2024 03:45,56.67
20/12/2024 04:00,2.96
20/12/2024 04:15,14.23
20/12/2024 04:30,20.79
20/12/2024 04:45,60.3
20/12/2024 05:00,17.16
20/12/2024 05:15,53.83
20/12/2024 05:30,65.07
20/12/2024 05:45,65.47
20/12/2024 06:00,11.7
20/12/2024 06:15,53.18
20/12/2024 06:30,76.73
20/12/2024 06:45,80.07
20/12/2024 07:00,23.63
20/12/2024 07:15,47.12
20/12/2024 07:30,90.03
20/12/2024 07:45,86.76
20/12/2024 08:00,76.65
20/12/2024 08:15,81.47
20/12/2024 08:30,88.58
20/12/2024 08:45,77.4
20/12/2024 09:00,76.1
20/12/2024 09:15,74.05
20/12/2024 09:30,69.81
20/12/2024 09:45,76.09
20/12/2024 10:00,84.18
20/12/2024 10:15,85.59
20/12/2024 10:30,79.58
20/12/2024 10:45,68.44
20/12/2024 11:00,76.62
20/12/2024 11:15,63.13
20/12/2024 11:30,57.98
20/12/2024 11:45,62.26
20/12/2024 12:00,69.57
20/12/2024 12:15,65.75
20/12/2024 12:30,66.96
20/12/2024 12:45,62.22
20/12/2024 13:00,56.59
20/12/2024 13:15,63.74
20/12/2024 13:30,61.61
20/12/2024 13:45,53.32
20/12/2024 14:00,43.4
20/12/2024 14:15,60.11
20/12/2024 14:30,73.85
20/12/2024 14:45,72.59
20/12/2024 15:00,63.31
20/12/2024 15:15,64.97
20/12/2024 15:30,79.2
20/12/2024 15:45,79.26
20/12/2024 16:00,67.27
20/12/2024 16:15,62.06
20/12/2024 16:30,56.12
20/12/2024 16:45,48.49
20/12/2024 17:00,68.4
20/12/2024 17:15,57.56
20/12/2024 17:30,55.61
20/12/2024 17:45,57.96
20/12/2024 18:00,83.4
20/12/2024 18:15,67.13
20/12/2024 18:30,54.02
20/12/2024 18:45,42.11
20/12/2024 19:00,64.97
20/12/2024 19:15,57.94
20/12/2024 19:30,54.08
20/12/2024 19:45,43.9
20/12/2024 20:00,73.57
20/12/2024 20:15,67.33
20/12/2024 20:30,58.1
20/12/2024 20:45,38.18
20/12/2024 21:00,68.18
20/12/2024 21:15,63.82
20/12/2024 21:30,44.33
20/12/2024 21:45,38.9
20/12/2024 22:00,74.48
20/12/2024 22:15,61.05
20/12/2024 22:30,47.55
20/12/2024 22:45,31.07
20/12/2024 23:00,66.69
20/12/2024 23:15,51.05
20/12/2024 23:30,31.63
20/12/2024 23:45,16.01
21/12/2024 00:00,27.84
21/12/2024 00:15,31.06
21/12/2024 00:30,12.84
21/12/2024 00:45,3.21
21/12/2024 01:00,19.62
21/12/2024 01:15,7.21
21/12/2024 01:30,7.01
21/12/2024 01:45,0.84
21/12/2024 02:00,25.26
21/12/2024 02:15,16.42
21/12/2024 02:30,10.31
21/12/2024 02:45,8.61
21/12/2024 03:00,10.47
21/12/2024 03:15,6.51
21/12/2024 03:30,0.36
21/12/2024 03:45,-1.43
21/12/2024 04:00,-0.96
21/12/2024 04:15,-3.27
21/12/2024 04:30,-1.54
21/12/2024 04:45,-0.31
21/12/2024 05:00,1.17
21/12/2024 05:15,4.54
21/12/2024 05:30,19.82
21/12/2024 05:45,28.85
21/12/2024 06:00,-1.46
21/12/2024 06:15,3.92
21/12/2024 06:30,24.23
21/12/2024 06:45,23.24
21/12/2024 07:00,0.74
21/12/2024 07:15,5.73
21/12/2024 07:30,10.45
21/12/2024 07:45,19.76
21/12/2024 08:00,4.26
21/12/2024 08:15,13.44
21/12/2024 08:30,28.93
21/12/2024 08:45,25.69
21/12/2024 09:00,26.08
21/12/2024 09:15,21.44
21/12/2024 09:30,16.33
21/12/2024 09:45,9.76
21/12/2024 10:00,6.38
21/12/2024 10:15,-2.09
21/12/2024 10:30,-1.29
21/12/2024 10:45,1.32
21/12/2024 11:00,1.04
21/12/2024 11:15,2.49
21/12/2024 11:30,4.3
21/12/2024 11:45,1.78
21/12/2024 12:00,7.71
21/12/2024 12:15,5.91
21/12/2024 12:30,7.99
21/12/2024 12:45,4.52
21/12/2024 13:00,5.31
21/12/2024 13:15,3.27
21/12/2024 13:30,7.33
21/12/2024 13:45,12.82
21/12/2024 14:00,2.68
21/12/2024 14:15,11.97
21/12/2024 14:30,16.11
21/12/2024 14:45,14.93
21/12/2024 15:00,10.23
21/12/2024 15:15,20.72
21/12/2024 15:30,24.13
21/12/2024 15:45,20.23
21/12/2024 16:00,13.78
21/12/2024 16:15,17.53
21/12/2024 16:30,17.3
21/12/2024 16:45,14.46
21/12/2024 17:00,14.72
21/12/2024 17:15,15.86
21/12/2024 17:30,16.3
21/12/2024 17:45,11.31
21/12/2024 18:00,24.59
21/12/2024 18:15,10.42
21/12/2024 18:30,3.63
21/12/2024 18:45,-2.11
21/12/2024 19:00,7.23
21/12/2024 19:15,5.64
21/12/2024 19:30,-1.36
21/12/2024 19:45,-5.51
21/12/2024 20:00,5.74
21/12/2024 20:15,1.3
21/12/2024 20:30,2.62
21/12/2024 20:45,0.24
21/12/2024 21:00,3.54
21/12/2024 21:15,3.91
21/12/2024 21:30,3.04
21/12/2024 21:45,0.45
21/12/2024 22:00,16.19
21/12/2024 22:15,2.32
21/12/2024 22:30,3.98
21/12/2024 22:45,2.04
21/12/2024 23:00,10.28
21/12/2024 23:15,5.53
21/12/2024 23:30,-0.39
21/12/2024 23:45,-3.26
22/12/2024 00:00,1.72
22/12/2024 00:15,0.39
22/12/2024 00:30,-1.7
22/12/2024 00:45,-4
22/12/2024 01:00,12.71
22/12/2024 01:15,3.85
22/12/2024 01:30,0.21
22/12/2024 01:45,-0.62
22/12/2024 02:00,5.36
22/12/2024 02:15,4.65
22/12/2024 02:30,0.61
22/12/2024 02:45,0.36
22/12/2024 03:00,-0.48
22/12/2024 03:15,-1.5
22/12/2024 03:30,-2.53
22/12/2024 03:45,-0.72
22/12/2024 04:00,-2.5
22/12/2024 04:15,-2.44
22/12/2024 04:30,-1.07
22/12/2024 04:45,7.39
22/12/2024 05:00,0.62
22/12/2024 05:15,3.53
22/12/2024 05:30,5.55
22/12/2024 05:45,5.27
22/12/2024 06:00,0.85
22/12/2024 06:15,7.95
22/12/2024 06:30,17.84
22/12/2024 06:45,26.83
22/12/2024 07:00,-9.11
22/12/2024 07:15,0.57
22/12/2024 07:30,19.57
22/12/2024 07:45,51.25
22/12/2024 08:00,40.19
22/12/2024 08:15,47.57
22/12/2024 08:30,57.8
22/12/2024 08:45,84.73
22/12/2024 09:00,67.59
22/12/2024 09:15,77.72
22/12/2024 09:30,64.69
22/12/2024 09:45,72.11
22/12/2024 10:00,71.13
22/12/2024 10:15,68.82
22/12/2024 10:30,75.83
22/12/2024 10:45,83.63
22/12/2024 11:00,57.96
22/12/2024 11:15,63.81
22/12/2024 11:30,77.43
22/12/2024 11:45,69.45
22/12/2024 12:00,65.46
22/12/2024 12:15,53.35
22/12/2024 12:30,56.33
22/12/2024 12:45,46.35
22/12/2024 13:00,50.17
22/12/2024 13:15,62.32
22/12/2024 13:30,57.57
22/12/2024 13:45,63.12
22/12/2024 14:00,72.36
22/12/2024 14:15,78.29
22/12/2024 14:30,88.85
22/12/2024 14:45,91.74
22/12/2024 15:00,82.58
22/12/2024 15:15,75.89
22/12/2024 15:30,74.24
22/12/2024 15:45,75.07
22/12/2024 16:00,66.15
22/12/2024 16:15,81.59
22/12/2024 16:30,87.67
22/12/2024 16:45,91.18
22/12/2024 17:00,72.31
22/12/2024 17:15,86.83
22/12/2024 17:30,93.11
22/12/2024 17:45,93.32
22/12/2024 18:00,98.49
22/12/2024 18:15,96.09
22/12/2024 18:30,92.39
22/12/2024 18:45,82.69
22/12/2024 19:00,100.82
22/12/2024 19:15,69.92
22/12/2024 19:30,60.78
22/12/2024 19:45,64.6
22/12/2024 20:00,87.76
22/12/2024 20:15,84.99
22/12/2024 20:30,81.04
22/12/2024 20:45,72.41
22/12/2024 21:00,92.6
22/12/2024 21:15,91.23
22/12/2024 21:30,71.63
22/12/2024 21:45,52.09
22/12/2024 22:00,70.73
22/12/2024 22:15,80.61
22/12/2024 22:30,84.48
22/12/2024 22:45,81.07
22/12/2024 23:00,85.77
22/12/2024 23:15,88.93
22/12/2024 23:30,71.53
22/12/2024 23:45,73.01
23/12/2024 00:00,82.94
23/12/2024 00:15,75.48
23/12/2024 00:30,76.75
23/12/2024 00:45,66.99
23/12/2024 01:00,69.07
23/12/2024 01:15,68.44
23/12/2024 01:30,57.3
23/12/2024 01:45,46.57
23/12/2024 02:00,59.72
23/12/2024 02:15,70.52
23/12/2024 02:30,64.47
23/12/2024 02:45,73.77
23/12/2024 03:00,53.38
23/12/2024 03:15,42.03
23/12/2024 03:30,50.55
23/12/2024 03:45,56.26
23/12/2024 04:00,64.15
23/12/2024 04:15,79.68
23/12/2024 04:30,83.84
23/12/2024 04:45,82.8
23/12/2024 05:00,66.61
23/12/2024 05:15,75.86
23/12/2024 05:30,88.44
23/12/2024 05:45,97.93
23/12/2024 06:00,63.52
23/12/2024 06:15,85.92
23/12/2024 06:30,85.99
23/12/2024 06:45,81.29
23/12/2024 07:00,86.19
23/12/2024 07:15,80.31
23/12/2024 07:30,87.66
23/12/2024 07:45,89.34
23/12/2024 08:00,94.06
23/12/2024 08:15,90.63
23/12/2024 08:30,86.91
23/12/2024 08:45,82.37
23/12/2024 09:00,91.58
23/12/2024 09:15,79.85
23/12/2024 09:30,85.41
23/12/2024 09:45,80.84
23/12/2024 10:00,81.26
23/12/2024 10:15,68.08
23/12/2024 10:30,61.55
23/12/2024 10:45,68.71
23/12/2024 11:00,81.37
23/12/2024 11:15,72.43
23/12/2024 11:30,59.34
23/12/2024 11:45,21.86
23/12/2024 12:00,29.31
23/12/2024 12:15,12.36
23/12/2024 12:30,30.88
23/12/2024 12:45,31.93
23/12/2024 13:00,45.52
23/12/2024 13:15,54.92
23/12/2024 13:30,77.96
23/12/2024 13:45,84.7
23/12/2024 14:00,64.62
23/12/2024 14:15,67.84
23/12/2024 14:30,91.86
23/12/2024 14:45,116.15
23/12/2024 15:00,103.27
23/12/2024 15:15,122.61
23/12/2024 15:30,123.43
23/12/2024 15:45,129.08
23/12/2024 16:00,98.69
23/12/2024 16:15,99.48
23/12/2024 16:30,105.37
23/12/2024 16:45,115.09
23/12/2024 17:00,92.32
23/12/2024 17:15,85.22
23/12/2024 17:30,100.35
23/12/2024 17:45,95.45
23/12/2024 18:00,84.68
23/12/2024 18:15,82.9
23/12/2024 18:30,89.58
23/12/2024 18:45,106.52
23/12/2024 19:00,106.79
23/12/2024 19:15,95.76
23/12/2024 19:30,103.41
23/12/2024 19:45,110.96
23/12/2024 20:00,120.45
23/12/2024 20:15,109.99
23/12/2024 20:30,102.02
23/12/2024 20:45,99.53
23/12/2024 21:00,104.72
23/12/2024 21:15,112.9
23/12/2024 21:30,100.8
23/12/2024 21:45,99.62
23/12/2024 22:00,121.12
23/12/2024 22:15,115.47
23/12/2024 22:30,109.67
23/12/2024 22:45,94.22
23/12/2024 23:00,110.34
23/12/2024 23:15,105.27
23/12/2024 23:30,92.84
23/12/2024 23:45,77.02
24/12/2024 00:00,88.04
24/12/2024 00:15,88.58
24/12/2024 00:30,84.97
24/12/2024 00:45,88.71
24/12/2024 01:00,85.08
24/12/2024 01:15,88.33
24/12/2024 01:30,92.88
24/12/2024 01:45,100.27
24/12/2024 02:00,86.9
24/12/2024 02:15,86.47
24/12/2024 02:30,87.24
24/12/2024 02:45,95.67
24/12/2024 03:00,88.66
24/12/2024 03:15,90.35
24/12/2024 03:30,80.2
24/12/2024 03:45,85.02
24/12/2024 04:00,73.08
24/12/2024 04:15,82.2
24/12/2024 04:30,81.74
24/12/2024 04:45,83.43
24/12/2024 05:00,78.38
24/12/2024 05:15,87.69
24/12/2024 05:30,98.72
24/12/2024 05:45,96.12
24/12/2024 06:00,82.9
24/12/2024 06:15,92.45
24/12/2024 06:30,103.24
24/12/2024 06:45,129.72
24/12/2024 07:00,94.39
24/12/2024 07:15,108.47
24/12/2024 07:30,118.14
24/12/2024 07:45,114.97
24/12/2024 08:00,110.27
24/12/2024 08:15,106.17
24/12/2024 08:30,117.26
24/12/2024 08:45,123.29
24/12/2024 09:00,124.41
24/12/2024 09:15,118.3
24/12/2024 09:30,103.48
24/12/2024 09:45,107.17
24/12/2024 10:00,116.43
24/12/2024 10:15,106.07
24/12/2024 10:30,96.31
24/12/2024 10:45,89.03
24/12/2024 11:00,99.75
24/12/2024 11:15,107.67
24/12/2024 11:30,111.52
24/12/2024 11:45,107.53
24/12/2024 12:00,110.45
24/12/2024 12:15,99.59
24/12/2024 12:30,96.73
24/12/2024 12:45,84.19
24/12/2024 13:00,100.46
24/12/2024 13:15,86.63
24/12/2024 13:30,102.89
24/12/2024 13:45,106.77
24/12/2024 14:00,94.51
24/12/2024 14:15,93.39
24/12/2024 14:30,111.18
24/12/2024 14:45,124.4
24/12/2024 15:00,116.48
24/12/2024 15:15,121.6
24/12/2024 15:30,122.84
24/12/2024 15:45,124.52
24/12/2024 16:00,115.76
24/12/2024 16:15,124.08
24/12/2024 16:30,129.41
24/12/2024 16:45,129.56
24/12/2024 17:00,120.42
24/12/2024 17:15,118.37
24/12/2024 17:30,119.74
24/12/2024 17:45,118.35
24/12/2024 18:00,121.82
24/12/2024 18:15,123.18
24/12/2024 18:30,127.73
24/12/2024 18:45,124.13
24/12/2024 19:00,120.85
24/12/2024 19:15,121.55
24/12/2024 19:30,114.01
24/12/2024 19:45,99.63
24/12/2024 20:00,116.71
24/12/2024 20:15,106.54
24/12/2024 20:30,90.12
24/12/2024 20:45,80.09
24/12/2024 21:00,95.41
24/12/2024 21:15,89.77
24/12/2024 21:30,81.82
24/12/2024 21:45,79.75
24/12/2024 22:00,101.19
24/12/2024 22:15,92.5
24/12/2024 22:30,106.26
24/12/2024 22:45,89.68
24/12/2024 23:00,91.14
24/12/2024 23:15,80.5
24/12/2024 23:30,85.24
24/12/2024 23:45,81.72
25/12/2024 00:00,90.57
25/12/2024 00:15,81.65
25/12/2024 00:30,82.11
25/12/2024 00:45,74.63
25/12/2024 01:00,81.55
25/12/2024 01:15,73.4
25/12/2024 01:30,74.99
25/12/2024 01:45,81.3
25/12/2024 02:00,89.54
25/12/2024 02:15,92.71
25/12/2024 02:30,79.45
25/12/2024 02:45,83
25/12/2024 03:00,79.81
25/12/2024 03:15,83.01
25/12/2024 03:30,73.22
25/12/2024 03:45,78.34
25/12/2024 04:00,74.36
25/12/2024 04:15,80.22
25/12/2024 04:30,73.84
25/12/2024 04:45,61.29
25/12/2024 05:00,71.92
25/12/2024 05:15,74.41
25/12/2024 05:30,78.52
25/12/2024 05:45,82.94
25/12/2024 06:00,71.72
25/12/2024 06:15,74.73
25/12/2024 06:30,74.64
25/12/2024 06:45,79.15
25/12/2024 07:00,64.87
25/12/2024 07:15,83.54
25/12/2024 07:30,88.4
25/12/2024 07:45,91.47
25/12/2024 08:00,71.93
25/12/2024 08:15,84.57
25/12/2024 08:30,96.32
25/12/2024 08:45,99.07
25/12/2024 09:00,89.35
25/12/2024 09:15,89.16
25/12/2024 09:30,74.36
25/12/2024 09:45,71.48
25/12/2024 10:00,81.88
25/12/2024 10:15,82.58
25/12/2024 10:30,74.86
25/12/2024 10:45,100.69
25/12/2024 11:00,91.71
25/12/2024 11:15,104.51
25/12/2024 11:30,100.65
25/12/2024 11:45,90.87
25/12/2024 12:00,94.94
25/12/2024 12:15,97.07
25/12/2024 12:30,87.6
25/12/2024 12:45,84.46
25/12/2024 13:00,79.4
25/12/2024 13:15,76.47
25/12/2024 13:30,77.17
25/12/2024 13:45,89.24
25/12/2024 14:00,78.94
25/12/2024 14:15,85.97
25/12/2024 14:30,81.59
25/12/2024 14:45,86.39
25/12/2024 15:00,81.95
25/12/2024 15:15,91.07
25/12/2024 15:30,127.47
25/12/2024 15:45,126.8
25/12/2024 16:00,96.59
25/12/2024 16:15,100.3
25/12/2024 16:30,106.61
25/12/2024 16:45,113.69
25/12/2024 17:00,120.85
25/12/2024 17:15,114.09
25/12/2024 17:30,111.87
25/12/2024 17:45,118.71
25/12/2024 18:00,124.55
25/12/2024 18:15,125.49
25/12/2024 18:30,123.86
25/12/2024 18:45,122.78
25/12/2024 19:00,117.73
25/12/2024 19:15,104.87
25/12/2024 19:30,104.52
25/12/2024 19:45,102.27
25/12/2024 20:00,111.65
25/12/2024 20:15,104.94
25/12/2024 20:30,95.45
25/12/2024 20:45,91.79
25/12/2024 21:00,120.48
25/12/2024 21:15,108.95
25/12/2024 21:30,93.68
25/12/2024 21:45,86.73
25/12/2024 22:00,125.29
25/12/2024 22:15,103.02
25/12/2024 22:30,132.68
25/12/2024 22:45,98.56
25/12/2024 23:00,135.27
25/12/2024 23:15,102.08
25/12/2024 23:30,110.68
25/12/2024 23:45,102.9
26/12/2024 00:00,140.49
26/12/2024 00:15,126.88
26/12/2024 00:30,94.98
26/12/2024 00:45,90.41
26/12/2024 01:00,99.08
26/12/2024 01:15,95.37
26/12/2024 01:30,87.86
26/12/2024 01:45,95.75
26/12/2024 02:00,98.58
26/12/2024 02:15,87.77
26/12/2024 02:30,81.1
26/12/2024 02:45,83.63
26/12/2024 03:00,90.65
26/12/2024 03:15,86.97
26/12/2024 03:30,80.39
26/12/2024 03:45,85.44
26/12/2024 04:00,86.78
26/12/2024 04:15,85.94
26/12/2024 04:30,82.59
26/12/2024 04:45,86.07
26/12/2024 05:00,85.69
26/12/2024 05:15,90.38
26/12/2024 05:30,90.99
26/12/2024 05:45,100.32
26/12/2024 06:00,87.38
26/12/2024 06:15,89.65
26/12/2024 06:30,98.35
26/12/2024 06:45,108.2
26/12/2024 07:00,87.26
26/12/2024 07:15,100.03
26/12/2024 07:30,109.21
26/12/2024 07:45,120.27
26/12/2024 08:00,94.09
26/12/2024 08:15,99.74
26/12/2024 08:30,122.86
26/12/2024 08:45,117.67
26/12/2024 09:00,125.33
26/12/2024 09:15,118.38
26/12/2024 09:30,110.86
26/12/2024 09:45,105.33
26/12/2024 10:00,145.54
26/12/2024 10:15,120.94
26/12/2024 10:30,108.82
26/12/2024 10:45,93.54
26/12/2024 11:00,102.39
26/12/2024 11:15,109.59
26/12/2024 11:30,114.31
26/12/2024 11:45,100.29
26/12/2024 12:00,102.21
26/12/2024 12:15,99.37
26/12/2024 12:30,102.9
26/12/2024 12:45,103.77
26/12/2024 13:00,96.61
26/12/2024 13:15,102.5
26/12/2024 13:30,98.63
26/12/2024 13:45,102.43
26/12/2024 14:00,92.47
26/12/2024 14:15,103.95
26/12/2024 14:30,112.58
26/12/2024 14:45,122.92
26/12/2024 15:00,95.73
26/12/2024 15:15,101.77
26/12/2024 15:30,137.11
26/12/2024 15:45,142.62
26/12/2024 16:00,137.25
26/12/2024 16:15,141.39
26/12/2024 16:30,144.48
26/12/2024 16:45,143.73
26/12/2024 17:00,152.29
26/12/2024 17:15,143.77
26/12/2024 17:30,144.63
26/12/2024 17:45,138.94
26/12/2024 18:00,133.93
26/12/2024 18:15,135.65
26/12/2024 18:30,142.94
26/12/2024 18:45,144.27
26/12/2024 19:00,150.56
26/12/2024 19:15,146.75
26/12/2024 19:30,133.92
26/12/2024 19:45,144.27
26/12/2024 20:00,149.57
26/12/2024 20:15,149.1
26/12/2024 20:30,144.11
26/12/2024 20:45,137.74
26/12/2024 21:00,139.47
26/12/2024 21:15,123.29
26/12/2024 21:30,118.19
26/12/2024 21:45,102.82
26/12/2024 22:00,142.74
26/12/2024 22:15,129.22
26/12/2024 22:30,146.76
26/12/2024 22:45,106.01
26/12/2024 23:00,146.88
26/12/2024 23:15,123.88
26/12/2024 23:30,119.76
26/12/2024 23:45,106.01
27/12/2024 00:00,125.41
27/12/2024 00:15,116.19
27/12/2024 00:30,104.5
27/12/2024 00:45,91.42
27/12/2024 01:00,118.3
27/12/2024 01:15,103.8
27/12/2024 01:30,105.13
27/12/2024 01:45,99.05
27/12/2024 02:00,111.23
27/12/2024 02:15,102.06
27/12/2024 02:30,104.86
27/12/2024 02:45,106.99
27/12/2024 03:00,103.68
27/12/2024 03:15,104.09
27/12/2024 03:30,101.46
27/12/2024 03:45,104.39
27/12/2024 04:00,77.85
27/12/2024 04:15,85.4
27/12/2024 04:30,100.8
27/12/2024 04:45,99.35
27/12/2024 05:00,103.72
27/12/2024 05:15,110.83
27/12/2024 05:30,117.71
27/12/2024 05:45,134.57
27/12/2024 06:00,102.04
27/12/2024 06:15,116.77
27/12/2024 06:30,120.93
27/12/2024 06:45,137.47
27/12/2024 07:00,91.55
27/12/2024 07:15,109.62
27/12/2024 07:30,117.79
27/12/2024 07:45,119.7
27/12/2024 08:00,117.03
27/12/2024 08:15,135.56
27/12/2024 08:30,135.66
27/12/2024 08:45,137.75
27/12/2024 09:00,141.26
27/12/2024 09:15,137.8
27/12/2024 09:30,135.82
27/12/2024 09:45,127.09
27/12/2024 10:00,139.66
27/12/2024 10:15,116.34
27/12/2024 10:30,120.24
27/12/2024 10:45,103.38
27/12/2024 11:00,121.81
27/12/2024 11:15,108.18
27/12/2024 11:30,108.49
27/12/2024 11:45,102.84
27/12/2024 12:00,130.15
27/12/2024 12:15,121.72
27/12/2024 12:30,131.93
27/12/2024 12:45,138.49
27/12/2024 13:00,117.47
27/12/2024 13:15,142.02
27/12/2024 13:30,132.47
27/12/2024 13:45,138.34
27/12/2024 14:00,102.08
27/12/2024 14:15,122.19
27/12/2024 14:30,143.07
27/12/2024 14:45,146.44
27/12/2024 15:00,125.33
27/12/2024 15:15,146.78
27/12/2024 15:30,151.75
27/12/2024 15:45,149.65
27/12/2024 16:00,150.83
27/12/2024 16:15,157.57
27/12/2024 16:30,159.27
27/12/2024 16:45,161.08
27/12/2024 17:00,150.29
27/12/2024 17:15,154.74
27/12/2024 17:30,152.58
27/12/2024 17:45,154.94
27/12/2024 18:00,302.89
27/12/2024 18:15,185.65
27/12/2024 18:30,193.19
27/12/2024 18:45,184.07
27/12/2024 19:00,187.07
27/12/2024 19:15,154.02
27/12/2024 19:30,147.38
27/12/2024 19:45,145.12
27/12/2024 20:00,164.17
27/12/2024 20:15,152.53
27/12/2024 20:30,140.54
27/12/2024 20:45,144.75
27/12/2024 21:00,154.9
27/12/2024 21:15,145.94
27/12/2024 21:30,163.56
27/12/2024 21:45,145.22
27/12/2024 22:00,160.92
27/12/2024 22:15,147.21
27/12/2024 22:30,129.78
27/12/2024 22:45,114.3
27/12/2024 23:00,137.68
27/12/2024 23:15,137.56
27/12/2024 23:30,129.1
27/12/2024 23:45,116.21
28/12/2024 00:00,142.19
28/12/2024 00:15,133.04
28/12/2024 00:30,116.84
28/12/2024 00:45,111.95
28/12/2024 01:00,144.84
28/12/2024 01:15,128.24
28/12/2024 01:30,113.11
28/12/2024 01:45,109.81
28/12/2024 02:00,116.92
28/12/2024 02:15,114.44
28/12/2024 02:30,105.59
28/12/2024 02:45,109.29
28/12/2024 03:00,115.94
28/12/2024 03:15,110
28/12/2024 03:30,109.53
28/12/2024 03:45,112.67
28/12/2024 04:00,113.85
28/12/2024 04:15,109.88
28/12/2024 04:30,107.87
28/12/2024 04:45,107.25
28/12/2024 05:00,110.67
28/12/2024 05:15,110.68
28/12/2024 05:30,114.93
28/12/2024 05:45,126.57
28/12/2024 06:00,111.28
28/12/2024 06:15,122.13
28/12/2024 06:30,126.13
28/12/2024 06:45,130.84
28/12/2024 07:00,129.4
28/12/2024 07:15,155.1
28/12/2024 07:30,149.09
28/12/2024 07:45,157.36
28/12/2024 08:00,145.23
28/12/2024 08:15,157.53
28/12/2024 08:30,150.2
28/12/2024 08:45,148.98
28/12/2024 09:00,153.02
28/12/2024 09:15,137.67
28/12/2024 09:30,134.2
28/12/2024 09:45,108.21
28/12/2024 10:00,140.98
28/12/2024 10:15,123.35
28/12/2024 10:30,108.58
28/12/2024 10:45,100.62
28/12/2024 11:00,128.42
28/12/2024 11:15,104.77
28/12/2024 11:30,100.23
28/12/2024 11:45,86.31
28/12/2024 12:00,111.75
28/12/2024 12:15,103.17
28/12/2024 12:30,104.13
28/12/2024 12:45,98.99
28/12/2024 13:00,100.38
28/12/2024 13:15,100.89
28/12/2024 13:30,103.93
28/12/2024 13:45,119.75
28/12/2024 14:00,93.36
28/12/2024 14:15,104.42
28/12/2024 14:30,111.87
28/12/2024 14:45,145.04
28/12/2024 15:00,108.63
28/12/2024 15:15,119.69
28/12/2024 15:30,133.62
28/12/2024 15:45,151.45
28/12/2024 16:00,145.27
28/12/2024 16:15,140.49
28/12/2024 16:30,146.57
28/12/2024 16:45,169.15
28/12/2024 17:00,143.34
28/12/2024 17:15,136.66
28/12/2024 17:30,140.11
28/12/2024 17:45,150.41
28/12/2024 18:00,189.91
28/12/2024 18:15,159.03
28/12/2024 18:30,153.16
28/12/2024 18:45,133.75
28/12/2024 19:00,148.85
28/12/2024 19:15,148.54
28/12/2024 19:30,145.08
28/12/2024 19:45,149.78
28/12/2024 20:00,155.24
28/12/2024 20:15,146.45
28/12/2024 20:30,138.54
28/12/2024 20:45,107.44
28/12/2024 21:00,149.2
28/12/2024 21:15,148.55
28/12/2024 21:30,139.69
28/12/2024 21:45,113.89
28/12/2024 22:00,149.39
28/12/2024 22:15,146.04
28/12/2024 22:30,134.57
28/12/2024 22:45,129.39
28/12/2024 23:00,153.24
28/12/2024 23:15,132.74
28/12/2024 23:30,105.17
28/12/2024 23:45,109.74
29/12/2024 00:00,138.94
29/12/2024 00:15,130.55
29/12/2024 00:30,119.58
29/12/2024 00:45,117.82
29/12/2024 01:00,122.12
29/12/2024 01:15,102.66
29/12/2024 01:30,96.56
29/12/2024 01:45,90.85
29/12/2024 02:00,107.57
29/12/2024 02:15,95.08
29/12/2024 02:30,88.77
29/12/2024 02:45,86.33
29/12/2024 03:00,101.08
29/12/2024 03:15,108.21
29/12/2024 03:30,103.95
29/12/2024 03:45,101.44
29/12/2024 04:00,95.72
29/12/2024 04:15,103.98
29/12/2024 04:30,112.05
29/12/2024 04:45,104.11
29/12/2024 05:00,90.47
29/12/2024 05:15,92.45
29/12/2024 05:30,94.14
29/12/2024 05:45,97.55
29/12/2024 06:00,110.23
29/12/2024 06:15,115.58
29/12/2024 06:30,117.2
29/12/2024 06:45,118.52
29/12/2024 07:00,99.65
29/12/2024 07:15,123.48
29/12/2024 07:30,135.4
29/12/2024 07:45,148.9
29/12/2024 08:00,131.84
29/12/2024 08:15,155.97
29/12/2024 08:30,152.29
29/12/2024 08:45,146.77
29/12/2024 09:00,134.56
29/12/2024 09:15,112.68
29/12/2024 09:30,106.69
29/12/2024 09:45,106.68
29/12/2024 10:00,130.15
29/12/2024 10:15,113.86
29/12/2024 10:30,97.83
29/12/2024 10:45,111.37
29/12/2024 11:00,124.72
29/12/2024 11:15,112.52
29/12/2024 11:30,102.3
29/12/2024 11:45,91.64
29/12/2024 12:00,102.77
29/12/2024 12:15,108.42
29/12/2024 12:30,116.12
29/12/2024 12:45,126.53
29/12/2024 13:00,140.62
29/12/2024 13:15,125.82
29/12/2024 13:30,116.54
29/12/2024 13:45,122.86
29/12/2024 14:00,124.86
29/12/2024 14:15,130.19
29/12/2024 14:30,134.85
29/12/2024 14:45,131.62
29/12/2024 15:00,118.66
29/12/2024 15:15,122.95
29/12/2024 15:30,109.9
29/12/2024 15:45,136.13
29/12/2024 16:00,132.56
29/12/2024 16:15,147.22
29/12/2024 16:30,141.31
29/12/2024 16:45,150.26
29/12/2024 17:00,155.36
29/12/2024 17:15,152.05
29/12/2024 17:30,164.4
29/12/2024 17:45,152.58
29/12/2024 18:00,168.58
29/12/2024 18:15,150.06
29/12/2024 18:30,141.61
29/12/2024 18:45,168.96
29/12/2024 19:00,182.12
29/12/2024 19:15,175.17
29/12/2024 19:30,152.18
29/12/2024 19:45,137.77
29/12/2024 20:00,146.5
29/12/2024 20:15,151.86
29/12/2024 20:30,154.13
29/12/2024 20:45,141.48
29/12/2024 21:00,205.57
29/12/2024 21:15,155.5
29/12/2024 21:30,148.53
29/12/2024 21:45,132.37
29/12/2024 22:00,161.28
29/12/2024 22:15,153.02
29/12/2024 22:30,126.48
29/12/2024 22:45,101.46
29/12/2024 23:00,128.03
29/12/2024 23:15,123.33
29/12/2024 23:30,115.72
29/12/2024 23:45,91.91
30/12/2024 00:00,103.59
30/12/2024 00:15,86.25
30/12/2024 00:30,79.05
30/12/2024 00:45,73.34
30/12/2024 01:00,77.73
30/12/2024 01:15,66.52
30/12/2024 01:30,76.5
30/12/2024 01:45,79.17
30/12/2024 02:00,81.04
30/12/2024 02:15,96.1
30/12/2024 02:30,94.65
30/12/2024 02:45,87.88
30/12/2024 03:00,82.44
30/12/2024 03:15,77.98
30/12/2024 03:30,77.23
30/12/2024 03:45,80.66
30/12/2024 04:00,78.95
30/12/2024 04:15,78.32
30/12/2024 04:30,80.38
30/12/2024 04:45,82.54
30/12/2024 05:00,80.51
30/12/2024 05:15,77.72
30/12/2024 05:30,87.62
30/12/2024 05:45,91.69
30/12/2024 06:00,88.97
30/12/2024 06:15,121.21
30/12/2024 06:30,129.24
30/12/2024 06:45,129.38
30/12/2024 07:00,104.39
30/12/2024 07:15,117.38
30/12/2024 07:30,132.7
30/12/2024 07:45,127.09
30/12/2024 08:00,109.04
30/12/2024 08:15,111.49
30/12/2024 08:30,123.44
30/12/2024 08:45,123.53
30/12/2024 09:00,122.67
30/12/2024 09:15,121.85
30/12/2024 09:30,124.47
30/12/2024 09:45,104.09
30/12/2024 10:00,125.36
30/12/2024 10:15,131.3
30/12/2024 10:30,111.35
30/12/2024 10:45,95.72
30/12/2024 11:00,126.16
30/12/2024 11:15,128.76
30/12/2024 11:30,128.78
30/12/2024 11:45,115.17
30/12/2024 12:00,133.91
30/12/2024 12:15,136.6
30/12/2024 12:30,133.54
30/12/2024 12:45,115.96
30/12/2024 13:00,136.7
30/12/2024 13:15,125.08
30/12/2024 13:30,107.82
30/12/2024 13:45,113.1
30/12/2024 14:00,115.94
30/12/2024 14:15,139.65
30/12/2024 14:30,138.91
30/12/2024 14:45,142.02
30/12/2024 15:00,141.24
30/12/2024 15:15,153.66
30/12/2024 15:30,166.19
30/12/2024 15:45,177.58
30/12/2024 16:00,149.89
30/12/2024 16:15,161.7
30/12/2024 16:30,165.88
30/12/2024 16:45,166.38
30/12/2024 17:00,159.62
30/12/2024 17:15,162.29
30/12/2024 17:30,162.02
30/12/2024 17:45,173.29
30/12/2024 18:00,197.87
30/12/2024 18:15,179.94
30/12/2024 18:30,168.44
30/12/2024 18:45,154.02
30/12/2024 19:00,181.23
30/12/2024 19:15,177.51
30/12/2024 19:30,159.59
30/12/2024 19:45,122.66
30/12/2024 20:00,154.78
30/12/2024 20:15,112.65
30/12/2024 20:30,97.92
30/12/2024 20:45,95.48
30/12/2024 21:00,149.74
30/12/2024 21:15,138.68
30/12/2024 21:30,138.17
30/12/2024 21:45,133.55
30/12/2024 22:00,181.97
30/12/2024 22:15,160.46
30/12/2024 22:30,151.2
30/12/2024 22:45,141.7
30/12/2024 23:00,177.33
30/12/2024 23:15,185.91
30/12/2024 23:30,169.14
30/12/2024 23:45,146.54
31/12/2024 00:00,168.75
31/12/2024 00:15,162.7
31/12/2024 00:30,174.98
31/12/2024 00:45,144.58
31/12/2024 01:00,179.15
31/12/2024 01:15,152.48
31/12/2024 01:30,100.49
31/12/2024 01:45,89.89
31/12/2024 02:00,98.23
31/12/2024 02:15,91.22
31/12/2024 02:30,92.83
31/12/2024 02:45,93.17
31/12/2024 03:00,96.53
31/12/2024 03:15,84.25
31/12/2024 03:30,74.11
31/12/2024 03:45,80.64
31/12/2024 04:00,82.13
31/12/2024 04:15,65.73
31/12/2024 04:30,68.7
31/12/2024 04:45,70.38
31/12/2024 05:00,70.8
31/12/2024 05:15,69.02
31/12/2024 05:30,84.92
31/12/2024 05:45,97.73
31/12/2024 06:00,77.45
31/12/2024 06:15,94.28
31/12/2024 06:30,90.87
31/12/2024 06:45,107.7
31/12/2024 07:00,90.1
31/12/2024 07:15,108.15
31/12/2024 07:30,114.24
31/12/2024 07:45,121.49
31/12/2024 08:00,105.83
31/12/2024 08:15,134.7
31/12/2024 08:30,137.62
31/12/2024 08:45,141.37
31/12/2024 09:00,142.79
31/12/2024 09:15,144.24
31/12/2024 09:30,136.45
31/12/2024 09:45,123.28
31/12/2024 10:00,123.77
31/12/2024 10:15,112.71
31/12/2024 10:30,95.05
31/12/2024 10:45,81.46
31/12/2024 11:00,118.09
31/12/2024 11:15,112.83
31/12/2024 11:30,98.34
31/12/2024 11:45,83.33
31/12/2024 12:00,108.08
31/12/2024 12:15,99.33
31/12/2024 12:30,88.76
31/12/2024 12:45,81.05
31/12/2024 13:00,96.82
31/12/2024 13:15,92.74
31/12/2024 13:30,110.81
31/12/2024 13:45,124.75
31/12/2024 14:00,110.57
31/12/2024 14:15,120.78
31/12/2024 14:30,126.1
31/12/2024 14:45,133.27
31/12/2024 15:00,113.39
31/12/2024 15:15,129.11
31/12/2024 15:30,131.71
31/12/2024 15:45,151.72
31/12/2024 16:00,141.79
31/12/2024 16:15,140.53
31/12/2024 16:30,124.81
31/12/2024 16:45,127.91
31/12/2024 17:00,149.4
31/12/2024 17:15,166.59
31/12/2024 17:30,218.5
31/12/2024 17:45,271.93
31/12/2024 18:00,290.61
31/12/2024 18:15,307.39
31/12/2024 18:30,278.61
31/12/2024 18:45,410.43
31/12/2024 19:00,895.36
31/12/2024 19:15,223.84
31/12/2024 19:30,95.7
31/12/2024 19:45,58.37
31/12/2024 20:00,165.77
31/12/2024 20:15,59.22
31/12/2024 20:30,60.09
31/12/2024 20:45,20.72
31/12/2024 21:00,73.23
31/12/2024 21:15,63.58
31/12/2024 21:30,58.38
31/12/2024 21:45,58.04
31/12/2024 22:00,121.74
31/12/2024 22:15,92.11
31/12/2024 22:30,92.63
31/12/2024 22:45,57.85
31/12/2024 23:00,116.62
31/12/2024 23:15,97.32
31/12/2024 23:30,57.27
31/12/2024 23:45,16.72
